trade_id,symbol,strategy,side,anchor,horizon_seconds,status,entry_reference,quantity,at_mono,actual_net_usd,actual_mfe_bps,after_actual_close,source_session,source_inputs,signal_line,open_line,close_line,exit_raw_vwap,exit_fill,move_bps,quote_gross_usd,exit_slippage_usd,fees_usd,net_usd,book_input_line,depth_input_line,book_age_seconds
T01,DOGEUSDT,level_breakout,short,signal,5,ok,0.097070292,7932.0,533596.1331720352,-1.7153941892633708,1.0602625981602034,False,data/paper-captures/24h-20260926-151653-835-9dde484e/session-20260926T121926Z.jsonl,data/paper-captures/24h-20260926-151653-835-9dde484e/session-20260926T121926Z.inputs.jsonl.gz,83566,83568,106911,0.09711,0.097119711,-4.09064392224136,-0.3149638559999953,0.07702765199996497,0.8471733070878,-1.2391648150877603,6373883,6373051,0.1679408352356404
T01,DOGEUSDT,level_breakout,short,signal,15,ok,0.097070292,7932.0,533606.1331720352,-1.7153941892633708,1.0602625981602034,False,data/paper-captures/24h-20260926-151653-835-9dde484e/session-20260926T121926Z.jsonl,data/paper-captures/24h-20260926-151653-835-9dde484e/session-20260926T121926Z.inputs.jsonl.gz,83566,83568,106911,0.0971,0.09710971,-3.060462618161619,-0.23564385600002608,0.07701971999996915,0.8471296767252001,-1.1597932527251953,6427285,6426348,0.16735183517448604
T01,DOGEUSDT,level_breakout,short,signal,30,ok,0.097070292,7932.0,533621.1331720352,-1.7153941892633708,1.0602625981602034,False,data/paper-captures/24h-20260926-151653-835-9dde484e/session-20260926T121926Z.jsonl,data/paper-captures/24h-20260926-151653-835-9dde484e/session-20260926T121926Z.inputs.jsonl.gz,83566,83568,106911,0.09713,0.09713971299999999,-6.151006530400842,-0.4736038559999338,0.07704351599995662,0.8472605678130001,-1.3979079398128906,6504679,6503914,0.16399633523542434
T01,DOGEUSDT,level_breakout,short,signal,60,ok,0.097070292,7932.0,533651.1331720352,-1.7153941892633708,1.0602625981602034,False,data/paper-captures/24h-20260926-151653-835-9dde484e/session-20260926T121926Z.jsonl,data/paper-captures/24h-20260926-151653-835-9dde484e/session-20260926T121926Z.inputs.jsonl.gz,83566,83568,106911,0.09709,0.09709970899999999,-2.0302813140804488,-0.15632385599994675,0.07701178799997332,0.8470860463626,-1.0804216903625201,6673825,6671349,0.16901663516182452
T01,DOGEUSDT,level_breakout,short,signal,120,ok,0.097070292,7932.0,533711.1331720352,-1.7153941892633708,1.0602625981602034,False,data/paper-captures/24h-20260926-151653-835-9dde484e/session-20260926T121926Z.jsonl,data/paper-captures/24h-20260926-151653-835-9dde484e/session-20260926T121926Z.inputs.jsonl.gz,83566,83568,106911,0.09708,0.097089708,-1.0001000100007078,-0.0770038559999775,0.0770038559999775,0.8470424160000001,-1.001050127999955,7055199,7055199,0.16821033519227058
T01,DOGEUSDT,level_breakout,short,fill,5,ok,0.097070292,7932.0,533596.1482287,-1.7153941892633708,1.0602625981602034,False,data/paper-captures/24h-20260926-151653-835-9dde484e/session-20260926T121926Z.jsonl,data/paper-captures/24h-20260926-151653-835-9dde484e/session-20260926T121926Z.inputs.jsonl.gz,83566,83568,106911,0.09711,0.097119711,-4.09064392224136,-0.3149638559999953,0.07702765199996497,0.8471733070878,-1.2391648150877603,6373883,6373051,0.18299750005826354
T01,DOGEUSDT,level_breakout,short,fill,15,ok,0.097070292,7932.0,533606.1482287,-1.7153941892633708,1.0602625981602034,False,data/paper-captures/24h-20260926-151653-835-9dde484e/session-20260926T121926Z.jsonl,data/paper-captures/24h-20260926-151653-835-9dde484e/session-20260926T121926Z.inputs.jsonl.gz,83566,83568,106911,0.0971,0.09710971,-3.060462618161619,-0.23564385600002608,0.07701971999996915,0.8471296767252001,-1.1597932527251953,6427285,6426348,0.18240849999710917
T01,DOGEUSDT,level_breakout,short,fill,30,ok,0.097070292,7932.0,533621.1482287,-1.7153941892633708,1.0602625981602034,False,data/paper-captures/24h-20260926-151653-835-9dde484e/session-20260926T121926Z.jsonl,data/paper-captures/24h-20260926-151653-835-9dde484e/session-20260926T121926Z.inputs.jsonl.gz,83566,83568,106911,0.09713,0.09713971299999999,-6.151006530400842,-0.4736038559999338,0.07704351599995662,0.8472605678130001,-1.3979079398128906,6504679,6503914,0.17905300005804747
T01,DOGEUSDT,level_breakout,short,fill,60,ok,0.097070292,7932.0,533651.1482287,-1.7153941892633708,1.0602625981602034,False,data/paper-captures/24h-20260926-151653-835-9dde484e/session-20260926T121926Z.jsonl,data/paper-captures/24h-20260926-151653-835-9dde484e/session-20260926T121926Z.inputs.jsonl.gz,83566,83568,106911,0.09709,0.09709970899999999,-2.0302813140804488,-0.15632385599994675,0.07701178799997332,0.8470860463626,-1.0804216903625201,6673931,6671349,0.18407329998444766
T01,DOGEUSDT,level_breakout,short,fill,120,ok,0.097070292,7932.0,533711.1482287,-1.7153941892633708,1.0602625981602034,False,data/paper-captures/24h-20260926-151653-835-9dde484e/session-20260926T121926Z.jsonl,data/paper-captures/24h-20260926-151653-835-9dde484e/session-20260926T121926Z.inputs.jsonl.gz,83566,83568,106911,0.09708,0.097089708,-1.0001000100007078,-0.0770038559999775,0.0770038559999775,0.8470424160000001,-1.001050127999955,7055199,7055199,0.1832670000148937
T01,DOGEUSDT,level_breakout,short,after_close,5,ok,0.097070292,7932.0,533920.0543892,-1.7153941892633708,1.0602625981602034,True,data/paper-captures/24h-20260926-151653-835-9dde484e/session-20260926T121926Z.jsonl,data/paper-captures/24h-20260926-151653-835-9dde484e/session-20260926T121926Z.inputs.jsonl.gz,83566,83568,106911,0.09716,0.09716971599999999,-9.241550442641493,-0.7115638559999516,0.0770673119999441,0.8473914589008,-1.6360226269006959,8209446,8209008,0.09271170001011342
T01,DOGEUSDT,level_breakout,short,after_close,15,ok,0.097070292,7932.0,533930.0543892,-1.7153941892633708,1.0602625981602034,True,data/paper-captures/24h-20260926-151653-835-9dde484e/session-20260926T121926Z.jsonl,data/paper-captures/24h-20260926-151653-835-9dde484e/session-20260926T121926Z.inputs.jsonl.gz,83566,83568,106911,0.09716,0.09716971599999999,-9.241550442641493,-0.7115638559999516,0.0770673119999441,0.8473914589008,-1.6360226269006959,8262941,8262935,0.09270690008997917
T01,DOGEUSDT,level_breakout,short,after_close,30,ok,0.097070292,7932.0,533945.0543892,-1.7153941892633708,1.0602625981602034,True,data/paper-captures/24h-20260926-151653-835-9dde484e/session-20260926T121926Z.jsonl,data/paper-captures/24h-20260926-151653-835-9dde484e/session-20260926T121926Z.inputs.jsonl.gz,83566,83568,106911,0.09717283661119516,0.09718255389485628,-10.563954128742086,-0.8133838560000092,0.07707749399996255,0.8474474655009,-1.7379088155008717,8338626,8338419,0.09161160001531243
T01,DOGEUSDT,level_breakout,short,after_close,60,ok,0.097070292,7932.0,533975.0543892,-1.7153941892633708,1.0602625981602034,True,data/paper-captures/24h-20260926-151653-835-9dde484e/session-20260926T121926Z.jsonl,data/paper-captures/24h-20260926-151653-835-9dde484e/session-20260926T121926Z.inputs.jsonl.gz,83566,83568,106911,0.0972,0.09720972,-13.362275658961886,-1.0288438559999387,0.07709904000003748,0.8475659803512001,-1.9535088763511763,8506351,8506275,0.09164920006878674
T01,DOGEUSDT,level_breakout,short,after_close,120,ok,0.097070292,7932.0,534035.0543892,-1.7153941892633708,1.0602625981602034,True,data/paper-captures/24h-20260926-151653-835-9dde484e/session-20260926T121926Z.jsonl,data/paper-captures/24h-20260926-151653-835-9dde484e/session-20260926T121926Z.inputs.jsonl.gz,83566,83568,106911,0.09725,0.097259725,-18.51318217936345,-1.4254438560000051,0.0771387000000166,0.8477841321642001,-2.350366688164222,8816287,8815955,0.09185990004334599
T02,SUIUSDT,weak_level_rejection,long,signal,5,ok,1.166558689659091,3520.0,535550.6318192482,-8.299712363019944,0.3541214109100948,False,data/paper-captures/24h-20260926-151653-835-9dde484e/session-20260926T121926Z.jsonl,data/paper-captures/24h-20260926-151653-835-9dde484e/session-20260926T121926Z.inputs.jsonl.gz,214171,214173,215032,1.1666000000000003,1.1664833400000003,0.35412141091199817,0.14541240000099265,0.4106431999999671,4.51676936942,-4.782000169418975,16269320,16269320,0.0033526482293382287
T02,SUIUSDT,weak_level_rejection,long,signal,15,ok,1.166558689659091,3520.0,535560.6318192482,-8.299712363019944,0.3541214109100948,True,data/paper-captures/24h-20260926-151653-835-9dde484e/session-20260926T121926Z.jsonl,data/paper-captures/24h-20260926-151653-835-9dde484e/session-20260926T121926Z.inputs.jsonl.gz,214171,214173,215032,1.1657369318181818,1.165620358125,-7.0442905975801775,-2.8925876000000272,0.4103394000001259,4.51509863651,-7.8180256365101535,16325634,16325621,0.002762948162853718
T02,SUIUSDT,weak_level_rejection,long,signal,30,ok,1.166558689659091,3520.0,535575.6318192482,-8.299712363019944,0.3541214109100948,True,data/paper-captures/24h-20260926-151653-835-9dde484e/session-20260926T121926Z.jsonl,data/paper-captures/24h-20260926-151653-835-9dde484e/session-20260926T121926Z.inputs.jsonl.gz,214171,214173,215032,1.1652536931818183,1.1651371678125,-11.18671944104273,-4.593587599999793,0.4101693000003337,4.514163180065,-9.517920080065128,16415113,16415113,0.003305448219180107
T02,SUIUSDT,weak_level_rejection,long,signal,60,ok,1.166558689659091,3520.0,535605.6318192482,-8.299712363019944,0.3541214109100948,True,data/paper-captures/24h-20260926-151653-835-9dde484e/session-20260926T121926Z.jsonl,data/paper-captures/24h-20260926-151653-835-9dde484e/session-20260926T121926Z.inputs.jsonl.gz,214171,214173,215032,1.1654,1.16528346,-9.932544923475291,-4.078587600000105,0.41022080000018946,4.514446401740001,-9.003254801740296,16583552,16583539,0.0014270482352003455
T02,SUIUSDT,weak_level_rejection,long,signal,120,ok,1.166558689659091,3520.0,535665.6318192482,-8.299712363019944,0.3541214109100948,True,data/paper-captures/24h-20260926-151653-835-9dde484e/session-20260926T121926Z.jsonl,data/paper-captures/24h-20260926-151653-835-9dde484e/session-20260926T121926Z.inputs.jsonl.gz,214171,214173,215032,1.1666000000000003,1.1664833400000003,0.35412141091199817,0.14541240000099265,0.4106431999999671,4.51676936942,-4.782000169418975,16879407,16879407,0.0037832482485100627
T02,SUIUSDT,weak_level_rejection,long,fill,5,ok,1.166558689659091,3520.0,535550.6455969,-8.299712363019944,0.3541214109100948,False,data/paper-captures/24h-20260926-151653-835-9dde484e/session-20260926T121926Z.jsonl,data/paper-captures/24h-20260926-151653-835-9dde484e/session-20260926T121926Z.inputs.jsonl.gz,214171,214173,215032,1.1666000000000003,1.1664833400000003,0.35412141091199817,0.14541240000099265,0.4106431999999671,4.51676936942,-4.782000169418975,16269320,16269320,0.01713030005339533
T02,SUIUSDT,weak_level_rejection,long,fill,15,ok,1.166558689659091,3520.0,535560.6455969,-8.299712363019944,0.3541214109100948,True,data/paper-captures/24h-20260926-151653-835-9dde484e/session-20260926T121926Z.jsonl,data/paper-captures/24h-20260926-151653-835-9dde484e/session-20260926T121926Z.inputs.jsonl.gz,214171,214173,215032,1.1657369318181818,1.165620358125,-7.0442905975801775,-2.8925876000000272,0.4103394000001259,4.51509863651,-7.8180256365101535,16325634,16325621,0.01654059998691082
T02,SUIUSDT,weak_level_rejection,long,fill,30,ok,1.166558689659091,3520.0,535575.6455969,-8.299712363019944,0.3541214109100948,True,data/paper-captures/24h-20260926-151653-835-9dde484e/session-20260926T121926Z.jsonl,data/paper-captures/24h-20260926-151653-835-9dde484e/session-20260926T121926Z.inputs.jsonl.gz,214171,214173,215032,1.1652536931818183,1.1651371678125,-11.18671944104273,-4.593587599999793,0.4101693000003337,4.514163180065,-9.517920080065128,16415113,16415113,0.01708310004323721
T02,SUIUSDT,weak_level_rejection,long,fill,60,ok,1.166558689659091,3520.0,535605.6455969,-8.299712363019944,0.3541214109100948,True,data/paper-captures/24h-20260926-151653-835-9dde484e/session-20260926T121926Z.jsonl,data/paper-captures/24h-20260926-151653-835-9dde484e/session-20260926T121926Z.inputs.jsonl.gz,214171,214173,215032,1.1654,1.16528346,-9.932544923475291,-4.078587600000105,0.41022080000018946,4.514446401740001,-9.003254801740296,16583552,16583539,0.015204700059257448
T02,SUIUSDT,weak_level_rejection,long,fill,120,ok,1.166558689659091,3520.0,535665.6455969,-8.299712363019944,0.3541214109100948,True,data/paper-captures/24h-20260926-151653-835-9dde484e/session-20260926T121926Z.jsonl,data/paper-captures/24h-20260926-151653-835-9dde484e/session-20260926T121926Z.inputs.jsonl.gz,214171,214173,215032,1.1666000000000003,1.1664833400000003,0.35412141091199817,0.14541240000099265,0.4106431999999671,4.51676936942,-4.782000169418975,16879407,16879407,0.017560900072567165
T02,SUIUSDT,weak_level_rejection,long,after_close,5,ok,1.166558689659091,3520.0,535563.2672255,-8.299712363019944,0.3541214109100948,True,data/paper-captures/24h-20260926-151653-835-9dde484e/session-20260926T121926Z.jsonl,data/paper-captures/24h-20260926-151653-835-9dde484e/session-20260926T121926Z.inputs.jsonl.gz,214171,214173,215032,1.1656,1.16548344,-8.218100534411377,-3.374587600000183,0.4102911999997616,4.51483356302,-8.299712363019944,16344270,16344264,0.03690720000304282
T02,SUIUSDT,weak_level_rejection,long,after_close,15,ok,1.166558689659091,3520.0,535573.2672255,-8.299712363019944,0.3541214109100948,True,data/paper-captures/24h-20260926-151653-835-9dde484e/session-20260926T121926Z.jsonl,data/paper-captures/24h-20260926-151653-835-9dde484e/session-20260926T121926Z.inputs.jsonl.gz,214171,214173,215032,1.1651857954545455,1.165069276875,-11.76875382880785,-4.832587599999982,0.41014540000027466,4.5140317432099994,-9.756764743210256,16402452,16402452,0.0318575999699533
T02,SUIUSDT,weak_level_rejection,long,after_close,30,ok,1.166558689659091,3520.0,535588.2672255,-8.299712363019944,0.3541214109100948,True,data/paper-captures/24h-20260926-151653-835-9dde484e/session-20260926T121926Z.jsonl,data/paper-captures/24h-20260926-151653-835-9dde484e/session-20260926T121926Z.inputs.jsonl.gz,214171,214173,215032,1.1656866477272727,1.1655700790625,-7.475336985171871,-3.0695876000001476,0.4103216999995851,4.515001296245,-7.994910596244733,16489546,16489533,0.038578799925744534
T02,SUIUSDT,weak_level_rejection,long,after_close,60,ok,1.166558689659091,3520.0,535618.2672255,-8.299712363019944,0.3541214109100948,True,data/paper-captures/24h-20260926-151653-835-9dde484e/session-20260926T121926Z.jsonl,data/paper-captures/24h-20260926-151653-835-9dde484e/session-20260926T121926Z.inputs.jsonl.gz,214171,214173,215032,1.1671,1.1669832900000001,4.640232383569879,1.9054124000000172,0.4108191999996791,4.51773727262,-3.0231440726196617,16654000,16653923,0.2394336999859661
T02,SUIUSDT,weak_level_rejection,long,after_close,120,ok,1.166558689659091,3520.0,535678.2672255,-8.299712363019944,0.3541214109100948,True,data/paper-captures/24h-20260926-151653-835-9dde484e/session-20260926T121926Z.jsonl,data/paper-captures/24h-20260926-151653-835-9dde484e/session-20260926T121926Z.inputs.jsonl.gz,214171,214173,215032,1.1662,1.16608338,-3.074767367219636,-1.2625876000004155,0.41050240000004123,4.51599504686,-6.189085046860456,16951122,16951122,0.2395483999280259
T03,NEARUSDT,level_breakout,short,signal,5,ok,4.7925207,207.8,536422.1810219288,0.8355616037618623,28.212084717756024,False,data/paper-captures/24h-20260926-151653-835-9dde484e/session-20260926T121926Z.jsonl,data/paper-captures/24h-20260926-151653-835-9dde484e/session-20260926T121926Z.inputs.jsonl.gz,275092,275093,275821,4.79,4.790479,5.2596538602323,0.5238014599999626,0.09953620000007071,1.0952410357130002,-0.6709757757131083,21044610,21044610,0.03128562879282981
T03,NEARUSDT,level_breakout,short,signal,15,ok,4.7925207,207.8,536432.1810219288,0.8355616037618623,28.212084717756024,True,data/paper-captures/24h-20260926-151653-835-9dde484e/session-20260926T121926Z.jsonl,data/paper-captures/24h-20260926-151653-835-9dde484e/session-20260926T121926Z.inputs.jsonl.gz,275092,275093,275821,4.789,4.7894789,7.346238483644221,0.7316014600000321,0.09951542000001244,1.0951267342840003,-0.46304069428398065,21114649,21114407,0.04468882875517011
T03,NEARUSDT,level_breakout,short,signal,30,ok,4.7925207,207.8,536447.1810219288,0.8355616037618623,28.212084717756024,True,data/paper-captures/24h-20260926-151653-835-9dde484e/session-20260926T121926Z.jsonl,data/paper-captures/24h-20260926-151653-835-9dde484e/session-20260926T121926Z.inputs.jsonl.gz,275092,275093,275821,4.785,4.7854785,15.692576977288201,1.5628014599999407,0.0994322999999639,1.0946695285680001,0.3686996314319766,21203669,21203576,0.04480132879689336
T03,NEARUSDT,level_breakout,short,signal,60,ok,4.7925207,207.8,536477.1810219288,0.8355616037618623,28.212084717756024,True,data/paper-captures/24h-20260926-151653-835-9dde484e/session-20260926T121926Z.jsonl,data/paper-captures/24h-20260926-151653-835-9dde484e/session-20260926T121926Z.inputs.jsonl.gz,275092,275093,275821,4.783,4.7834783000000005,19.86574622411019,1.978401459999895,0.09939074000003192,1.0944409257100003,0.7845697942898626,21386660,21386470,0.03955292876344174
T03,NEARUSDT,level_breakout,short,signal,120,missing_or_stale_book,4.7925207,207.8,536537.1810219288,0.8355616037618623,28.212084717756024,True,data/paper-captures/24h-20260926-151653-835-9dde484e/session-20260926T121926Z.jsonl,data/paper-captures/24h-20260926-151653-835-9dde484e/session-20260926T121926Z.inputs.jsonl.gz,275092,275093,275821,,,,,,,,,,
T03,NEARUSDT,level_breakout,short,fill,5,ok,4.7925207,207.8,536422.1838567,0.8355616037618623,28.212084717756024,False,data/paper-captures/24h-20260926-151653-835-9dde484e/session-20260926T121926Z.jsonl,data/paper-captures/24h-20260926-151653-835-9dde484e/session-20260926T121926Z.inputs.jsonl.gz,275092,275093,275821,4.79,4.790479,5.2596538602323,0.5238014599999626,0.09953620000007071,1.0952410357130002,-0.6709757757131083,21044833,21044610,0.034120399970561266
T03,NEARUSDT,level_breakout,short,fill,15,ok,4.7925207,207.8,536432.1838567,0.8355616037618623,28.212084717756024,True,data/paper-captures/24h-20260926-151653-835-9dde484e/session-20260926T121926Z.jsonl,data/paper-captures/24h-20260926-151653-835-9dde484e/session-20260926T121926Z.inputs.jsonl.gz,275092,275093,275821,4.789,4.7894789,7.346238483644221,0.7316014600000321,0.09951542000001244,1.0951267342840003,-0.46304069428398065,21114649,21114407,0.04752359993290156
T03,NEARUSDT,level_breakout,short,fill,30,ok,4.7925207,207.8,536447.1838567,0.8355616037618623,28.212084717756024,True,data/paper-captures/24h-20260926-151653-835-9dde484e/session-20260926T121926Z.jsonl,data/paper-captures/24h-20260926-151653-835-9dde484e/session-20260926T121926Z.inputs.jsonl.gz,275092,275093,275821,4.785,4.7854785,15.692576977288201,1.5628014599999407,0.0994322999999639,1.0946695285680001,0.3686996314319766,21203669,21203576,0.04763609997462481
T03,NEARUSDT,level_breakout,short,fill,60,ok,4.7925207,207.8,536477.1838567,0.8355616037618623,28.212084717756024,True,data/paper-captures/24h-20260926-151653-835-9dde484e/session-20260926T121926Z.jsonl,data/paper-captures/24h-20260926-151653-835-9dde484e/session-20260926T121926Z.inputs.jsonl.gz,275092,275093,275821,4.783,4.7834783000000005,19.86574622411019,1.978401459999895,0.09939074000003192,1.0944409257100003,0.7845697942898626,21386660,21386470,0.042387699941173196
T03,NEARUSDT,level_breakout,short,fill,120,missing_or_stale_book,4.7925207,207.8,536537.1838567,0.8355616037618623,28.212084717756024,True,data/paper-captures/24h-20260926-151653-835-9dde484e/session-20260926T121926Z.jsonl,data/paper-captures/24h-20260926-151653-835-9dde484e/session-20260926T121926Z.inputs.jsonl.gz,275092,275093,275821,,,,,,,,,,
T03,NEARUSDT,level_breakout,short,after_close,5,ok,4.7925207,207.8,536432.0665222,0.8355616037618623,28.212084717756024,True,data/paper-captures/24h-20260926-151653-835-9dde484e/session-20260926T121926Z.jsonl,data/paper-captures/24h-20260926-151653-835-9dde484e/session-20260926T121926Z.inputs.jsonl.gz,275092,275093,275821,4.789833012512031,4.7903119958132825,5.608087384930147,0.5585014599998875,0.09953273000001808,1.0952219488045003,-0.6362532188046308,21113756,21113133,0.12966279999818653
T03,NEARUSDT,level_breakout,short,after_close,15,ok,4.7925207,207.8,536442.0665222,0.8355616037618623,28.212084717756024,True,data/paper-captures/24h-20260926-151653-835-9dde484e/session-20260926T121926Z.jsonl,data/paper-captures/24h-20260926-151653-835-9dde484e/session-20260926T121926Z.inputs.jsonl.gz,275092,275093,275821,4.784,4.784478399999999,17.779161600700125,1.77060146000001,0.09941151999990563,1.0945552271390002,0.576634712861104,21177110,21176592,0.12409559998195618
T03,NEARUSDT,level_breakout,short,after_close,30,ok,4.7925207,207.8,536457.0665222,0.8355616037618623,28.212084717756024,True,data/paper-captures/24h-20260926-151653-835-9dde484e/session-20260926T121926Z.jsonl,data/paper-captures/24h-20260926-151653-835-9dde484e/session-20260926T121926Z.inputs.jsonl.gz,275092,275093,275821,4.786,4.7864786,13.605992353878133,1.3550014600000557,0.09945308000002218,1.094783829997,0.16076455000303347,21261078,21260491,0.1311126999789849
T03,NEARUSDT,level_breakout,short,after_close,60,ok,4.7925207,207.8,536487.0665222,0.8355616037618623,28.212084717756024,True,data/paper-captures/24h-20260926-151653-835-9dde484e/session-20260926T121926Z.jsonl,data/paper-captures/24h-20260926-151653-835-9dde484e/session-20260926T121926Z.inputs.jsonl.gz,275092,275093,275821,4.783846487006737,4.784324871655437,18.099479451936634,1.8025014600000717,0.09940832999999448,1.0945376803845002,0.6085554496155772,21452634,21452070,0.10420679999515414
T03,NEARUSDT,level_breakout,short,after_close,120,ok,4.7925207,207.8,536547.0665222,0.8355616037618623,28.212084717756024,True,data/paper-captures/24h-20260926-151653-835-9dde484e/session-20260926T121926Z.jsonl,data/paper-captures/24h-20260926-151653-835-9dde484e/session-20260926T121926Z.inputs.jsonl.gz,275092,275093,275821,4.803,4.8034802999999995,-21.865946244113417,-2.177598540000017,0.09980633999990546,1.0967269542900002,-3.3741318342899227,21862767,21861697,0.130522400024347
T04,SOLUSDT,level_breakout,short,signal,5,ok,120.26797200000001,8.8,536427.2216463089,-2.4326896580800383,3.9887593681230165,False,data/paper-captures/24h-20260926-151653-835-9dde484e/session-20260926T121926Z.jsonl,data/paper-captures/24h-20260926-151653-835-9dde484e/session-20260926T121926Z.inputs.jsonl.gz,275479,275481,284991,120.26000000000002,120.27202600000001,0.6628531160395059,0.07015359999995781,0.10582879999992657,1.1642135903200002,-1.1998887903199689,21084285,21083779,0.052994508878327906
T04,SOLUSDT,level_breakout,short,signal,15,ok,120.26797200000001,8.8,536437.2216463089,-2.4326896580800383,3.9887593681230165,False,data/paper-captures/24h-20260926-151653-835-9dde484e/session-20260926T121926Z.jsonl,data/paper-captures/24h-20260926-151653-835-9dde484e/session-20260926T121926Z.inputs.jsonl.gz,275479,275481,284991,120.29,120.302029,-1.8315765730207638,-0.19384639999992717,0.10585519999998497,1.1643588048400002,-1.4640604048399124,21147439,21146329,0.1315685089211911
T04,SOLUSDT,level_breakout,short,signal,30,ok,120.26797200000001,8.8,536452.2216463089,-2.4326896580800383,3.9887593681230165,False,data/paper-captures/24h-20260926-151653-835-9dde484e/session-20260926T121926Z.jsonl,data/paper-captures/24h-20260926-151653-835-9dde484e/session-20260926T121926Z.inputs.jsonl.gz,275479,275481,284991,120.3,120.31203,-2.66305313604046,-0.2818463999998471,0.10586399999996275,1.1644072096800002,-1.5521176096798102,21233023,21233023,0.5317761088954285
T04,SOLUSDT,level_breakout,short,signal,60,ok,120.26797200000001,8.8,536482.2216463089,-2.4326896580800383,3.9887593681230165,False,data/paper-captures/24h-20260926-151653-835-9dde484e/session-20260926T121926Z.jsonl,data/paper-captures/24h-20260926-151653-835-9dde484e/session-20260926T121926Z.inputs.jsonl.gz,275479,275481,284991,120.26999999999998,120.28202699999999,-0.168623446977827,-0.017846399999712048,0.10583760000002941,1.1642619951600002,-1.2879459951597416,21418017,21417629,0.13209140894468874
T04,SOLUSDT,level_breakout,short,signal,120,ok,120.26797200000001,8.8,536542.2216463089,-2.4326896580800383,3.9887593681230165,False,data/paper-captures/24h-20260926-151653-835-9dde484e/session-20260926T121926Z.jsonl,data/paper-captures/24h-20260926-151653-835-9dde484e/session-20260926T121926Z.inputs.jsonl.gz,275479,275481,284991,120.32,120.332032,-4.326006262081034,-0.45784639999981214,0.10588160000004337,1.1645040193600003,-1.7282320193598557,21819052,21817627,0.12664570892229676
T04,SOLUSDT,level_breakout,short,fill,5,ok,120.26797200000001,8.8,536427.2972086,-2.4326896580800383,3.9887593681230165,False,data/paper-captures/24h-20260926-151653-835-9dde484e/session-20260926T121926Z.jsonl,data/paper-captures/24h-20260926-151653-835-9dde484e/session-20260926T121926Z.inputs.jsonl.gz,275479,275481,284991,120.26000000000002,120.27202600000001,0.6628531160395059,0.07015359999995781,0.10582879999992657,1.1642135903200002,-1.1998887903199689,21084923,21084923,0.004422200028784573
T04,SOLUSDT,level_breakout,short,fill,15,ok,120.26797200000001,8.8,536437.2972086,-2.4326896580800383,3.9887593681230165,False,data/paper-captures/24h-20260926-151653-835-9dde484e/session-20260926T121926Z.jsonl,data/paper-captures/24h-20260926-151653-835-9dde484e/session-20260926T121926Z.inputs.jsonl.gz,275479,275481,284991,120.29,120.302029,-1.8315765730207638,-0.19384639999992717,0.10585519999998497,1.1643588048400002,-1.4640604048399124,21148091,21148086,0.007279900019057095
T04,SOLUSDT,level_breakout,short,fill,30,ok,120.26797200000001,8.8,536452.2972086,-2.4326896580800383,3.9887593681230165,False,data/paper-captures/24h-20260926-151653-835-9dde484e/session-20260926T121926Z.jsonl,data/paper-captures/24h-20260926-151653-835-9dde484e/session-20260926T121926Z.inputs.jsonl.gz,275479,275481,284991,120.3,120.31203,-2.66305313604046,-0.2818463999998471,0.10586399999996275,1.1644072096800002,-1.5521176096798102,21233023,21233023,0.6073383999755606
T04,SOLUSDT,level_breakout,short,fill,60,ok,120.26797200000001,8.8,536482.2972086,-2.4326896580800383,3.9887593681230165,False,data/paper-captures/24h-20260926-151653-835-9dde484e/session-20260926T121926Z.jsonl,data/paper-captures/24h-20260926-151653-835-9dde484e/session-20260926T121926Z.inputs.jsonl.gz,275479,275481,284991,120.26999999999998,120.28202699999999,-0.168623446977827,-0.017846399999712048,0.10583760000002941,1.1642619951600002,-1.2879459951597416,21418485,21418485,0.0064196999883279204
T04,SOLUSDT,level_breakout,short,fill,120,ok,120.26797200000001,8.8,536542.2972086,-2.4326896580800383,3.9887593681230165,False,data/paper-captures/24h-20260926-151653-835-9dde484e/session-20260926T121926Z.jsonl,data/paper-captures/24h-20260926-151653-835-9dde484e/session-20260926T121926Z.inputs.jsonl.gz,275479,275481,284991,120.32,120.332032,-4.326006262081034,-0.45784639999981214,0.10588160000004337,1.1645040193600003,-1.7282320193598557,21819560,21817627,0.2022080000024289
T04,SOLUSDT,level_breakout,short,after_close,5,ok,120.26797200000001,8.8,536550.5587715,-2.4326896580800383,3.9887593681230165,True,data/paper-captures/24h-20260926-151653-835-9dde484e/session-20260926T121926Z.jsonl,data/paper-captures/24h-20260926-151653-835-9dde484e/session-20260926T121926Z.inputs.jsonl.gz,275479,275481,284991,120.44,120.452044,-14.30372501832684,-1.5138463999998522,0.10598720000002687,1.1650848774400002,-2.784918477439879,21889957,21889640,0.06927900004666299
T04,SOLUSDT,level_breakout,short,after_close,15,ok,120.26797200000001,8.8,536560.5587715,-2.4326896580800383,3.9887593681230165,True,data/paper-captures/24h-20260926-151653-835-9dde484e/session-20260926T121926Z.jsonl,data/paper-captures/24h-20260926-151653-835-9dde484e/session-20260926T121926Z.inputs.jsonl.gz,275479,275481,284991,120.44999999999999,120.46204499999999,-15.135201581346536,-1.6018463999997723,0.10599600000000466,1.1651332822800002,-2.872975682279777,21952940,21952684,0.06909550004638731
T04,SOLUSDT,level_breakout,short,after_close,30,ok,120.26797200000001,8.8,536575.5587715,-2.4326896580800383,3.9887593681230165,True,data/paper-captures/24h-20260926-151653-835-9dde484e/session-20260926T121926Z.jsonl,data/paper-captures/24h-20260926-151653-835-9dde484e/session-20260926T121926Z.inputs.jsonl.gz,275479,275481,284991,120.46,120.47204599999999,-15.966678144367414,-1.6898463999998172,0.10600479999998243,1.16518168712,-2.9610328871197997,22031398,22030836,0.06385450006928295
T04,SOLUSDT,level_breakout,short,after_close,60,ok,120.26797200000001,8.8,536605.5587715,-2.4326896580800383,3.9887593681230165,True,data/paper-captures/24h-20260926-151653-835-9dde484e/session-20260926T121926Z.jsonl,data/paper-captures/24h-20260926-151653-835-9dde484e/session-20260926T121926Z.inputs.jsonl.gz,275479,275481,284991,120.46999999999998,120.48204699999998,-16.79815470738711,-1.7778463999997371,0.10601359999996021,1.16523009196,-3.0490900919596973,22203742,22203232,0.06297580001410097
T04,SOLUSDT,level_breakout,short,after_close,120,ok,120.26797200000001,8.8,536665.5587715,-2.4326896580800383,3.9887593681230165,True,data/paper-captures/24h-20260926-151653-835-9dde484e/session-20260926T121926Z.jsonl,data/paper-captures/24h-20260926-151653-835-9dde484e/session-20260926T121926Z.inputs.jsonl.gz,275479,275481,284991,120.50999999999999,120.52205099999999,-20.124060959469436,-2.129846399999792,0.1060487999999964,1.1654237113200003,-3.401318911319789,22534616,22534616,0.27410719997715205
T05,NEARUSDT,level_breakout,short,signal,5,ok,4.779522,428.2,536475.7987887859,-6.55363550894492,0.0,False,data/paper-captures/24h-20260926-151653-835-9dde484e/session-20260926T121926Z.jsonl,data/paper-captures/24h-20260926-151653-835-9dde484e/session-20260926T121926Z.inputs.jsonl.gz,279146,279168,282874,4.784992293320879,4.7854707925502105,-11.445272813638185,-2.3423796000001995,0.20489336999989918,2.2526514525734997,-4.799924422573598,21376637,21375881,0.06315088598057628
T05,NEARUSDT,level_breakout,short,signal,15,ok,4.779522,428.2,536485.7987887859,-6.55363550894492,0.0,False,data/paper-captures/24h-20260926-151653-835-9dde484e/session-20260926T121926Z.jsonl,data/paper-captures/24h-20260926-151653-835-9dde484e/session-20260926T121926Z.inputs.jsonl.gz,279146,279168,282874,4.782495562821112,4.782973812377394,-6.221464868479054,-1.273279600000276,0.20478645999978884,2.252063388773,-3.7301294487730647,21443108,21442533,0.06294538592919707
T05,NEARUSDT,level_breakout,short,signal,30,ok,4.779522,428.2,536500.7987887859,-6.55363550894492,0.0,False,data/paper-captures/24h-20260926-151653-835-9dde484e/session-20260926T121926Z.jsonl,data/paper-captures/24h-20260926-151653-835-9dde484e/session-20260926T121926Z.inputs.jsonl.gz,279146,279168,282874,4.786994628678188,4.787473328141055,-15.63467785729965,-3.199779599999953,0.20497910999981314,2.2531230697305,-5.657881779730266,21536485,21536214,0.06261148594785482
T05,NEARUSDT,level_breakout,short,signal,60,missing_or_stale_book,4.779522,428.2,536530.7987887859,-6.55363550894492,0.0,True,data/paper-captures/24h-20260926-151653-835-9dde484e/session-20260926T121926Z.jsonl,data/paper-captures/24h-20260926-151653-835-9dde484e/session-20260926T121926Z.inputs.jsonl.gz,279146,279168,282874,,,,,,,,,,
T05,NEARUSDT,level_breakout,short,signal,120,ok,4.779522,428.2,536590.7987887859,-6.55363550894492,0.0,True,data/paper-captures/24h-20260926-151653-835-9dde484e/session-20260926T121926Z.jsonl,data/paper-captures/24h-20260926-151653-835-9dde484e/session-20260926T121926Z.inputs.jsonl.gz,279146,279168,282874,4.794,4.794479399999999,-30.291732102079553,-6.199479599999806,0.2052790799998654,2.254773069714,-8.659531749713672,22120757,22120757,0.05685618589632213
T05,NEARUSDT,level_breakout,short,fill,5,ok,4.7801903124241,428.2,536476.0396548,-6.55363550894492,0.0,False,data/paper-captures/24h-20260926-151653-835-9dde484e/session-20260926T121926Z.jsonl,data/paper-captures/24h-20260926-151653-835-9dde484e/session-20260926T121926Z.inputs.jsonl.gz,279146,279168,282874,4.784172349369453,4.78465076660439,-8.330289559818395,-1.7051082200002192,0.2048582599998431,2.252615722522,-4.162582202522063,21379383,21378651,0.09812069998588413
T05,NEARUSDT,level_breakout,short,fill,15,ok,4.7801903124241,428.2,536486.0396548,-6.55363550894492,0.0,False,data/paper-captures/24h-20260926-151653-835-9dde484e/session-20260926T121926Z.jsonl,data/paper-captures/24h-20260926-151653-835-9dde484e/session-20260926T121926Z.inputs.jsonl.gz,279146,279168,282874,4.782495562821112,4.782973812377394,-4.822507570505521,-0.98710822000064,0.20478645999978884,2.2522207830319996,-3.4441154630324284,21445048,21444474,0.10475169995334
T05,NEARUSDT,level_breakout,short,fill,30,ok,4.7801903124241,428.2,536501.0396548,-6.55363550894492,0.0,False,data/paper-captures/24h-20260926-151653-835-9dde484e/session-20260926T121926Z.jsonl,data/paper-captures/24h-20260926-151653-835-9dde484e/session-20260926T121926Z.inputs.jsonl.gz,279146,279168,282874,4.786994628678188,4.787473328141055,-14.234404509800896,-2.9136082200003175,0.20497910999981314,2.2532804639894994,-5.3718677939896295,21537902,21536974,0.10437690000981092
T05,NEARUSDT,level_breakout,short,fill,60,missing_or_stale_book,4.7801903124241,428.2,536531.0396548,-6.55363550894492,0.0,True,data/paper-captures/24h-20260926-151653-835-9dde484e/session-20260926T121926Z.jsonl,data/paper-captures/24h-20260926-151653-835-9dde484e/session-20260926T121926Z.inputs.jsonl.gz,279146,279168,282874,,,,,,,,,,
T05,NEARUSDT,level_breakout,short,fill,120,ok,4.7801903124241,428.2,536591.0396548,-6.55363550894492,0.0,True,data/paper-captures/24h-20260926-151653-835-9dde484e/session-20260926T121926Z.jsonl,data/paper-captures/24h-20260926-151653-835-9dde484e/session-20260926T121926Z.inputs.jsonl.gz,279146,279168,282874,4.791691265763662,4.792170434890238,-24.059613923047998,-4.9247082200003645,0.2051802199999269,2.2543866795999996,-7.384275119600291,22122359,22121806,0.09931939991656691
T05,NEARUSDT,level_breakout,short,after_close,5,ok,4.7801903124241,428.2,536522.3495686,-6.55363550894492,0.0,True,data/paper-captures/24h-20260926-151653-835-9dde484e/session-20260926T121926Z.jsonl,data/paper-captures/24h-20260926-151653-835-9dde484e/session-20260926T121926Z.inputs.jsonl.gz,279146,279168,282874,4.796,4.7964796000000005,-33.073343408126505,-6.769708220000456,0.20536472000010556,2.255401531075,-9.23047447107556,21711165,21711165,0.01171329990029335
T05,NEARUSDT,level_breakout,short,after_close,15,missing_or_stale_book,4.7801903124241,428.2,536532.3495686,-6.55363550894492,0.0,True,data/paper-captures/24h-20260926-151653-835-9dde484e/session-20260926T121926Z.jsonl,data/paper-captures/24h-20260926-151653-835-9dde484e/session-20260926T121926Z.inputs.jsonl.gz,279146,279168,282874,,,,,,,,,,
T05,NEARUSDT,level_breakout,short,after_close,30,ok,4.7801903124241,428.2,536547.3495686,-6.55363550894492,0.0,True,data/paper-captures/24h-20260926-151653-835-9dde484e/session-20260926T121926Z.jsonl,data/paper-captures/24h-20260926-151653-835-9dde484e/session-20260926T121926Z.inputs.jsonl.gz,279146,279168,282874,4.803,4.8034802999999995,-47.7171118409567,-9.767108220000315,0.20566445999980515,2.2570502659319995,-12.22982294593212,21864693,21864693,0.014612599974498153
T05,NEARUSDT,level_breakout,short,after_close,60,ok,4.7801903124241,428.2,536577.3495686,-6.55363550894492,0.0,True,data/paper-captures/24h-20260926-151653-835-9dde484e/session-20260926T121926Z.jsonl,data/paper-captures/24h-20260926-151653-835-9dde484e/session-20260926T121926Z.inputs.jsonl.gz,279146,279168,282874,4.799999999999999,4.8004799999999985,-41.44121108402708,-8.482508219999886,0.20553599999982522,2.256343665278999,-10.94438788527871,22040654,22040654,0.015487900003790855
T05,NEARUSDT,level_breakout,short,after_close,120,ok,4.7801903124241,428.2,536637.3495686,-6.55363550894492,0.0,True,data/paper-captures/24h-20260926-151653-835-9dde484e/session-20260926T121926Z.jsonl,data/paper-captures/24h-20260926-151653-835-9dde484e/session-20260926T121926Z.inputs.jsonl.gz,279146,279168,282874,4.791,4.7914791,-22.613508813247527,-4.628708220000502,0.20515061999988546,2.25422386332,-7.088082703320388,22373465,22373465,0.015017699915915728
T06,NEARUSDT,weak_level_rejection,long,signal,5,ok,4.790274580621919,263.7,536523.46017313,-5.1052096753494425,0.8229315632507286,False,data/paper-captures/24h-20260926-151653-835-9dde484e/session-20260926T121926Z.jsonl,data/paper-captures/24h-20260926-151653-835-9dde484e/session-20260926T121926Z.inputs.jsonl.gz,282962,285141,288336,4.795140690178233,4.794661176109215,10.158310289766924,1.283193090000017,0.12644786000002464,1.3901511574774998,-0.23340592747750755,21719587,21718681,0.12512813007924706
T06,NEARUSDT,weak_level_rejection,long,signal,15,missing_or_stale_book,4.790274580621919,263.7,536533.46017313,-5.1052096753494425,0.8229315632507286,False,data/paper-captures/24h-20260926-151653-835-9dde484e/session-20260926T121926Z.jsonl,data/paper-captures/24h-20260926-151653-835-9dde484e/session-20260926T121926Z.inputs.jsonl.gz,282962,285141,288336,,,,,,,,,,
T06,NEARUSDT,weak_level_rejection,long,signal,30,ok,4.790274580621919,263.7,536548.46017313,-5.1052096753494425,0.8229315632507286,False,data/paper-captures/24h-20260926-151653-835-9dde484e/session-20260926T121926Z.jsonl,data/paper-captures/24h-20260926-151653-835-9dde484e/session-20260926T121926Z.inputs.jsonl.gz,282962,285141,288336,4.800736442927569,4.800256369283276,21.83979671639619,2.7587930899999766,0.12659542000004356,1.3909626563195001,1.2412350136804329,21873970,21872973,0.12371533003170043
T06,NEARUSDT,weak_level_rejection,long,signal,60,ok,4.790274580621919,263.7,536578.46017313,-5.1052096753494425,0.8229315632507286,False,data/paper-captures/24h-20260926-151653-835-9dde484e/session-20260926T121926Z.jsonl,data/paper-captures/24h-20260926-151653-835-9dde484e/session-20260926T121926Z.inputs.jsonl.gz,282962,285141,288336,4.797,4.7965203,14.03973668918132,1.7734930899999652,0.12649688999990474,1.390420795511,0.25657540448906047,22050275,22049771,0.12546113005373627
T06,NEARUSDT,weak_level_rejection,long,signal,120,ok,4.790274580621919,263.7,536638.46017313,-5.1052096753494425,0.8229315632507286,True,data/paper-captures/24h-20260926-151653-835-9dde484e/session-20260926T121926Z.jsonl,data/paper-captures/24h-20260926-151653-835-9dde484e/session-20260926T121926Z.inputs.jsonl.gz,282962,285141,288336,4.7894914675767915,4.789012518430034,-1.6347978220187245,-0.20650691000005245,0.12629889000004094,1.389331904411,-1.7221377044110935,22378108,22377540,0.12661263009067625
T06,NEARUSDT,weak_level_rejection,long,fill,5,ok,4.803604696207811,263.7,536552.1803672,-5.1052096753494425,0.8229315632507286,False,data/paper-captures/24h-20260926-151653-835-9dde484e/session-20260926T121926Z.jsonl,data/paper-captures/24h-20260926-151653-835-9dde484e/session-20260926T121926Z.inputs.jsonl.gz,282962,285141,288336,4.801085703450891,4.800605594880546,-5.243963473741038,-0.6642583899999275,0.1266046300000278,1.3929466395679997,-2.183809659567955,21901713,21901713,0.04242430010344833
T06,NEARUSDT,weak_level_rejection,long,fill,15,ok,4.803604696207811,263.7,536562.1803672,-5.1052096753494425,0.8229315632507286,False,data/paper-captures/24h-20260926-151653-835-9dde484e/session-20260926T121926Z.jsonl,data/paper-captures/24h-20260926-151653-835-9dde484e/session-20260926T121926Z.inputs.jsonl.gz,282962,285141,288336,4.800363291619264,4.799883255290102,-6.747858730145964,-0.8547583900000029,0.12658557999988565,1.3928418750454998,-2.374185845045388,21960968,21960777,0.0457458000164479
T06,NEARUSDT,weak_level_rejection,long,fill,30,ok,4.803604696207811,263.7,536577.1803672,-5.1052096753494425,0.8229315632507286,False,data/paper-captures/24h-20260926-151653-835-9dde484e/session-20260926T121926Z.jsonl,data/paper-captures/24h-20260926-151653-835-9dde484e/session-20260926T121926Z.inputs.jsonl.gz,282962,285141,288336,4.797807736063709,4.797327955290103,-12.067937540069702,-1.5286583899997335,0.1265181899999309,1.3924712671100001,-3.0476478471096646,22039938,22039809,0.04589870001655072
T06,NEARUSDT,weak_level_rejection,long,fill,60,ok,4.803604696207811,263.7,536607.1803672,-5.1052096753494425,0.8229315632507286,True,data/paper-captures/24h-20260926-151653-835-9dde484e/session-20260926T121926Z.jsonl,data/paper-captures/24h-20260926-151653-835-9dde484e/session-20260926T121926Z.inputs.jsonl.gz,282962,285141,288336,4.791,4.790520900000001,-26.2400780350676,-3.323858389999765,0.12633866999992946,1.3914840058459998,-4.841681065845695,22213886,22213813,0.04655620001722127
T06,NEARUSDT,weak_level_rejection,long,fill,120,ok,4.803604696207811,263.7,536667.1803672,-5.1052096753494425,0.8229315632507286,True,data/paper-captures/24h-20260926-151653-835-9dde484e/session-20260926T121926Z.jsonl,data/paper-captures/24h-20260926-151653-835-9dde484e/session-20260926T121926Z.inputs.jsonl.gz,282962,285141,288336,4.79,4.789521,-28.321848004169723,-3.587558389999853,0.12631230000008972,1.3913389853495,-5.1052096753494425,22542380,22542380,0.04685330006759614
T06,NEARUSDT,weak_level_rejection,long,after_close,5,ok,4.803604696207811,263.7,536597.1958153,-5.1052096753494425,0.8229315632507286,True,data/paper-captures/24h-20260926-151653-835-9dde484e/session-20260926T121926Z.jsonl,data/paper-captures/24h-20260926-151653-835-9dde484e/session-20260926T121926Z.inputs.jsonl.gz,282962,285141,288336,4.79,4.789521,-28.321848004169723,-3.587558389999853,0.12631230000008972,1.3913389853495,-5.1052096753494425,22154450,22154056,0.05031850002706051
T06,NEARUSDT,weak_level_rejection,long,after_close,15,ok,4.803604696207811,263.7,536607.1958153,-5.1052096753494425,0.8229315632507286,True,data/paper-captures/24h-20260926-151653-835-9dde484e/session-20260926T121926Z.jsonl,data/paper-captures/24h-20260926-151653-835-9dde484e/session-20260926T121926Z.inputs.jsonl.gz,282962,285141,288336,4.791,4.790520900000001,-26.2400780350676,-3.323858389999765,0.12633866999992946,1.3914840058459998,-4.841681065845695,22214220,22213813,0.062004299950785935
T06,NEARUSDT,weak_level_rejection,long,after_close,30,ok,4.803604696207811,263.7,536622.1958153,-5.1052096753494425,0.8229315632507286,True,data/paper-captures/24h-20260926-151653-835-9dde484e/session-20260926T121926Z.jsonl,data/paper-captures/24h-20260926-151653-835-9dde484e/session-20260926T121926Z.inputs.jsonl.gz,282962,285141,288336,4.794,4.7935206,-19.99476812776494,-2.5327583899999695,0.1264177799999171,1.3919190673355,-4.051095237335387,22290608,22290322,0.06167590001132339
T06,NEARUSDT,weak_level_rejection,long,after_close,60,ok,4.803604696207811,263.7,536652.1958153,-5.1052096753494425,0.8229315632507286,True,data/paper-captures/24h-20260926-151653-835-9dde484e/session-20260926T121926Z.jsonl,data/paper-captures/24h-20260926-151653-835-9dde484e/session-20260926T121926Z.inputs.jsonl.gz,282962,285141,288336,4.79,4.789521,-28.321848004169723,-3.587558389999853,0.12631230000008972,1.3913389853495,-5.1052096753494425,22460907,22460553,0.06128060002811253
T06,NEARUSDT,weak_level_rejection,long,after_close,120,ok,4.803604696207811,263.7,536712.1958153,-5.1052096753494425,0.8229315632507286,True,data/paper-captures/24h-20260926-151653-835-9dde484e/session-20260926T121926Z.jsonl,data/paper-captures/24h-20260926-151653-835-9dde484e/session-20260926T121926Z.inputs.jsonl.gz,282962,285141,288336,4.79,4.789521,-28.321848004169723,-3.587558389999853,0.12631230000008972,1.3913389853495,-5.1052096753494425,22778427,22777861,0.062404199969023466
