variant,symbol,owner,side,effect,identity,coverage,mfe60_bps,gross60_bps,illustrative_net60_bps,filled
single_legacy,ENAUSDT,level_breakout,long,retained,"[""ENAUSDT"", ""level_breakout"", ""R:resistance:-2185:g1"", ""[\""structural_level\"",\""R:resistance:-2185:g1\""]:cross:quote:1790457903302:1"", ""long""]",covered_top_of_book,6.288377598577641,4.438854775466208,-8.561145224533792,0
single_legacy,ENAUSDT,level_breakout,short,retained,"[""ENAUSDT"", ""level_breakout"", ""S:support:-2168:g1"", ""[\""structural_level\"",\""S:support:-2168:g1\""]:cross:quote:1790451374895:4"", ""short""]",covered_top_of_book,2.5730564234521043,-0.0,-13.0,0
single_legacy,ENAUSDT,level_breakout,short,retained,"[""ENAUSDT"", ""level_breakout"", ""S:support:-2168:g1"", ""[\""structural_level\"",\""S:support:-2168:g1\""]:cross:quote:1790451418263:5"", ""short""]",covered_top_of_book,3.3088235294130324,-7.352941176469778,-20.352941176469777,0
single_legacy,ENAUSDT,level_breakout,short,retained,"[""ENAUSDT"", ""level_breakout"", ""S:support:-2191:g1"", ""[\""structural_level\"",\""S:support:-2191:g1\""]:cross:quote:1790455167553:3"", ""short""]",covered_top_of_book,44.34011476265088,30.553692525523044,17.553692525523044,0
single_legacy,ENAUSDT,level_breakout,short,retained,"[""ENAUSDT"", ""level_breakout"", ""S:support:-2191:g1"", ""[\""structural_level\"",\""S:support:-2191:g1\""]:cross:quote:1790455186762:4"", ""short""]",covered_top_of_book,61.5304295942715,42.8848448687345,29.884844868734497,0
single_legacy,ENAUSDT,weak_level_rejection,long,retained,"[""ENAUSDT"", ""weak_level_rejection"", ""S:support:-2178:g1"", ""[\""structural_level\"",\""S:support:-2178:g1\""]:failed:quote:1790453314414:1"", ""long""]",covered_top_of_book,4.795632285672827,-5.5334218680826135,-18.533421868082613,0
single_legacy,ENAUSDT,weak_level_rejection,long,retained,"[""ENAUSDT"", ""weak_level_rejection"", ""S:support:-2194:g1"", ""[\""structural_level\"",\""S:support:-2194:g1\""]:failed:quote:1790456409595:1"", ""long""]",covered_top_of_book,34.26443202979428,11.54562383612577,-1.4543761638742296,0
single_legacy,ENAUSDT,weak_level_rejection,long,retained,"[""ENAUSDT"", ""weak_level_rejection"", ""S:support:-2198:g1"", ""[\""structural_level\"",\""S:support:-2198:g1\""]:failed:quote:1790455207728:5"", ""long""]",covered_top_of_book,1.4929272571188181,-34.71055872802547,-47.71055872802547,1
single_legacy,ETHUSDT,weak_level_rejection,long,retained,"[""ETHUSDT"", ""weak_level_rejection"", ""S:day_low:2026-09-26:g1"", ""[\""structural_level\"",\""S:day_low:2026-09-26:g1\""]:failed:quote:1790455204480:2"", ""long""]",covered_top_of_book,3.103836416601887,-14.472104737652323,-27.472104737652323,0
single_legacy,ETHUSDT,weak_level_rejection,long,retained,"[""ETHUSDT"", ""weak_level_rejection"", ""S:day_low:2026-09-26:g1"", ""[\""structural_level\"",\""S:day_low:2026-09-26:g1\""]:failed:quote:1790455233739:4"", ""long""]",covered_top_of_book,2.842226510492915,-12.341246690302706,-25.341246690302704,0
single_legacy,ETHUSDT,weak_level_rejection,long,retained,"[""ETHUSDT"", ""weak_level_rejection"", ""S:day_low:2026-09-26:g1"", ""[\""structural_level\"",\""S:day_low:2026-09-26:g1\""]:failed:quote:1790455274457:7"", ""long""]",covered_top_of_book,7.22911422749549,5.655939110630781,-7.344060889369219,1
single_legacy,NEARUSDT,level_breakout,long,retained,"[""NEARUSDT"", ""level_breakout"", ""R:resistance:2628:g1"", ""[\""structural_level\"",\""R:resistance:2628:g1\""]:cross:quote:1790452918664:1"", ""long""]",covered_top_of_book,-2.063557573256983,-14.444903012793382,-27.444903012793382,0
single_legacy,NEARUSDT,level_breakout,short,retained,"[""NEARUSDT"", ""level_breakout"", ""S:day_low:2026-09-26:g1"", ""[\""structural_level\"",\""S:day_low:2026-09-26:g1\""]:cross:quote:1790455432678:1"", ""short""]",covered_top_of_book,35.84229390681077,-37.95066413662195,-50.95066413662195,0
single_legacy,NEARUSDT,level_breakout,short,retained,"[""NEARUSDT"", ""level_breakout"", ""S:support:2620:g1"", ""[\""structural_level\"",\""S:support:2620:g1\""]:cross:quote:1790451113343:1"", ""short""]",covered_top_of_book,2.0802995631377863,-0.0,-13.0,0
single_legacy,SOLUSDT,level_breakout,long,retained,"[""SOLUSDT"", ""level_breakout"", ""R:resistance:7996:g1"", ""[\""structural_level\"",\""R:resistance:7996:g1\""]:cross:quote:1790454307134:1"", ""long""]",covered_top_of_book,17.31530343007864,5.771767810025823,-7.228232189974177,0
single_legacy,XRPUSDT,level_breakout,long,retained,"[""XRPUSDT"", ""level_breakout"", ""R:resistance:703:g1"", ""[\""structural_level\"",\""R:resistance:703:g1\""]:cross:quote:1790458494088:4"", ""long""]",covered_top_of_book,-0.6548359635910483,-9.822539453865726,-22.822539453865726,0
single_legacy,XRPUSDT,level_breakout,short,retained,"[""XRPUSDT"", ""level_breakout"", ""S:day_low:2026-09-26:g1"", ""[\""structural_level\"",\""S:day_low:2026-09-26:g1\""]:cross:quote:1790453356514:2"", ""short""]",covered_top_of_book,-0.6596741209841611,-18.470875387557978,-31.470875387557978,0
single_legacy,XRPUSDT,level_breakout,short,retained,"[""XRPUSDT"", ""level_breakout"", ""S:day_low:2026-09-26:g1"", ""[\""structural_level\"",\""S:day_low:2026-09-26:g1\""]:cross:quote:1790455223450:8"", ""short""]",covered_top_of_book,16.55848456749203,-7.9480725923954685,-20.94807259239547,0
single_legacy,XRPUSDT,weak_level_rejection,long,retained,"[""XRPUSDT"", ""weak_level_rejection"", ""S:day_low:2026-09-26:g1"", ""[\""structural_level\"",\""S:day_low:2026-09-26:g1\""]:failed:quote:1790455206110:7"", ""long""]",covered_top_of_book,1.9818986589150225,-23.7827839069832,-36.7827839069832,0
single_legacy,XRPUSDT,weak_level_rejection,long,retained,"[""XRPUSDT"", ""weak_level_rejection"", ""S:day_low:2026-09-26:g1"", ""[\""structural_level\"",\""S:day_low:2026-09-26:g1\""]:failed:quote:1790455238117:11"", ""long""]",covered_top_of_book,2.644977848310229,-7.934933544930687,-20.934933544930686,1
single_legacy,XRPUSDT,weak_level_rejection,long,retained,"[""XRPUSDT"", ""weak_level_rejection"", ""S:day_low:2026-09-26:g1"", ""[\""structural_level\"",\""S:day_low:2026-09-26:g1\""]:failed:quote:1790455366360:18"", ""long""]",covered_top_of_book,7.2978172891917925,-6.634379353812193,-19.634379353812193,0
single_legacy,ZECUSDT,level_breakout,long,retained,"[""ZECUSDT"", ""level_breakout"", ""R:day_high:2026-09-26:g1"", ""[\""structural_level\"",\""R:day_high:2026-09-26:g1\""]:cross:quote:1790457372456:6"", ""long""]",covered_top_of_book,64.2335217516638,32.96276335743912,19.962763357439123,0
single_legacy,ZECUSDT,level_breakout,long,retained,"[""ZECUSDT"", ""level_breakout"", ""R:day_high:2026-09-26:g1"", ""[\""structural_level\"",\""R:day_high:2026-09-26:g1\""]:cross:quote:1790457439514:8"", ""long""]",covered_top_of_book,76.21865578007102,58.49048359207657,45.49048359207657,0
single_legacy,ZECUSDT,level_breakout,long,retained,"[""ZECUSDT"", ""level_breakout"", ""R:day_high:2026-09-26:g1"", ""[\""structural_level\"",\""R:day_high:2026-09-26:g1\""]:cross:quote:1790457753422:11"", ""long""]",covered_top_of_book,100.79016031433649,92.21621154830738,79.21621154830738,0
single_legacy,ZECUSDT,level_breakout,long,disappeared,"[""ZECUSDT"", ""level_breakout"", ""R:day_high:2026-09-26:g1"", ""[\""structural_level\"",\""R:day_high:2026-09-26:g1\""]:cross:quote:1790458152912:22"", ""long""]",quote_gap,,,,0
single_legacy,ZECUSDT,level_breakout,long,retained,"[""ZECUSDT"", ""level_breakout"", ""R:resistance:12265:g1"", ""[\""structural_level\"",\""R:resistance:12265:g1\""]:cross:quote:1790452691540:3"", ""long""]",covered_top_of_book,0.44570941019869936,-10.3149892074643,-23.3149892074643,0
single_legacy,ZECUSDT,level_breakout,long,retained,"[""ZECUSDT"", ""level_breakout"", ""R:resistance:12273:g1"", ""[\""structural_level\"",\""R:resistance:12273:g1\""]:cross:quote:1790454314606:2"", ""long""]",covered_top_of_book,15.986094635144093,15.605473334306264,2.6054733343062644,1
single_legacy,ZECUSDT,weak_level_rejection,short,disappeared,"[""ZECUSDT"", ""weak_level_rejection"", ""R:resistance:12287:g1"", ""[\""structural_level\"",\""R:resistance:12287:g1\""]:failed:quote:1790456939576:2"", ""short""]",covered_top_of_book,-0.06301197227467488,-22.810333963452372,-35.81033396345237,1
parallel_legacy,ENAUSDT,level_breakout,long,retained,"[""ENAUSDT"", ""level_breakout"", ""R:resistance:-2185:g1"", ""[\""structural_level\"",\""R:resistance:-2185:g1\""]:cross:quote:1790457903302:1"", ""long""]",covered_top_of_book,6.288377598577641,4.438854775466208,-8.561145224533792,0
parallel_legacy,ENAUSDT,level_breakout,short,retained,"[""ENAUSDT"", ""level_breakout"", ""S:support:-2168:g1"", ""[\""structural_level\"",\""S:support:-2168:g1\""]:cross:quote:1790451374895:4"", ""short""]",covered_top_of_book,2.5730564234521043,-0.0,-13.0,0
parallel_legacy,ENAUSDT,level_breakout,short,retained,"[""ENAUSDT"", ""level_breakout"", ""S:support:-2168:g1"", ""[\""structural_level\"",\""S:support:-2168:g1\""]:cross:quote:1790451418263:5"", ""short""]",covered_top_of_book,3.3088235294130324,-7.352941176469778,-20.352941176469777,0
parallel_legacy,ENAUSDT,level_breakout,short,retained,"[""ENAUSDT"", ""level_breakout"", ""S:support:-2191:g1"", ""[\""structural_level\"",\""S:support:-2191:g1\""]:cross:quote:1790455167553:3"", ""short""]",covered_top_of_book,44.34011476265088,30.553692525523044,17.553692525523044,0
parallel_legacy,ENAUSDT,level_breakout,short,retained,"[""ENAUSDT"", ""level_breakout"", ""S:support:-2191:g1"", ""[\""structural_level\"",\""S:support:-2191:g1\""]:cross:quote:1790455186762:4"", ""short""]",covered_top_of_book,61.5304295942715,42.8848448687345,29.884844868734497,0
parallel_legacy,ENAUSDT,weak_level_rejection,long,retained,"[""ENAUSDT"", ""weak_level_rejection"", ""S:support:-2178:g1"", ""[\""structural_level\"",\""S:support:-2178:g1\""]:failed:quote:1790453314414:1"", ""long""]",covered_top_of_book,4.795632285672827,-5.5334218680826135,-18.533421868082613,0
parallel_legacy,ENAUSDT,weak_level_rejection,long,retained,"[""ENAUSDT"", ""weak_level_rejection"", ""S:support:-2194:g1"", ""[\""structural_level\"",\""S:support:-2194:g1\""]:failed:quote:1790456409595:1"", ""long""]",covered_top_of_book,34.26443202979428,11.54562383612577,-1.4543761638742296,0
parallel_legacy,ENAUSDT,weak_level_rejection,long,retained,"[""ENAUSDT"", ""weak_level_rejection"", ""S:support:-2198:g1"", ""[\""structural_level\"",\""S:support:-2198:g1\""]:failed:quote:1790455207728:5"", ""long""]",covered_top_of_book,1.4929272571188181,-34.71055872802547,-47.71055872802547,1
parallel_legacy,ETHUSDT,weak_level_rejection,long,retained,"[""ETHUSDT"", ""weak_level_rejection"", ""S:day_low:2026-09-26:g1"", ""[\""structural_level\"",\""S:day_low:2026-09-26:g1\""]:failed:quote:1790455204480:2"", ""long""]",covered_top_of_book,3.103836416601887,-14.472104737652323,-27.472104737652323,0
parallel_legacy,ETHUSDT,weak_level_rejection,long,retained,"[""ETHUSDT"", ""weak_level_rejection"", ""S:day_low:2026-09-26:g1"", ""[\""structural_level\"",\""S:day_low:2026-09-26:g1\""]:failed:quote:1790455233739:4"", ""long""]",covered_top_of_book,2.842226510492915,-12.341246690302706,-25.341246690302704,0
parallel_legacy,ETHUSDT,weak_level_rejection,long,retained,"[""ETHUSDT"", ""weak_level_rejection"", ""S:day_low:2026-09-26:g1"", ""[\""structural_level\"",\""S:day_low:2026-09-26:g1\""]:failed:quote:1790455274457:7"", ""long""]",covered_top_of_book,7.94135385099432,6.368066767306412,-6.631933232693588,1
parallel_legacy,NEARUSDT,level_breakout,long,new,"[""NEARUSDT"", ""level_breakout"", ""R:resistance:2627:g1"", ""[\""structural_level\"",\""R:resistance:2627:g1\""]:cross:quote:1790457838938:4"", ""long""]",covered_top_of_book,22.685089709218644,16.498247061249756,3.4982470612497565,0
parallel_legacy,NEARUSDT,level_breakout,long,retained,"[""NEARUSDT"", ""level_breakout"", ""R:resistance:2628:g1"", ""[\""structural_level\"",\""R:resistance:2628:g1\""]:cross:quote:1790452918664:1"", ""long""]",covered_top_of_book,-2.063557573256983,-14.444903012793382,-27.444903012793382,0
parallel_legacy,NEARUSDT,level_breakout,short,retained,"[""NEARUSDT"", ""level_breakout"", ""S:day_low:2026-09-26:g1"", ""[\""structural_level\"",\""S:day_low:2026-09-26:g1\""]:cross:quote:1790455432678:1"", ""short""]",covered_top_of_book,35.84229390681077,-37.95066413662195,-50.95066413662195,0
parallel_legacy,NEARUSDT,level_breakout,short,retained,"[""NEARUSDT"", ""level_breakout"", ""S:support:2620:g1"", ""[\""structural_level\"",\""S:support:2620:g1\""]:cross:quote:1790451113343:1"", ""short""]",covered_top_of_book,2.0802995631377863,-0.0,-13.0,0
parallel_legacy,SOLUSDT,level_breakout,long,retained,"[""SOLUSDT"", ""level_breakout"", ""R:resistance:7996:g1"", ""[\""structural_level\"",\""R:resistance:7996:g1\""]:cross:quote:1790454307134:1"", ""long""]",covered_top_of_book,17.31530343007864,5.771767810025823,-7.228232189974177,0
parallel_legacy,XRPUSDT,level_breakout,long,retained,"[""XRPUSDT"", ""level_breakout"", ""R:resistance:703:g1"", ""[\""structural_level\"",\""R:resistance:703:g1\""]:cross:quote:1790458494088:4"", ""long""]",covered_top_of_book,-0.6548359635910483,-9.822539453865726,-22.822539453865726,0
parallel_legacy,XRPUSDT,level_breakout,short,retained,"[""XRPUSDT"", ""level_breakout"", ""S:day_low:2026-09-26:g1"", ""[\""structural_level\"",\""S:day_low:2026-09-26:g1\""]:cross:quote:1790453356514:2"", ""short""]",covered_top_of_book,18.46843875733734,-2.6383483939051247,-15.638348393905124,0
parallel_legacy,XRPUSDT,level_breakout,short,retained,"[""XRPUSDT"", ""level_breakout"", ""S:day_low:2026-09-26:g1"", ""[\""structural_level\"",\""S:day_low:2026-09-26:g1\""]:cross:quote:1790455223450:8"", ""short""]",covered_top_of_book,23.826858164007056,5.294857369779018,-7.705142630220982,0
parallel_legacy,XRPUSDT,level_breakout,short,new,"[""XRPUSDT"", ""level_breakout"", ""S:day_low:2026-09-26:g1"", ""[\""structural_level\"",\""S:day_low:2026-09-26:g1\""]:cross:quote:1790455249858:13"", ""short""]",covered_top_of_book,8.61726103672184,-16.57165583985264,-29.57165583985264,0
parallel_legacy,XRPUSDT,level_breakout,short,new,"[""XRPUSDT"", ""level_breakout"", ""S:previous_day_low:696:g1"", ""[\""structural_level\"",\""S:previous_day_low:696:g1\""]:cross:quote:1790453352864:2"", ""short""]",covered_top_of_book,23.732612565098727,0.6592392379193683,-12.340760762080631,0
parallel_legacy,XRPUSDT,weak_level_rejection,long,retained,"[""XRPUSDT"", ""weak_level_rejection"", ""S:day_low:2026-09-26:g1"", ""[\""structural_level\"",\""S:day_low:2026-09-26:g1\""]:failed:quote:1790455206110:7"", ""long""]",covered_top_of_book,1.9818986589150225,-23.7827839069832,-36.7827839069832,0
parallel_legacy,XRPUSDT,weak_level_rejection,long,new,"[""XRPUSDT"", ""weak_level_rejection"", ""S:day_low:2026-09-26:g1"", ""[\""structural_level\"",\""S:day_low:2026-09-26:g1\""]:failed:quote:1790455223450:8"", ""long""]",covered_top_of_book,1.9836022216342697,-8.595609627081835,-21.595609627081835,0
parallel_legacy,XRPUSDT,weak_level_rejection,long,retained,"[""XRPUSDT"", ""weak_level_rejection"", ""S:day_low:2026-09-26:g1"", ""[\""structural_level\"",\""S:day_low:2026-09-26:g1\""]:failed:quote:1790455238117:11"", ""long""]",covered_top_of_book,2.644977848310229,-7.934933544930687,-20.934933544930686,1
parallel_legacy,XRPUSDT,weak_level_rejection,long,retained,"[""XRPUSDT"", ""weak_level_rejection"", ""S:day_low:2026-09-26:g1"", ""[\""structural_level\"",\""S:day_low:2026-09-26:g1\""]:failed:quote:1790455366360:18"", ""long""]",covered_top_of_book,7.2978172891917925,-6.634379353812193,-19.634379353812193,0
parallel_legacy,ZECUSDT,level_breakout,long,new,"[""ZECUSDT"", ""level_breakout"", ""R:day_high:2026-09-26:g1"", ""[\""structural_level\"",\""R:day_high:2026-09-26:g1\""]:cross:quote:1790456935425:2"", ""long""]",covered_top_of_book,13.339709546700881,6.7957010898286425,-6.2042989101713575,0
parallel_legacy,ZECUSDT,level_breakout,long,new,"[""ZECUSDT"", ""level_breakout"", ""R:day_high:2026-09-26:g1"", ""[\""structural_level\"",\""R:day_high:2026-09-26:g1\""]:cross:quote:1790456973024:4"", ""long""]",covered_top_of_book,11.439346323066854,7.793840351979944,-5.206159648020056,1
parallel_legacy,ZECUSDT,level_breakout,long,retained,"[""ZECUSDT"", ""level_breakout"", ""R:day_high:2026-09-26:g1"", ""[\""structural_level\"",\""R:day_high:2026-09-26:g1\""]:cross:quote:1790457372456:6"", ""long""]",covered_top_of_book,64.2335217516638,32.96276335743912,19.962763357439123,0
parallel_legacy,ZECUSDT,level_breakout,long,retained,"[""ZECUSDT"", ""level_breakout"", ""R:day_high:2026-09-26:g1"", ""[\""structural_level\"",\""R:day_high:2026-09-26:g1\""]:cross:quote:1790457439514:8"", ""long""]",covered_top_of_book,100.2703920684992,89.9429172299828,76.9429172299828,1
parallel_legacy,ZECUSDT,level_breakout,long,new,"[""ZECUSDT"", ""level_breakout"", ""R:day_high:2026-09-26:g1"", ""[\""structural_level\"",\""R:day_high:2026-09-26:g1\""]:cross:quote:1790457489486:9"", ""long""]",covered_top_of_book,15.076779897627198,2.481774468745717,-10.518225531254283,0
parallel_legacy,ZECUSDT,level_breakout,long,retained,"[""ZECUSDT"", ""level_breakout"", ""R:day_high:2026-09-26:g1"", ""[\""structural_level\"",\""R:day_high:2026-09-26:g1\""]:cross:quote:1790457753422:11"", ""long""]",covered_top_of_book,100.79016031433649,92.21621154830738,79.21621154830738,0
parallel_legacy,ZECUSDT,level_breakout,long,new,"[""ZECUSDT"", ""level_breakout"", ""R:day_high:2026-09-26:g1"", ""[\""structural_level\"",\""R:day_high:2026-09-26:g1\""]:cross:quote:1790458152912:26"", ""long""]",quote_gap,,,,0
parallel_legacy,ZECUSDT,level_breakout,long,new,"[""ZECUSDT"", ""level_breakout"", ""R:day_high:2026-09-26:g1"", ""[\""structural_level\"",\""R:day_high:2026-09-26:g1\""]:failed:quote:1790457022400:5"", ""long""]",covered_top_of_book,-0.06281012499209161,-14.69756924816229,-27.69756924816229,0
parallel_legacy,ZECUSDT,level_breakout,long,retained,"[""ZECUSDT"", ""level_breakout"", ""R:resistance:12265:g1"", ""[\""structural_level\"",\""R:resistance:12265:g1\""]:cross:quote:1790452691540:3"", ""long""]",covered_top_of_book,0.44570941019869936,-10.3149892074643,-23.3149892074643,0
parallel_legacy,ZECUSDT,level_breakout,long,retained,"[""ZECUSDT"", ""level_breakout"", ""R:resistance:12273:g1"", ""[\""structural_level\"",\""R:resistance:12273:g1\""]:cross:quote:1790454314606:2"", ""long""]",covered_top_of_book,15.986094635144093,15.605473334306264,2.6054733343062644,1
parallel_legacy,ZECUSDT,weak_level_rejection,short,new,"[""ZECUSDT"", ""weak_level_rejection"", ""R:day_high:2026-09-26:g1"", ""[\""structural_level\"",\""R:day_high:2026-09-26:g1\""]:failed:quote:1790456944082:3"", ""short""]",covered_top_of_book,-0.06301197227467488,-22.810333963452372,-35.81033396345237,1
parallel_legacy,ZECUSDT,weak_level_rejection,short,new,"[""ZECUSDT"", ""weak_level_rejection"", ""R:day_high:2026-09-26:g1"", ""[\""structural_level\"",\""R:day_high:2026-09-26:g1\""]:failed:quote:1790457899850:23"", ""short""]",covered_top_of_book,1.2804721893637663,-34.633723978976256,-47.633723978976256,1
parallel_quote_tape,ENAUSDT,level_breakout,long,retained,"[""ENAUSDT"", ""level_breakout"", ""R:resistance:-2185:g1"", ""[\""structural_level\"",\""R:resistance:-2185:g1\""]:cross:quote:1790457903302:1"", ""long""]",covered_top_of_book,6.288377598577641,4.438854775466208,-8.561145224533792,0
parallel_quote_tape,ENAUSDT,level_breakout,short,retained,"[""ENAUSDT"", ""level_breakout"", ""S:support:-2168:g1"", ""[\""structural_level\"",\""S:support:-2168:g1\""]:cross:quote:1790451374895:4"", ""short""]",covered_top_of_book,2.5730564234521043,-0.0,-13.0,0
parallel_quote_tape,ENAUSDT,level_breakout,short,retained,"[""ENAUSDT"", ""level_breakout"", ""S:support:-2168:g1"", ""[\""structural_level\"",\""S:support:-2168:g1\""]:cross:quote:1790451418263:5"", ""short""]",covered_top_of_book,3.3088235294130324,-7.352941176469778,-20.352941176469777,0
parallel_quote_tape,ENAUSDT,level_breakout,short,retained,"[""ENAUSDT"", ""level_breakout"", ""S:support:-2191:g1"", ""[\""structural_level\"",\""S:support:-2191:g1\""]:cross:quote:1790455167553:3"", ""short""]",covered_top_of_book,44.34011476265088,30.553692525523044,17.553692525523044,0
parallel_quote_tape,ENAUSDT,level_breakout,short,retained,"[""ENAUSDT"", ""level_breakout"", ""S:support:-2191:g1"", ""[\""structural_level\"",\""S:support:-2191:g1\""]:cross:quote:1790455186762:4"", ""short""]",covered_top_of_book,61.5304295942715,42.8848448687345,29.884844868734497,0
parallel_quote_tape,ENAUSDT,weak_level_rejection,long,retained,"[""ENAUSDT"", ""weak_level_rejection"", ""S:support:-2178:g1"", ""[\""structural_level\"",\""S:support:-2178:g1\""]:failed:quote:1790453314414:1"", ""long""]",covered_top_of_book,4.795632285672827,-5.5334218680826135,-18.533421868082613,0
parallel_quote_tape,ENAUSDT,weak_level_rejection,long,retained,"[""ENAUSDT"", ""weak_level_rejection"", ""S:support:-2194:g1"", ""[\""structural_level\"",\""S:support:-2194:g1\""]:failed:quote:1790456409595:1"", ""long""]",covered_top_of_book,34.26443202979428,11.54562383612577,-1.4543761638742296,0
parallel_quote_tape,ENAUSDT,weak_level_rejection,long,retained,"[""ENAUSDT"", ""weak_level_rejection"", ""S:support:-2198:g1"", ""[\""structural_level\"",\""S:support:-2198:g1\""]:failed:quote:1790455207728:5"", ""long""]",covered_top_of_book,1.4929272571188181,-34.71055872802547,-47.71055872802547,1
parallel_quote_tape,ETHUSDT,weak_level_rejection,long,retained,"[""ETHUSDT"", ""weak_level_rejection"", ""S:day_low:2026-09-26:g1"", ""[\""structural_level\"",\""S:day_low:2026-09-26:g1\""]:failed:quote:1790455204480:2"", ""long""]",covered_top_of_book,3.103836416601887,-14.472104737652323,-27.472104737652323,0
parallel_quote_tape,ETHUSDT,weak_level_rejection,long,retained,"[""ETHUSDT"", ""weak_level_rejection"", ""S:day_low:2026-09-26:g1"", ""[\""structural_level\"",\""S:day_low:2026-09-26:g1\""]:failed:quote:1790455233739:4"", ""long""]",covered_top_of_book,2.842226510492915,-12.341246690302706,-25.341246690302704,0
parallel_quote_tape,ETHUSDT,weak_level_rejection,long,retained,"[""ETHUSDT"", ""weak_level_rejection"", ""S:day_low:2026-09-26:g1"", ""[\""structural_level\"",\""S:day_low:2026-09-26:g1\""]:failed:quote:1790455274457:7"", ""long""]",covered_top_of_book,7.94135385099432,6.368066767306412,-6.631933232693588,1
parallel_quote_tape,NEARUSDT,level_breakout,long,new,"[""NEARUSDT"", ""level_breakout"", ""R:resistance:2627:g1"", ""[\""structural_level\"",\""R:resistance:2627:g1\""]:cross:quote:1790457838938:4"", ""long""]",covered_top_of_book,22.685089709218644,16.498247061249756,3.4982470612497565,0
parallel_quote_tape,NEARUSDT,level_breakout,long,retained,"[""NEARUSDT"", ""level_breakout"", ""R:resistance:2628:g1"", ""[\""structural_level\"",\""R:resistance:2628:g1\""]:cross:quote:1790452918664:1"", ""long""]",covered_top_of_book,-2.063557573256983,-14.444903012793382,-27.444903012793382,0
parallel_quote_tape,NEARUSDT,level_breakout,short,retained,"[""NEARUSDT"", ""level_breakout"", ""S:day_low:2026-09-26:g1"", ""[\""structural_level\"",\""S:day_low:2026-09-26:g1\""]:cross:quote:1790455432678:1"", ""short""]",covered_top_of_book,35.84229390681077,-37.95066413662195,-50.95066413662195,0
parallel_quote_tape,NEARUSDT,level_breakout,short,retained,"[""NEARUSDT"", ""level_breakout"", ""S:support:2620:g1"", ""[\""structural_level\"",\""S:support:2620:g1\""]:cross:quote:1790451113343:1"", ""short""]",covered_top_of_book,2.0802995631377863,-0.0,-13.0,0
parallel_quote_tape,SOLUSDT,level_breakout,long,retained,"[""SOLUSDT"", ""level_breakout"", ""R:resistance:7996:g1"", ""[\""structural_level\"",\""R:resistance:7996:g1\""]:cross:quote:1790454307134:1"", ""long""]",covered_top_of_book,17.31530343007864,5.771767810025823,-7.228232189974177,0
parallel_quote_tape,XRPUSDT,level_breakout,long,retained,"[""XRPUSDT"", ""level_breakout"", ""R:resistance:703:g1"", ""[\""structural_level\"",\""R:resistance:703:g1\""]:cross:quote:1790458494088:4"", ""long""]",covered_top_of_book,-0.6548359635910483,-9.822539453865726,-22.822539453865726,0
parallel_quote_tape,XRPUSDT,level_breakout,short,retained,"[""XRPUSDT"", ""level_breakout"", ""S:day_low:2026-09-26:g1"", ""[\""structural_level\"",\""S:day_low:2026-09-26:g1\""]:cross:quote:1790453356514:2"", ""short""]",covered_top_of_book,18.46843875733734,-2.6383483939051247,-15.638348393905124,0
parallel_quote_tape,XRPUSDT,level_breakout,short,retained,"[""XRPUSDT"", ""level_breakout"", ""S:day_low:2026-09-26:g1"", ""[\""structural_level\"",\""S:day_low:2026-09-26:g1\""]:cross:quote:1790455223450:8"", ""short""]",covered_top_of_book,23.826858164007056,5.294857369779018,-7.705142630220982,0
parallel_quote_tape,XRPUSDT,level_breakout,short,new,"[""XRPUSDT"", ""level_breakout"", ""S:day_low:2026-09-26:g1"", ""[\""structural_level\"",\""S:day_low:2026-09-26:g1\""]:cross:quote:1790455249858:13"", ""short""]",covered_top_of_book,8.61726103672184,-16.57165583985264,-29.57165583985264,0
parallel_quote_tape,XRPUSDT,level_breakout,short,new,"[""XRPUSDT"", ""level_breakout"", ""S:previous_day_low:696:g1"", ""[\""structural_level\"",\""S:previous_day_low:696:g1\""]:cross:quote:1790453352864:2"", ""short""]",covered_top_of_book,23.732612565098727,0.6592392379193683,-12.340760762080631,0
parallel_quote_tape,XRPUSDT,weak_level_rejection,long,retained,"[""XRPUSDT"", ""weak_level_rejection"", ""S:day_low:2026-09-26:g1"", ""[\""structural_level\"",\""S:day_low:2026-09-26:g1\""]:failed:quote:1790455206110:7"", ""long""]",covered_top_of_book,1.9818986589150225,-23.7827839069832,-36.7827839069832,0
parallel_quote_tape,XRPUSDT,weak_level_rejection,long,retained,"[""XRPUSDT"", ""weak_level_rejection"", ""S:day_low:2026-09-26:g1"", ""[\""structural_level\"",\""S:day_low:2026-09-26:g1\""]:failed:quote:1790455238117:11"", ""long""]",covered_top_of_book,2.644977848310229,-7.934933544930687,-20.934933544930686,1
parallel_quote_tape,XRPUSDT,weak_level_rejection,long,retained,"[""XRPUSDT"", ""weak_level_rejection"", ""S:day_low:2026-09-26:g1"", ""[\""structural_level\"",\""S:day_low:2026-09-26:g1\""]:failed:quote:1790455366360:18"", ""long""]",covered_top_of_book,7.2978172891917925,-6.634379353812193,-19.634379353812193,0
parallel_quote_tape,ZECUSDT,level_breakout,long,new,"[""ZECUSDT"", ""level_breakout"", ""R:day_high:2026-09-26:g1"", ""[\""structural_level\"",\""R:day_high:2026-09-26:g1\""]:cross:quote:1790456935425:2"", ""long""]",covered_top_of_book,13.339709546700881,6.7957010898286425,-6.2042989101713575,0
parallel_quote_tape,ZECUSDT,level_breakout,long,new,"[""ZECUSDT"", ""level_breakout"", ""R:day_high:2026-09-26:g1"", ""[\""structural_level\"",\""R:day_high:2026-09-26:g1\""]:cross:quote:1790456973024:4"", ""long""]",covered_top_of_book,11.439346323066854,7.793840351979944,-5.206159648020056,1
parallel_quote_tape,ZECUSDT,level_breakout,long,retained,"[""ZECUSDT"", ""level_breakout"", ""R:day_high:2026-09-26:g1"", ""[\""structural_level\"",\""R:day_high:2026-09-26:g1\""]:cross:quote:1790457372456:6"", ""long""]",covered_top_of_book,64.2335217516638,32.96276335743912,19.962763357439123,0
parallel_quote_tape,ZECUSDT,level_breakout,long,retained,"[""ZECUSDT"", ""level_breakout"", ""R:day_high:2026-09-26:g1"", ""[\""structural_level\"",\""R:day_high:2026-09-26:g1\""]:cross:quote:1790457439514:8"", ""long""]",covered_top_of_book,100.2703920684992,89.9429172299828,76.9429172299828,1
parallel_quote_tape,ZECUSDT,level_breakout,long,new,"[""ZECUSDT"", ""level_breakout"", ""R:day_high:2026-09-26:g1"", ""[\""structural_level\"",\""R:day_high:2026-09-26:g1\""]:cross:quote:1790457489486:9"", ""long""]",covered_top_of_book,15.076779897627198,2.481774468745717,-10.518225531254283,0
parallel_quote_tape,ZECUSDT,level_breakout,long,retained,"[""ZECUSDT"", ""level_breakout"", ""R:day_high:2026-09-26:g1"", ""[\""structural_level\"",\""R:day_high:2026-09-26:g1\""]:cross:quote:1790457753422:11"", ""long""]",covered_top_of_book,100.79016031433649,92.21621154830738,79.21621154830738,0
parallel_quote_tape,ZECUSDT,level_breakout,long,new,"[""ZECUSDT"", ""level_breakout"", ""R:day_high:2026-09-26:g1"", ""[\""structural_level\"",\""R:day_high:2026-09-26:g1\""]:cross:quote:1790458152912:26"", ""long""]",quote_gap,,,,0
parallel_quote_tape,ZECUSDT,level_breakout,long,new,"[""ZECUSDT"", ""level_breakout"", ""R:day_high:2026-09-26:g1"", ""[\""structural_level\"",\""R:day_high:2026-09-26:g1\""]:failed:quote:1790457022400:5"", ""long""]",covered_top_of_book,-0.06281012499209161,-14.69756924816229,-27.69756924816229,0
parallel_quote_tape,ZECUSDT,level_breakout,long,retained,"[""ZECUSDT"", ""level_breakout"", ""R:resistance:12265:g1"", ""[\""structural_level\"",\""R:resistance:12265:g1\""]:cross:quote:1790452691540:3"", ""long""]",covered_top_of_book,0.44570941019869936,-10.3149892074643,-23.3149892074643,0
parallel_quote_tape,ZECUSDT,level_breakout,long,retained,"[""ZECUSDT"", ""level_breakout"", ""R:resistance:12273:g1"", ""[\""structural_level\"",\""R:resistance:12273:g1\""]:cross:quote:1790454314606:2"", ""long""]",covered_top_of_book,15.986094635144093,15.605473334306264,2.6054733343062644,1
parallel_quote_tape,ZECUSDT,weak_level_rejection,short,new,"[""ZECUSDT"", ""weak_level_rejection"", ""R:day_high:2026-09-26:g1"", ""[\""structural_level\"",\""R:day_high:2026-09-26:g1\""]:failed:quote:1790456944082:3"", ""short""]",covered_top_of_book,-0.06301197227467488,-20.856962822936016,-33.85696282293601,1
parallel_quote_tape,ZECUSDT,weak_level_rejection,short,new,"[""ZECUSDT"", ""weak_level_rejection"", ""R:day_high:2026-09-26:g1"", ""[\""structural_level\"",\""R:day_high:2026-09-26:g1\""]:failed:quote:1790457899850:23"", ""short""]",covered_top_of_book,1.2804721893637663,-34.633723978976256,-47.633723978976256,1
