split,dimension,group,n,time_groups,symbols,mean_net,median_net,p05_net,p95_net,mean_gross,mean_fees,positive_fraction,timeout_positive,timeout_negative,timeout_zero,largest_symbol_fraction,largest_time_group_fraction,target_first_fraction,stop_first_fraction,timeout_fraction,largest_symbol,target_first_mean_net,stop_first_mean_net,timeout_mean_net,timeout_positive_mean_net,timeout_nonpositive_mean_net,duration_s_p05,duration_s_p50,duration_s_p95,duration_s_max,target_bps_p05,target_bps_p50,target_bps_p95,target_bps_max,stop_bps_p05,stop_bps_p50,stop_bps_p95,stop_bps_max,entry_delay_ms_p05,entry_delay_ms_p50,entry_delay_ms_p95,entry_delay_ms_max,mfe_bps_covered,mfe_bps_p05,mfe_bps_p50,mfe_bps_p95,mae_bps_covered,mae_bps_p05,mae_bps_p50,mae_bps_p95,target_to_range_known,target_to_range_median,stop_to_range_known,stop_to_range_median,target_to_spread_known,target_to_spread_median,nominal_to_depth_known,nominal_to_depth_median,target_to_abs_move5_known,target_to_abs_move5_median
train,all,all,6482,59,12,-0.1320686510178942,-0.12529919999998873,-0.2761744580519993,-0.026018489821280025,-0.028023620384293128,0.10404503063360106,0.037334156124652886,157,5658,0,0.10459734649799445,0.020364085158901573,0.013113236655353286,0.08978710274606604,0.8970996605985807,XRPUSDT,0.1921493239768754,-0.28522309900871523,-0.12147925104264011,0.05720317345876378,-0.1264373883078788,14.243841305000002,29.8994033,30.0396584,30.6607197,29.160624306839523,29.761105343372172,29.996497765254926,29.999969284764116,15.004652237571303,15.16869234973628,15.615485753801726,17.012230897854863,100.4444,119.9477,281.5176,1359.016,6482,0.0,0.0,15.264953093433244,6482,-15.48108748892754,-3.1777810334122636,-1.0119960491348037,5860,6.82289552238732,5860,3.41144776119366,6482,46.20150000000509,6482,0.00038053231661927615,3407,17.751000000001955
train,symbol,ENAUSDT,667,58,1,-0.136309352202481,-0.16028603467750974,-0.3004790088432752,0.1813031621963088,-0.026473067161916605,0.10983628504056439,0.191904047976012,62,289,0,1.0,0.017991004497751123,0.09895052473763119,0.3748125937031484,0.5262368815592204,ENAUSDT,0.18751189298471788,-0.2900589501537462,-0.0876905564604264,0.06573509951285343,-0.12060540307061099,3.8276122200000002,29.8804318,29.92841358,30.4161029,29.667607617559266,29.78718275105985,29.97724587873951,29.99887965350556,15.015918414535868,15.131435972479679,15.330083667814852,15.35852232077195,100.3498186,112.7398,134.0044299999999,564.665499,667,0.0,6.95183183430888,30.28335248520971,667,-17.764334001661737,-11.249923409078102,-1.5980423221603108,663,1.3451612903225605,663,0.6725806451612802,667,83.76449999991623,667,0.03202278700534133,629,7.5567272727273425
train,side,long,3240,59,12,-0.12648407032445325,-0.11942577555551105,-0.27367507848666334,-0.008576273832351591,-0.02244453002005996,0.10403954030439326,0.04537037037037037,96,2830,0,0.10462962962962963,0.020370370370370372,0.01574074074074074,0.08117283950617284,0.9030864197530865,XRPUSDT,0.18709979076212158,-0.28567709702202654,-0.11764094349395204,0.05180314123756342,-0.12338887004314833,14.50940797,29.89940965,30.03962192,30.6607197,29.161696430544115,29.760686616826515,29.996947146537998,29.999969284764116,15.004048939284754,15.167420587640645,15.61565020183564,17.012230897854863,100.44437500000001,119.96039999999999,281.5428149999999,1359.016,3240,0.0,0.0,15.612789774617298,3240,-15.351771530378288,-3.049925679926168,-1.0118057500910953,2929,6.82289552238732,2929,3.41144776119366,3240,46.20150000000509,3240,0.0003804898934825097,1702,17.751750000001955
train,capture,capture-20260926T093515Z,6482,59,12,-0.1320686510178942,-0.12529919999998873,-0.2761744580519993,-0.026018489821280025,-0.028023620384293128,0.10404503063360106,0.037334156124652886,157,5658,0,0.10459734649799445,0.020364085158901573,0.013113236655353286,0.08978710274606604,0.8970996605985807,XRPUSDT,0.1921493239768754,-0.28522309900871523,-0.12147925104264011,0.05720317345876378,-0.1264373883078788,14.243841305000002,29.8994033,30.0396584,30.6607197,29.160624306839523,29.761105343372172,29.996497765254926,29.999969284764116,15.004652237571303,15.16869234973628,15.615485753801726,17.012230897854863,100.4444,119.9477,281.5176,1359.016,6482,0.0,0.0,15.264953093433244,6482,-15.48108748892754,-3.1777810334122636,-1.0119960491348037,5860,6.82289552238732,5860,3.41144776119366,6482,46.20150000000509,6482,0.00038053231661927615,3407,17.751000000001955
train,outcome,stop_first,582,59,6,-0.28522309900871523,-0.2784879794364691,-0.32337684897283875,-0.2625294001532505,-0.17626415242267657,0.10895894658603866,0.0,0,0,0,0.42955326460481097,0.03608247422680412,0.0,1.0,0.0,ENAUSDT,,-0.28522309900871523,,,,2.3259874550000004,14.06817385,27.89962052,29.9148422,28.222775833265047,29.703643001742776,29.969386678414036,29.99887965350556,15.036070366493403,15.2823098941679,15.584054057385387,16.9502351600348,100.4875,115.97640000000001,228.01237499999942,1000.2391,582,0.0,0.0,7.988904949477949,582,-20.229008478093462,-15.548662162957955,-15.104776002048771,564,1.8133124999999986,564,0.9066562499999993,582,35.37449999996458,582,0.0017472929286903244,436,8.511600000000936
train,liquidity,known,4327,59,12,-0.1324603690359637,-0.12897143999999935,-0.27750336348168125,-0.02184785346495724,-0.027971707691701514,0.1044886613442622,0.03975040443725445,110,3766,0,0.13196209845158308,0.02264848624913335,0.014328634157614976,0.08990062398890686,0.8957707418534782,ENAUSDT,0.19232864185092086,-0.2862732103179707,-0.12221881160982495,0.05897342727500043,-0.127511203080173,13.75219618,29.8993418,30.0468682,30.6607197,29.160906444656522,29.75958863058681,29.996210226372888,29.999962591762408,15.005079807916655,15.165822531262307,15.631690900782536,17.012230897854863,100.4298,119.9656,291.8035,1359.016,4327,0.0,0.0,15.75527829162786,4327,-15.524898250042103,-3.399928851991577,-1.0120081456577836,3879,6.414230769229832,3879,3.207115384614916,4327,36.13650000003286,4327,0.00043473780159355703,2202,17.628000000001943
train,signed_move5,low,3330,59,12,-0.13105973401357457,-0.12426189500550389,-0.27567503183869174,-0.01633467883735671,-0.026844530968766867,0.10421520304480769,0.043243243243243246,104,2891,0,0.11951951951951952,0.025525525525525526,0.012012012012012012,0.08858858858858859,0.8993993993993994,XRPUSDT,0.18892680048006763,-0.2852356367163587,-0.12014740349017702,0.05961861512208238,-0.12661425438456475,14.681816585,29.89946185,30.03556097,30.6607197,28.5763209794504,29.759503400084153,29.996328165322605,29.999969284764116,15.00466843541437,15.174089313891859,15.601768326488795,17.012230897854863,100.453775,119.8003,266.1164549999997,1359.016,3330,0.0,0.0,17.070414176967287,3330,-15.494303053494503,-3.3795000569329043,-1.0119949879682812,3197,6.632571428570055,3197,3.3162857142850277,3330,46.20450000000509,3330,0.0004036358347060948,1701,17.752500000001955
train,signed_flow5,low,2873,59,12,-0.13330941541297192,-0.12478960000000477,-0.2785625543776353,-0.02311300013589788,-0.029344580247474474,0.10396483516549745,0.03863557257222416,71,2476,0,0.11729899060215802,0.02297250261051166,0.013922728854855551,0.09954751131221719,0.8865297598329273,XRPUSDT,0.1896702500985759,-0.2862768438214761,-0.12120517595306995,0.057554314354637495,-0.12633115487546384,13.679938839999998,29.8993418,30.03552176,30.6607197,29.181908743651785,29.76625414381484,29.996498975191077,29.999969284764116,15.004054573505954,15.170454375137421,15.59127409527572,17.012230897854863,100.45112,119.7886,267.38242000000014,1359.016,2873,0.0,0.0,16.2518682212365,2873,-15.601527177751935,-3.4270965387584535,-1.0120083753649292,2644,6.602142857143584,2644,3.301071428571792,2873,46.21950000000509,2873,0.0004091140173940871,1701,17.752500000001955
train,range,medium,697,57,5,-0.14284958444170517,-0.15170305170500284,-0.29341505319997274,0.12556127814470214,-0.0343456980014322,0.10850388644027296,0.12195121951219512,54,422,0,0.3701578192252511,0.040172166427546625,0.04447632711621234,0.27259684361549497,0.6829268292682927,ENAUSDT,0.18950304609973842,-0.2853861470496915,-0.10759955219646852,0.05241426056749882,-0.12807525335583878,6.325002960000001,29.892743,29.9930235,30.3161064,28.081602277060913,29.71396664717463,29.95940782293216,29.999411357521932,15.03826336008296,15.313705137141032,15.601115168756952,16.933530357006177,100.345198,117.1049,258.0783,467.2544,697,0.0,3.1413300997523717,27.580666848492445,697,-17.33813546749875,-9.13926591031316,-1.8547055037528104,697,1.495392857142992,697,0.747696428571496,697,35.17950000000387,697,0.0018071904529887324,553,9.229666666668823
train,spread,low,4442,59,8,-0.12416605379934666,-0.11677399955999537,-0.27576242730433526,-0.027035817576267426,-0.022684384544122357,0.10148166925522428,0.03782080144079244,97,3954,0,0.15263394867176946,0.01891040072039622,0.015983791085096802,0.07203962179198559,0.9119765871229176,XRPUSDT,0.186080353893583,-0.28499618462747744,-0.11689916984012573,0.06021656306641629,-0.1212441941425877,15.835179785000001,29.8995568,30.0297127,30.6607197,29.370579365878278,29.898503197333113,29.997656629137115,29.999969284764116,15.003351413192313,15.099352705738589,15.510967305303048,15.852488589778169,100.5395,119.8555,282.9441,1359.016,4442,0.0,0.0,15.470300314946478,4442,-15.383880261181588,-2.660430399310496,-1.0118101186362314,4082,8.489500000000572,4082,4.244750000000286,4442,83.83649999991616,4442,0.0003002854026815767,2583,23.217000000002557
train,depth,medium,672,58,2,-0.13328186884846177,-0.139080746304091,-0.2977672991393351,0.17951553713097204,-0.025098951617556937,0.10818291723090483,0.15476190476190477,53,364,0,0.8184523809523809,0.026785714285714284,0.07589285714285714,0.30357142857142855,0.6205357142857143,ENAUSDT,0.18877042202428032,-0.29095351849575485,-0.09553522689753148,0.06979155256095644,-0.11960753269780579,4.35789191,29.8853493,29.9781576,30.5178992,29.67117320766599,29.857643795712654,29.989515565027435,29.999456604923314,15.011641505265573,15.098682781053974,15.326727672506202,15.35852232077195,100.40889,114.2356,204.75562999999943,666.2686,672,0.0,4.439781947700839,29.989103843316013,672,-17.568163790477094,-8.695960728152404,-1.3513784505889483,660,1.535333333333376,660,0.767666666666688,672,83.83049999991616,672,0.03011211293709358,588,7.743545454545527
train,side,short,3242,59,12,-0.13764978656593513,-0.1299254385000015,-0.27793380323526895,-0.03310107643518315,-0.03359926899012763,0.10405051757580751,0.02930289944478717,61,2828,0,0.10456508328192474,0.020357803824799507,0.010487353485502776,0.09839605181986429,0.8911165946946329,XRPUSDT,0.19972362379900604,-0.2848487997062047,-0.12536671656270287,0.06570158482327582,-0.12948806252612038,14.089426150000001,29.89939105,30.039701530000002,30.6607197,29.147393182507084,29.761833210714684,29.996236380044337,29.99965902999002,15.004836278265877,15.170454375137421,15.612585711378578,16.933530357006177,100.4445,119.93639999999999,281.49431999999996,1359.016,3242,0.0,0.0,14.792106959141726,3242,-15.56365330728923,-3.3530480842950063,-1.0120105764283205,2931,6.82289552238732,2931,3.41144776119366,3242,46.20150000000509,3242,0.00038080626675362014,1705,17.749500000001955
train,outcome,timeout,5815,59,12,-0.12147925104264011,-0.11974136943899902,-0.20177880439999837,-0.03466367009288778,-0.018005107482543456,0.10347414356009665,0.02699914015477214,157,5658,0,0.11659501289767842,0.02115219260533104,0.0,0.0,1.0,XRPUSDT,,,-0.12147925104264011,0.05720317345876378,-0.1264373883078788,29.743121209999998,29.9002753,30.0505288,30.6607197,29.172540517442002,29.772207990028665,29.99681162270118,29.999969284764116,15.004083386604528,15.164332972825711,15.616611291619398,17.012230897854863,100.43839,120.2449,295.0646,1359.016,5815,0.0,0.0,13.456671447619907,5815,-11.281902423875394,-2.941956225198698,-1.0119940090693198,5212,7.3492500000003,5212,3.67462500000015,5815,46.20450000000509,5815,0.00034203166616109766,2896,22.90199999999479
train,signed_move5,high,666,59,11,-0.14942405804439152,-0.15015203139699632,-0.29279302235388843,0.12002353449532682,-0.04136591403603385,0.10805814400835766,0.08558558558558559,26,428,0,0.35135135135135137,0.03303303303303303,0.046546546546546545,0.27177177177177175,0.6816816816816816,ENAUSDT,0.19346160761151768,-0.28675622701082415,-0.11808558459154764,0.05299615633943887,-0.1284784006294113,4.994150225,29.887929,30.01499335,30.4161029,28.345611545377846,29.721204304496432,29.98063378380822,29.99889694303315,15.024587056791939,15.257894648762482,15.625553556924965,16.9502351600348,100.368575,116.24095,210.11372500000002,638.7703,666,0.0,2.0654473128468265,28.666819578733808,666,-17.200812062721916,-7.720135662428322,-1.7904692403653049,664,1.8882810606060567,664,0.9441405303030284,666,35.5949999999644,666,0.001676610841765674,666,7.894157002677169
train,signed_flow5,medium,219,57,11,-0.1354701610547642,-0.12887316000000684,-0.2857252366322418,0.08831502387090318,-0.031343414205477226,0.10412674684928698,0.0730593607305936,9,166,0,0.2557077625570776,0.0365296803652968,0.0319634703196347,0.1689497716894977,0.7990867579908676,ENAUSDT,0.18131304381990695,-0.28368379663489085,-0.11680489201281001,0.08660206555144696,-0.12783298007352273,9.75657227,29.8967581,30.03608576,30.4187972,29.304386749145596,29.78432350554727,29.995774502487027,29.99989544029802,15.00533404088622,15.1387280100157,15.596781969050566,16.59316764776375,100.53097,119.138,240.7109,573.1311,219,0.0,0.0,24.342536985098505,219,-16.00985532806349,-4.326524013988477,-1.0118099945101564,207,5.046593406592953,207,2.5232967032964764,219,83.00849999991698,219,0.0005910597800148909,173,17.493456521737745
train,symbol,ZECUSDT,625,57,1,-0.12045796081949252,-0.1198085700329915,-0.18096056739239394,-0.059493758733001945,-0.019693458575997323,0.1007645022434952,0.0048,2,616,0,1.0,0.0192,0.0016,0.0096,0.9888,ZECUSDT,0.15724012521300612,-0.27947363130274316,-0.11936346901226436,0.040153928777995965,-0.1198813826414535,29.66594704,29.8986712,30.096509320000003,30.6607197,29.936556768895393,29.96646511208567,29.997068808108597,29.99955224548989,15.004994829375118,15.042702166493394,15.06162749588924,15.06539959124975,100.86088,138.3682,428.5091999999983,1359.016,625,0.0,0.37805963208837623,6.466248535404465,625,-9.175802394126704,-2.5728942575066243,-1.0653191406839029,565,6.716338235293489,565,3.3581691176467445,625,457.71750000041624,625,0.0063463679311123585,350,25.40399999999102
train,liquidity,unknown,2155,59,12,-0.13128212486281912,-0.11858089051699135,-0.273785108227991,-0.02868523940309265,-0.02812785528955712,0.10315426957326199,0.03248259860788863,47,1892,0,0.18700696055684454,0.03155452436194896,0.010672853828306265,0.08955916473317865,0.8997679814385151,NEARUSDT,0.19166594535988316,-0.28310655341648533,-0.12000089273505456,0.053060026229273756,-0.12429997476006695,15.677227120000001,29.8995339,30.02837842,30.5178992,29.16294860622537,29.771119706398785,29.997202387115674,29.999969284764116,15.003717389434623,15.178817523149313,15.534562382377825,16.9502351600348,100.54184000000001,119.9114,272.2622599999999,1018.2304,2155,0.0,0.0,13.511799429900686,2155,-15.418548487664674,-3.035305565558429,-1.0119928478167217,1981,7.278000000000802,1981,3.639000000000401,2155,46.23150000000509,2155,0.00033212728241115017,1205,18.04950000000359
train,range,low,5408,59,12,-0.1298039785452978,-0.12349831940322256,-0.25349063330789773,-0.05860608872683524,-0.026704822161055953,0.10309915638424186,0.019230769230769232,73,5043,0,0.1253698224852071,0.021819526627218935,0.005732248520710059,0.048261834319526624,0.9460059171597633,XRPUSDT,0.20146654017654303,-0.2845093972705623,-0.12391876974801147,0.05221382303540544,-0.12646837896339705,26.823522900000007,29.8996713,30.045768674999998,30.6607197,29.172319197580396,29.779052044878185,29.997048656882352,29.999969284764116,15.003850779609085,15.161246703525588,15.621286987821891,17.012230897854863,100.4584,120.5772,298.8703,1359.016,5408,0.0,0.0,9.232040718495545,5408,-14.095192396327825,-2.826201398124686,-1.0119916500614086,4786,9.030749999998587,4786,4.515374999999294,5408,46.20450000000509,5408,0.00032569650072536855,2509,27.473999999985946
train,depth,high,5787,59,12,-0.13190612579680144,-0.12487980033001199,-0.2709458397769969,-0.048342790015522455,-0.0283646570416433,0.10354146875515814,0.02263694487644721,100,5290,0,0.11715914981855884,0.02177293934681182,0.005356834283739416,0.06324520476931052,0.93139796094695,XRPUSDT,0.19891034378204722,-0.28219917902812164,-0.12360335271225248,0.0504272341457003,-0.1268931558664671,21.744732420000002,29.8996261,30.0406429,30.6607197,28.607562639787698,29.73752963863263,29.996777108335372,29.999969284764116,15.00433797613321,15.172054534623447,15.6261985077063,17.012230897854863,100.45274,120.4293,295.4988099999999,1359.016,5787,0.0,0.0,10.819167394506959,5787,-15.292519548875138,-3.030153837407026,-1.0119929793433864,5177,7.3439999999977505,5177,3.6719999999988753,5787,36.06449999998156,5787,0.0003395235958333979,2798,22.399499999992077
train,signed_move5,medium,1040,59,10,-0.12813586908535687,-0.1223320829592538,-0.2696182894447548,-0.04895542776338279,-0.02544949903269042,0.10268637005266645,0.025961538461538463,16,949,0,0.17884615384615385,0.03076923076923077,0.010576923076923078,0.06153846153846154,0.9278846153846154,XRPUSDT,0.17802828330624007,-0.2825514750954209,-0.12138478814407548,0.05247667295192937,-0.12431606672946652,20.23843153,29.8996499,30.038127975,30.6375537,29.358810065595044,29.826831460416095,29.997279722808358,29.999604109098854,15.003829161841564,15.1552581194625,15.570134311244543,16.65685018880092,100.42872,120.14405,280.309075,1005.7098,1040,0.0,0.0,10.82669724014972,1040,-15.162074117487062,-2.7896838153084245,-1.0119975280206528,1039,8.991749999998595,1039,4.495874999999297,1040,46.39800000000511,1040,0.00032004332854549685,1040,35.4780000000039
train,signed_flow5,high,2658,59,12,-0.13028648765217116,-0.12351151414303968,-0.27649460654648944,-0.01853546330368063,-0.026329746952217976,0.10395674069995318,0.041008276899924756,73,2310,0,0.12039127163280662,0.024078254326561323,0.013544018058690745,0.08991723100075244,0.8965387509405568,XRPUSDT,0.19036068218883406,-0.28451796176883964,-0.11966205450084613,0.05296525063917941,-0.12511737626501143,13.34054164,29.899474050000002,30.03554441,30.6607197,29.162235201475927,29.769993242715344,29.996741994620102,29.99989544029802,15.004652237571303,15.17186269394566,15.600499863978824,16.9502351600348,100.4461,119.82855,271.197265,1359.016,2658,0.0,0.0,15.563389079304521,2658,-15.411858861112192,-3.1776197312196346,-1.011991565226252,2443,6.608571428572157,2443,3.3042857142860784,2658,46.21500000000509,2658,0.0003928168172943555,1533,17.754000000001955
train,symbol,SUIUSDT,510,49,1,-0.13002128288828202,-0.13259260054999034,-0.2658219679200007,0.03563841370101046,-0.026731026862742806,0.10329025602553922,0.07450980392156863,34,402,0,1.0,0.023529411764705882,0.00784313725490196,0.13725490196078433,0.8549019607843137,SUIUSDT,0.16967001606000176,-0.2672069686664947,-0.11074551956561747,0.05221976109397008,-0.12452865275573183,13.513957745,29.89941435,30.0985909,30.6375537,29.169781567012944,29.640583216653525,29.96878236796502,29.999411357521932,15.201970767766415,15.501094490446565,15.65616956013549,15.852488589778169,100.66803455,120.9485,407.1477449999997,1156.1239,510,0.0,2.3795201846162657,18.16270221125552,510,-16.175676910847567,-6.078291064278036,-1.8504807666078218,484,2.681769230769526,484,1.340884615384763,510,35.155500000003876,510,0.001758088468383038,384,17.520750000001932
train,symbol,ETHUSDT,674,59,1,-0.1049659653280712,-0.10487362501650453,-0.12778910527050305,-0.08230620026250757,-0.01640245620177893,0.0885635091262923,0.0,0,674,0,1.0,0.017804154302670624,0.0,0.0,1.0,ETHUSDT,,,-0.1049659653280712,,-0.1049659653280712,29.739055805,29.9020218,30.048505470000002,30.5032826,29.963210580661315,29.972499811473096,29.998808868099136,29.999962591762408,15.008239671850498,15.027719800142503,15.035016050754635,15.037087823628337,101.21684895,125.5647,313.7950800000008,804.6674,674,0.0,0.0,2.1667690691713415,674,-4.241084103704834,-1.037414598778506,-1.0371130066785403,614,21.791027027006674,614,10.895513513503337,674,805.0754999824269,674,0.000305033598990328,308,80.59784999989002
train,outcome,target_first,85,34,5,0.1921493239768754,0.18137865960223826,0.16565233584000452,0.2612438359148767,0.3016038751764695,0.10945455119959414,1.0,0,0,0,0.7764705882352941,0.07058823529411765,1.0,0.0,0.0,ENAUSDT,0.1921493239768754,,,,,4.3258488999999996,20.2535224,27.80707126,29.5560493,29.39438200684963,29.733736633126284,29.975291157771533,29.99764614387668,15.03051194034466,15.20403396836345,15.457434102305045,15.554485308384436,101.32418,116.043897,158.97271999999998,262.2529,85,29.568223600465448,30.29909507149776,38.22908315763715,85,-9.424821314833167,-3.0405122753039704,-1.3571427876113131,84,1.4094529661017319,84,0.7047264830508659,85,83.70449999991628,85,0.020264500159233378,75,8.334000000000918
train,signed_move5,unknown,1446,59,12,-0.12922707823406013,-0.1247844000000068,-0.20454687415800538,-0.0714546775918615,-0.026445118577453523,0.10278195965660662,0.009681881051175657,11,1390,0,0.25311203319502074,0.0318118948824343,0.002074688796680498,0.029045643153526972,0.9688796680497925,HYPEUSDT,0.27333318883533725,-0.28259903087334154,-0.12549121727071852,0.051185038933915086,-0.12688937469392064,29.50577105,29.899838600000002,30.0772535,30.5599466,29.16571173715965,29.761975283072452,29.997487163253567,29.99989544029802,15.004067544062138,15.156567921601471,15.642404275039157,16.752606055538966,100.4473,122.8818,359.4736,1156.1239,1446,0.0,0.0,5.720299411986275,1446,-10.762772900946338,-2.3003441342661937,-1.011991565226252,960,12.008499999999547,960,6.004249999999773,1446,35.99849999998159,1446,0.00032973010854328404,0,
train,signed_flow5,unknown,732,57,11,-0.13265245350554306,-0.12996723999998347,-0.20903700618765358,-0.06864494428386853,-0.027996520724042365,0.10465593278150069,0.00819672131147541,4,706,0,0.3879781420765027,0.03278688524590164,0.00273224043715847,0.0273224043715847,0.9699453551912568,HYPEUSDT,0.3118533342769968,-0.2814286475943225,-0.12971370377848598,0.062165006805882904,-0.1308008352832133,29.402906,29.8997229,30.087207835,30.5599466,28.355247926187268,29.629435563164886,29.995396276304874,29.99989544029802,15.006721411298441,15.162736317206882,15.665288048495428,16.752606055538966,100.3686,127.6551,381.5246,1016.0396,732,0.0,0.0,5.967210063617104,732,-11.005790037528229,-2.563723331860044,-1.0120121312922956,566,9.166999999999652,566,4.583499999999826,732,27.553500000025064,732,0.00034388965631733707,0,
train,range,high,377,45,5,-0.1446231288306394,-0.15831440357520096,-0.29772911113328937,0.1792317003806948,-0.03525325617241167,0.10936987265822772,0.14058355437665782,30,193,0,0.6445623342175066,0.04774535809018567,0.0610079575596817,0.34748010610079577,0.5915119363395226,ENAUSDT,0.18315805928129042,-0.28640857248865753,-0.0951391566663973,0.07796396935987934,-0.12204637832851284,5.41502164,29.8886622,29.9538883,30.4161029,29.317249585778526,29.743420908123763,29.980281042621737,29.998002646746123,15.019201621909062,15.196910104404715,15.470934103744671,16.537104564906535,100.3925,114.044,142.281,564.665499,377,0.0,5.3537755300305445,29.94626128366778,377,-17.310986187854567,-10.650737739189458,-1.786591865790606,377,0.7981428571428605,377,0.39907142857143024,377,83.30249999991669,377,0.013894360565270386,345,7.2420000000007985
train,depth,low,23,10,1,-0.13751434981451793,-0.27023958772200796,-0.2945631131008547,0.1793222380361336,-0.027667023652174473,0.10984732616234347,0.30434782608695654,4,4,0,1.0,0.17391304347826086,0.13043478260869565,0.5217391304347826,0.34782608695652173,ENAUSDT,0.17972678585088184,-0.28003552713714525,-0.04269800970510193,0.05980563318129793,-0.14520165259150178,2.4368197200000004,20.2600349,29.90975071,29.9126996,29.689004405165086,29.850139761802286,29.972589887758748,29.997699733329554,15.013516284458905,15.138287110210147,15.347178931069516,15.352340673022713,100.1033489,119.1788,421.52065999999957,452.806,23,0.0,6.226340344455574,29.955849544721005,23,-16.219834894560318,-15.045968658906736,-1.3855875873493466,23,0.7573363636363706,23,0.3786681818181853,23,83.35349999991665,23,0.12469738905239974,21,7.580454545454614
train,symbol,SOLUSDT,658,58,1,-0.13301588311543805,-0.13299240043998695,-0.18084836307998958,-0.08476359780000577,-0.027243500303948683,0.10577238281148939,0.0,0,657,0,1.0,0.0182370820668693,0.0,0.001519756838905775,0.9984802431610942,SOLUSDT,,-0.26074280747999024,-0.1328214737937264,,-0.1328214737937264,29.779258464999998,29.8997662,30.0185531,30.3789325,29.687991190893158,29.786735897434635,29.85972410228338,29.872334805649547,15.100449025318818,15.145448625616398,15.179329581223033,15.478372991911682,100.7585,122.3044,268.4632,646.7453,658,0.0,0.0,3.9781890721626127,658,-7.6362944736058465,-3.4879749155081754,-1.8298232192628958,574,8.99250000000179,574,4.496250000000895,658,36.05249999998156,658,0.00010369979947538667,302,35.98200000003273
train,symbol,XRPUSDT,678,58,1,-0.136565748073209,-0.13644097785583703,-0.1818898786055905,-0.09103071730830549,-0.026629300418876414,0.10993644765433261,0.0,0,678,0,1.0,0.017699115044247787,0.0,0.0,1.0,XRPUSDT,,,-0.136565748073209,,-0.136565748073209,29.7999753,29.8997564,29.98539128,30.3187826,29.358821223819387,29.46506329938203,29.64289667357178,29.99874397369373,15.208774955653649,15.250229686181171,15.286315333695732,15.647908252304221,100.385295,119.5538,216.23882499999996,299.1026,678,0.0,0.0,3.5448500259199354,678,-6.844460824238566,-2.941956225198698,-1.6459965019187621,634,7.735999999997989,634,3.8679999999989945,678,46.3125000000051,678,0.0002533113268530447,412,46.2030000000051
train,symbol,BTCUSDT,642,56,1,-0.10934706683572751,-0.10939106500549314,-0.1265062191957154,-0.09230448582022913,-0.016907372850468134,0.09243969398525935,0.0,0,642,0,1.0,0.018691588785046728,0.0,0.0,1.0,BTCUSDT,,,-0.10934706683572751,,-0.10934706683572751,29.8244491,29.9013623,30.0038351,30.4187972,29.989085578478733,29.994119964769638,29.99899750445456,29.999969284764116,15.000489076886225,15.00533404088622,15.010314211732044,15.011750778735067,100.5187,118.3614,205.0159,569.1554,642,0.0,0.0,1.2591764109393468,642,-3.2825810124507293,-1.0119959076354565,-1.0117891730147666,560,280.23816666847915,560,140.11908333423958,642,2521.408499853235,642,0.00012738856008763527,214,2518.9380002199323
train,symbol,ONDOUSDT,615,55,1,-0.1536218449455676,-0.1482528760064888,-0.2866487946338909,0.01401692188919987,-0.043934942796746444,0.10968690214882114,0.05365853658536585,29,474,0,1.0,0.01951219512195122,0.0065040650406504065,0.17560975609756097,0.8178861788617886,ONDOUSDT,0.18378367225349818,-0.28175545674680713,-0.12879320079897189,0.04915523345525726,-0.13968034129131923,10.786589120000002,29.8968658,30.0879494,30.4599468,28.24763227516236,29.529079681176462,29.941150580988563,29.99627097830082,15.279593281476433,15.485955931753281,16.02406152060365,16.805504030139584,100.2177,120.201,278.7318,680.3448,615,0.0,0.8052995025485989,15.403557191337287,615,-15.669256474316256,-6.486821594043292,-2.805425488509983,583,2.8010000000003084,583,1.4005000000001542,615,16.579500000001826,615,0.0006474498844783659,335,16.359000000001803
train,spread,medium,2040,58,6,-0.1492761690790649,-0.14081764559949284,-0.278473693739348,-0.021701514060018554,-0.039649544699017915,0.10962662438004697,0.03627450980392157,60,1704,0,0.30196078431372547,0.024509803921568627,0.006862745098039216,0.1284313725490196,0.8647058823529412,HYPEUSDT,0.2229276722564295,-0.2855002463445782,-0.13199734001734859,0.05233152692639223,-0.1384877930787479,11.73656179,29.89841625,30.078124,30.4968776,28.205184147787445,29.53268655079,29.911707428726952,29.99627097830082,15.151971414076538,15.30030659127435,15.68002495034082,17.012230897854863,100.250085,120.201,280.72558,1016.0396,2040,0.0,0.0,15.211511807136834,2040,-15.518349844107629,-4.785792932253653,-2.0887598706097132,1778,4.114500000000453,1778,2.0572500000002263,2040,16.64250000000183,2040,0.0004463932599480935,824,14.589000000008086
train,symbol,HYPEUSDT,616,55,1,-0.14088464004045742,-0.1406759455995014,-0.18291879297000524,-0.0964942182180128,-0.031537746720778866,0.10934689331967859,0.0,0,616,0,1.0,0.01948051948051948,0.0,0.0,1.0,HYPEUSDT,,,-0.14088464004045742,,-0.14088464004045742,29.7179052,29.90021275,30.0951067,30.4968776,29.478219171332753,29.50736298164003,29.580658185943687,29.99385251273745,15.150455344188352,15.164279256121294,15.198696847404936,16.07258318500726,100.2825,133.9881,340.4449,1016.0396,616,0.0,0.0,2.2696169105484447,616,-6.451845170646465,-2.0921506870062907,-2.0887598706097132,456,9.181499999999652,456,4.590749999999826,616,27.53549999998591,616,0.0003275809865311495,98,27.533999999985916
train,symbol,NEARUSDT,571,50,1,-0.15678342666439563,-0.17001936222201278,-0.2939801090419996,0.03410538399800165,-0.04703232810857865,0.109751098555817,0.07005253940455342,30,384,0,1.0,0.021015761821366025,0.017513134851138354,0.2574430823117338,0.7250437828371279,NEARUSDT,0.23858527225760207,-0.2885268323403365,-0.11955493959883207,0.05413468527585221,-0.13312444154216677,5.63592415,29.8955813,29.959395299999997,30.307593,27.985507526232524,29.534197059031264,29.937600299376754,29.995140597534053,15.145615592039308,15.360384355490586,15.52583571485522,17.012230897854863,100.5305,116.303898,199.9622,467.2544,571,0.0,3.0392840336254707,19.304590336244978,571,-17.455826570411467,-9.13926591031316,-3.0343811972742016,525,2.108571428571527,525,1.0542857142857636,571,14.620500000008104,571,0.0004699853352308791,285,7.407000000000816
train,symbol,SOXLUSDT,4,1,1,-0.13578691536300258,-0.13578477036300343,-0.16779841862355102,-0.10377841510245299,-0.026474910000002582,0.10931200536300001,0.0,0,4,0,1.0,1.0,0.0,0.0,1.0,SOXLUSDT,,,-0.13578691536300258,,-0.13578691536300258,29.5192224,29.7107242,29.902226,29.902226,29.551677844503743,29.555648243690946,29.55961864287815,29.55961864287815,15.6115242012822,15.613570913938224,15.615617626594247,15.615617626594247,119.2136,309.84295,500.4723,500.4723,4,0.9929251195352702,2.3210891306543386,3.6492531417734067,4,-6.979175398607719,-5.649949544222023,-4.320723689836329,4,7.738971428569407,4,3.8694857142847034,4,45.16349999991272,4,0.002519720941739392,0,
train,symbol,DOGEUSDT,222,20,1,-0.1403640323297742,-0.1401460340615377,-0.20169910476720893,-0.07882509800913114,-0.030410169819816552,0.10995386250995767,0.0,0,222,0,1.0,0.05405405405405406,0.0,0.0,1.0,DOGEUSDT,,,-0.1403640323297742,,-0.1403640323297742,29.745282675,29.904799,30.113648085,30.4665572,29.606300840600674,29.640549734608612,29.7504847157537,29.890659067537406,15.282936489955269,15.298776557481908,15.350006003277072,15.561416629417124,100.33370500000001,134.3231,273.2151349999996,968.8107,222,0.0,0.0,5.131760064915267,222,-9.178117880116796,-3.049275319908721,-2.0206279746110813,198,7.322249999997758,198,3.661124999998879,222,29.371500000011387,222,0.0003522684817265806,90,29.313000000011368
calibration,all,all,4160,38,10,-0.13074963407105802,-0.12580536590750452,-0.26853099815099424,-0.04543617138037399,-0.026668983023796403,0.10408065104726161,0.026442307692307692,86,3815,0,0.10865384615384616,0.028846153846153848,0.0057692307692307696,0.056490384615384616,0.9377403846153847,ETHUSDT,0.19311109937107437,-0.28622351310281663,-0.12337621598086265,0.05312458728674919,-0.12735500210956896,24.12787385,29.8997787,30.0398463,30.6762278,28.546937847050536,29.81012827099061,29.996529679214845,29.99994549892304,15.003764358920813,15.138118707528903,15.519705831304242,17.05670165238704,100.327795,119.49375,274.7328849999996,839.6838,4160,0.0,0.0,11.254629854507439,4160,-15.278546464186753,-3.041953848304133,-1.0119978606314184,3764,7.264500000000413,3764,3.6322500000002065,4160,46.19850000000509,4160,0.00036194908494246715,2130,23.091000000002545
calibration,symbol,ETHUSDT,452,38,1,-0.10512627944127657,-0.10511893501651155,-0.12088777813192188,-0.0894177764010671,-0.01642711991150223,0.08869915952977434,0.0,0,452,0,1.0,0.02654867256637168,0.0,0.0,1.0,ETHUSDT,,,-0.10512627944127657,,-0.10512627944127657,29.7382366,29.90172505,30.0066988,30.6390545,29.965179719915746,29.977553180779438,29.996503292902823,29.999731840160138,15.001418227407193,15.021740406522266,15.035596085182235,15.037140083060674,100.8321,119.7164,300.0147,839.6838,452,0.0,0.0,1.4539597760721799,452,-3.527810211133839,-1.037317811393574,-1.037085114016198,394,25.214156249987106,394,12.607078124993553,452,806.3085000190666,452,0.00024202870691657463,156,181.47022500053174
calibration,side,long,2080,38,10,-0.13415695241747794,-0.12710677580849108,-0.272303694233079,-0.04722708044711299,-0.030080045099998322,0.10407690731747957,0.021634615384615384,40,1903,0,0.10865384615384616,0.028846153846153848,0.002403846153846154,0.06346153846153846,0.9341346153846154,ETHUSDT,0.18891086943344515,-0.28828615035021765,-0.1245173667160538,0.05705769253517042,-0.1283339733214395,22.581995020000004,29.899754899999998,30.039740655,30.6390545,28.727898615217406,29.8060230212549,29.997000299970544,29.999919469461123,15.005451758591803,15.135067615464903,15.518434490681132,17.05670165238704,100.327795,119.49375,274.7328849999999,839.6838,2080,0.0,0.0,10.391073225133196,2080,-15.384437544945113,-3.0554042150819605,-1.0118005313299117,1882,7.264500000000413,1882,3.6322500000002065,2080,46.19850000000509,2080,0.00036194908494246715,1065,23.091000000002545
calibration,capture,capture-20260926T121926Z,4160,38,10,-0.13074963407105802,-0.12580536590750452,-0.26853099815099424,-0.04543617138037399,-0.026668983023796403,0.10408065104726161,0.026442307692307692,86,3815,0,0.10865384615384616,0.028846153846153848,0.0057692307692307696,0.056490384615384616,0.9377403846153847,ETHUSDT,0.19311109937107437,-0.28622351310281663,-0.12337621598086265,0.05312458728674919,-0.12735500210956896,24.12787385,29.8997787,30.0398463,30.6762278,28.546937847050536,29.81012827099061,29.996529679214845,29.99994549892304,15.003764358920813,15.138118707528903,15.519705831304242,17.05670165238704,100.327795,119.49375,274.7328849999996,839.6838,4160,0.0,0.0,11.254629854507439,4160,-15.278546464186753,-3.041953848304133,-1.0119978606314184,3764,7.264500000000413,3764,3.6322500000002065,4160,46.19850000000509,4160,0.00036194908494246715,2130,23.091000000002545
calibration,outcome,timeout,3901,38,10,-0.12337621598086265,-0.12077294994500076,-0.1973980907113887,-0.04718841546798545,-0.019605457314020403,0.10377075866684224,0.022045629325813894,86,3815,0,0.11586772622404512,0.030504998718277363,0.0,0.0,1.0,ETHUSDT,,,-0.12337621598086265,0.05312458728674919,-0.12735500210956896,29.7609456,29.9003317,30.0452161,30.6762278,29.372415329522727,29.816825180026818,29.99696461709722,29.99994549892304,15.003285333992089,15.133484214819859,15.512861572115622,17.05670165238704,100.3504,119.6172,280.0224,839.6838,3901,0.0,0.0,10.731486912376113,3901,-10.981076580399147,-2.7473009733954847,-1.0119977757041623,3518,7.3499999999975465,3518,3.6749999999987732,3901,46.19850000000509,3901,0.0003303070860265307,1925,23.72805882351925
calibration,liquidity,unknown,1358,38,10,-0.13271291380603847,-0.12948129999998506,-0.2724496578539892,-0.0562778188580898,-0.027476419092045713,0.10523649471399275,0.022091310751104567,20,1255,0,0.23858615611192932,0.042709867452135494,0.007363770250368188,0.05375552282768778,0.938880706921944,XRPUSDT,0.19784511570171556,-0.285250440596683,-0.12657200466043886,0.06315642558144818,-0.12959556530174382,22.907266305000004,29.900165649999998,30.0280152,30.4605685,28.012332936566686,29.73585278208457,29.996559297227222,29.99994549892304,15.003395978782697,15.273063921221741,15.500225362984176,17.05670165238704,100.32778499999999,118.3045,241.11785499999917,680.3379,1358,0.0,0.0,9.374746071693453,1358,-15.314715087220922,-3.057825042229329,-1.011994451107755,1234,6.890999999998922,1234,3.445499999999461,1358,46.210500000005084,1358,0.00033454879468110726,810,20.95609090908831
calibration,signed_move5,low,2015,38,10,-0.12954721751022596,-0.12580879999999545,-0.2722612250319957,-0.03456226024470572,-0.02531387841786425,0.1042333390923617,0.032754342431761785,55,1830,0,0.12853598014888337,0.03523573200992556,0.005459057071960298,0.05905707196029777,0.9354838709677419,XRPUSDT,0.19700496959547517,-0.28569021610333023,-0.12159552373069456,0.052662684391588756,-0.1268327922808178,22.996847950000003,29.8998719,30.02927751,30.6762278,28.117445149915877,29.78938741880821,29.996492800372643,29.99994549892304,15.003275878596956,15.22020537045865,15.522778894443423,17.05670165238704,100.31029000000001,119.1533,261.4468,661.3285,2015,0.0,0.0,12.2066711359174,2015,-15.292978757583189,-3.0630125718843826,-1.0119978606314184,1964,7.261200000000413,1964,3.6306000000002063,2015,46.20750000000508,2015,0.0003823507815243092,1065,23.091000000002545
calibration,signed_flow5,low,1814,38,10,-0.13221263096516855,-0.1259595999999937,-0.27347602945955013,-0.04145460672674304,-0.02797604755071504,0.10423658341445351,0.02701212789415656,40,1643,0,0.12403528114663727,0.03252480705622933,0.004961411245865491,0.06725468577728776,0.9277839029768468,ENAUSDT,0.20619321391173928,-0.28435107653230657,-0.12299383253658944,0.05243185552076768,-0.1272646953012238,21.098314775000002,29.89983875,30.03932402,30.6390545,28.109119877909592,29.791827721717958,29.997000299970544,29.999919469461123,15.003351983217117,15.213092337938438,15.523213110880008,16.80040635681945,100.32299499999999,119.05725,260.510625,661.3285,1814,0.0,0.0,11.582592593613562,1814,-15.431117417557758,-3.060474986160026,-1.0119996599469934,1663,6.909749999998919,1663,3.4548749999994595,1814,46.210500000005084,1814,0.0003933867473524771,1065,23.091000000002545
calibration,range,low,3660,38,10,-0.12869084731726024,-0.1234608921430582,-0.21551886475198936,-0.058633676480005406,-0.025219689150544625,0.1034711581667156,0.016939890710382512,44,3478,0,0.12349726775956284,0.03224043715846994,0.004918032786885246,0.03278688524590164,0.9622950819672131,ETHUSDT,0.1929102951240116,-0.2843726687624313,-0.12503014373705648,0.055214075906290856,-0.12731040413507466,29.638673999999998,29.9001011,30.049259,30.6762278,29.379006543790442,29.82160720050586,29.997000299970544,29.99994549892304,15.002921255723667,15.12734126829951,15.503220316540444,17.05670165238704,100.3811,119.77074999999999,280.257,839.6838,3660,0.0,0.0,7.582673612260586,3660,-12.031057358451172,-2.650096974547707,-1.0119960491348037,3264,9.091125000000194,3264,4.545562500000097,3660,46.18650000000509,3660,0.0003068080043781581,1696,27.872000000023696
calibration,spread,low,2902,38,7,-0.12500476642823552,-0.11666968040700278,-0.25750788747999154,-0.04169143559998665,-0.023349332629908043,0.10165543379832746,0.02722260509993108,67,2673,0,0.15575465196416263,0.028945554789800137,0.004135079255685734,0.051688490696071676,0.9441764300482426,ETHUSDT,0.20093414309940313,-0.2843429160444164,-0.11770934470265323,0.0511366608722453,-0.12194154910726161,27.50747404,29.899906950000002,30.035442545,30.6762278,29.49075575439647,29.90208873489497,29.997548948335062,29.99994549892304,15.001800186449366,15.044599811687709,15.515308415334994,15.844650953781292,100.32591500000001,119.0836,262.6907349999999,839.6838,2902,0.0,0.0,11.485094544592673,2902,-15.048020226967365,-2.5120632783091494,-1.0118038699354972,2674,7.709500000000849,2674,3.8547500000004247,2902,84.1814999999158,2902,0.0002808770507585875,1662,27.819206896555215
calibration,depth,high,3730,38,10,-0.13021497418035596,-0.1236289461765679,-0.22648029055169638,-0.05864543089982346,-0.02665808319597693,0.10355689098437904,0.0160857908847185,48,3528,0,0.12117962466487936,0.030563002680965148,0.0032171581769436996,0.03806970509383378,0.9587131367292225,ETHUSDT,0.18528805564274564,-0.2833976621278716,-0.12519095143688,0.050822783262044424,-0.12758569612666132,29.590598980000003,29.899975,30.0403733,30.6762278,28.120948534121617,29.785364171304174,29.99699737573469,29.99994549892304,15.003267999101011,15.13353068303025,15.524019512833664,17.05670165238704,100.3738,119.7375,280.1879,839.6838,3730,0.0,0.0,8.392836362181693,3730,-13.41593961679341,-2.709694060475992,-1.0119963038445359,3340,7.707250000000849,3340,3.8536250000004246,3730,36.34349999998141,3730,0.0003129874361871622,1734,25.188281249987114
calibration,side,short,2080,38,10,-0.12734231572463814,-0.122491199999993,-0.2543910108634418,-0.04165216510163596,-0.023257920947594487,0.10408439477704365,0.03125,46,1912,0,0.10865384615384616,0.028846153846153848,0.009134615384615385,0.04951923076923077,0.9413461538461538,ETHUSDT,0.19421642303887157,-0.2835801333294483,-0.12224380746274396,0.049704495766382924,-0.1263806390257878,26.631014925000002,29.89979155,30.03995143,30.6762278,28.400314379406932,29.8164633767517,29.996157308769256,29.99994549892304,15.002009567514962,15.141170414625371,15.522778894443423,16.666469886050805,100.327795,119.49375,274.7328849999999,839.6838,2080,0.0,0.0,11.79372931155847,2080,-14.727955799139325,-2.9723359177985067,-1.012001768546028,1882,7.264500000000413,1882,3.6322500000002065,2080,46.19850000000509,2080,0.00036194908494246715,1065,23.091000000002545
calibration,signed_flow5,high,1684,38,10,-0.13067723788290292,-0.12404819170077541,-0.2704254055578527,-0.04551065119053735,-0.02646095632185089,0.10421628156105203,0.030878859857482184,40,1532,0,0.12529691211401425,0.0332541567695962,0.007125890736342043,0.05938242280285035,0.9334916864608076,XRPUSDT,0.1870564944968871,-0.28863425138134846,-0.12305453014671522,0.05369632021635577,-0.1276694348559338,23.179968685000002,29.899864200000003,30.036888495,30.6762278,28.129194476982754,29.80174134346314,29.996529679214845,29.99994549892304,15.003869072004573,15.179729679508647,15.52526034320545,17.05670165238704,100.314215,119.10395,260.64784499999996,661.3285,1684,0.0,0.0,11.40903236910753,1684,-15.277932015450514,-3.0490657504529466,-1.0119966279051325,1543,6.9138358208947714,1543,3.4569179104473857,1684,46.20750000000508,1684,0.00038037571938607986,973,23.082000000002537
calibration,symbol,ENAUSDT,452,38,1,-0.1396102736037778,-0.13949242553515512,-0.29514780609357844,0.08123151909202529,-0.029763341873891635,0.10984693172988619,0.1261061946902655,47,281,0,1.0,0.02654867256637168,0.022123893805309734,0.252212389380531,0.7256637168141593,ENAUSDT,0.20909795913543175,-0.2900877407042851,-0.09794152689016276,0.0547592101654562,-0.12348221956494601,7.19349638,29.8981074,29.95390841,30.2529338,29.655877724725887,29.838742556715925,29.986185576128587,29.999137341264472,15.013211441982422,15.242731952084254,15.32944417354959,15.358543126122726,100.0774,113.73025,179.1278,364.9933,452,0.0,4.697092735174628,24.198748047721374,452,-17.003446750939332,-8.11326117653255,-1.3587676863858809,450,1.7526874999998687,450,0.8763437499999344,452,84.11549999991588,452,0.02545318513574803,426,10.515000000004076
calibration,signed_move5,medium,664,38,9,-0.1265973097445596,-0.11926103223047886,-0.22639959755497704,-0.05260458679026093,-0.023238988301203273,0.10335832144335633,0.018072289156626505,11,624,0,0.19427710843373494,0.04066265060240964,0.0015060240963855422,0.04216867469879518,0.9563253012048193,XRPUSDT,0.18842669452410082,-0.28135739871300497,-0.12026934362353946,0.05202603982498919,-0.12330660198561287,29.6328932,29.9004046,30.060166915,30.3552792,29.449303352675482,29.819041138013922,29.997000299970544,29.99994549892304,15.002073360920297,15.056900481285052,15.50506803015861,15.942536449091715,100.309905,119.1019,271.59064000000006,578.7052,664,0.0,0.0,9.654852732865697,664,-13.422291171506256,-2.388354979780682,-1.0119960915863824,662,7.700000000000848,662,3.850000000000424,664,46.293000000005094,664,0.0002899706342583733,664,36.316500000007224
calibration,range,medium,372,37,5,-0.1467970192561337,-0.14431154649768502,-0.29200201351786836,0.03463016923253968,-0.03839399536021462,0.10840302389591909,0.08602150537634409,28,264,0,0.5268817204301075,0.06451612903225806,0.010752688172043012,0.20430107526881722,0.7849462365591398,ENAUSDT,0.19104239962914815,-0.2890553328080306,-0.1143988200972192,0.04591129633111727,-0.1314014082032549,9.232728655,29.89709345,29.980347365,30.3571764,27.994309060228595,29.755546040720613,29.977568218470587,29.999137341264472,15.034190460179175,15.2937335166059,15.556873196334031,16.674687512929776,100.1361,116.46809999999999,235.2881,364.9933,372,0.0,3.1425021026758193,21.181911030951706,372,-16.72395151930486,-8.123217029296821,-1.8558787621335842,372,1.453463793103502,372,0.726731896551751,372,83.79299999991619,372,0.006498953683394152,324,9.360999999999304
calibration,symbol,XRPUSDT,452,38,1,-0.13653453267801532,-0.13642401885694372,-0.18837776971253528,-0.0844626779780917,-0.026603144522120835,0.1099313881558945,0.0,0,452,0,1.0,0.02654867256637168,0.0,0.0,1.0,XRPUSDT,,,-0.13653453267801532,,-0.13653453267801532,29.8197656,29.90145295,30.0185155,30.1794629,29.438528911466086,29.50658513411031,29.540301471109697,29.974253990812105,15.248102756276749,15.279824971075051,15.295893034987628,15.470937271846452,100.4592,117.74785,200.3358,578.7052,452,0.0,0.0,4.831168418714134,452,-8.126800168136102,-2.94649315901135,-1.648091381708132,430,7.7015000000008484,430,3.8507500000004242,452,46.21950000000509,452,0.0002669305680490678,286,46.18500000000509
calibration,signed_move5,high,401,38,10,-0.1518321093202372,-0.15012147113299096,-0.29380962550953604,0.008618036613082969,-0.04365096885037247,0.10818114046986471,0.057356608478802994,15,304,0,0.3266832917705736,0.04738154613466334,0.0199501246882793,0.18453865336658354,0.7955112219451371,ENAUSDT,0.2003393473910618,-0.29002417359489346,-0.12860690210194825,0.048974393175044796,-0.13736913706627357,6.9396999,29.8990393,30.0016528,30.3571764,27.970712862490643,29.751469831393873,29.98432169890375,29.999137341264472,15.024206373210891,15.314144363278714,15.550747613132243,16.674687512929776,100.2456,116.4215,223.0675,378.6923,401,0.0,1.071787311319232,19.68877069750737,401,-16.671182787793803,-7.117991035893923,-1.6068254270927382,400,2.630109374999651,400,1.3150546874998255,401,35.35650000000389,401,0.0013828845769164894,401,9.072750000001804
calibration,symbol,BTCUSDT,452,38,1,-0.10935337420903578,-0.10933854500547899,-0.1242546070719651,-0.0945646054390186,-0.016908211415925144,0.09244516279311064,0.0,0,452,0,1.0,0.02654867256637168,0.0,0.0,1.0,BTCUSDT,,,-0.10935337420903578,,-0.10935337420903578,29.7996439,29.89975975,29.9793192,30.3457014,29.989308109604096,29.994120339873476,29.99967889514732,29.99994549892304,15.000189351506155,15.005451758591803,15.010915003507153,15.011865042948713,100.3656,117.25874999999999,220.0696,460.6531,452,0.0,0.0,0.7535181110769619,452,-2.7769465157046254,-1.0119994107538157,-1.011793670162874,400,280.09866666394936,400,140.04933333197468,452,2521.114500220122,452,0.00015055446592547177,152,2519.9999998533167
calibration,symbol,DOGEUSDT,450,38,1,-0.14031737728627014,-0.14023821856541513,-0.1916320110956965,-0.08876255323817765,-0.030367507528889257,0.1099498697573809,0.0,0,450,0,1.0,0.02666666666666667,0.0,0.0,1.0,DOGEUSDT,,,-0.14031737728627014,,-0.14031737728627014,29.7122763,29.8997901,30.0797962,30.3587082,29.772207990030886,29.848516588077967,29.90533911240267,29.970746238656698,15.361116681064157,15.395946339442634,15.422638267121869,15.74612286210364,100.2456,120.5135,335.2575,661.3285,450,0.0,0.0,4.143254220122375,450,-8.200728368989246,-3.0570724698970047,-2.0271241829991524,372,7.298250000000296,372,3.649125000000148,450,29.173499999970822,450,0.0004475249076182198,146,29.145000000011297
calibration,spread,medium,1256,38,4,-0.14387708794240395,-0.14023153656540854,-0.2732843741521208,-0.04812920551200026,-0.03420205370780248,0.10967503423460148,0.024681528662420384,19,1141,0,0.35828025477707004,0.030254777070063694,0.009554140127388535,0.06687898089171974,0.9235668789808917,DOGEUSDT,0.18528805564274564,-0.28898766834725553,-0.13677423705362315,0.06013464359052607,-0.14005317546925755,21.003678525,29.89939475,30.059685925,30.4605685,27.970712862490643,29.634291472813157,29.91279465732327,29.995140597534053,15.108944426727167,15.391507287227935,15.536437364667144,17.05670165238704,100.3424,120.1633,282.1806,661.3285,1256,0.0,0.0,9.3783588420211,1256,-15.416698177232796,-4.084131502962716,-2.028074827479935,1088,5.837999999999022,1088,2.918999999999511,1256,27.598499999985883,1256,0.00044066718609328895,466,14.523000000008052
calibration,liquidity,known,2802,38,10,-0.12979812305032157,-0.1234614615830267,-0.2653064229144898,-0.040241098390830954,-0.026277656049962513,0.10352046700035909,0.028551034975017844,66,2560,0,0.1334760885082084,0.03568879371877231,0.004996431120628123,0.057815845824411134,0.9371877230549608,ETHUSDT,0.18972965913490217,-0.28666199639261764,-0.12182456686949188,0.05008463628835556,-0.12625660101340513,24.855134785,29.8995845,30.049259,30.6762278,29.381586308788734,29.825955985097742,29.996503292902823,29.99994549892304,15.00387020185956,15.127363781192727,15.524019512833664,16.669895537375634,100.3306,119.7578,282.1963,839.6838,2802,0.0,0.0,11.784083846746862,2802,-15.268897413354566,-2.8918741941212254,-1.012001768546028,2530,7.293749999997767,2530,3.6468749999988836,2802,36.37349999998139,2802,0.0003790966908086142,1320,23.712088235283964
calibration,range,high,128,17,4,-0.1429803546183373,-0.1413199010999946,-0.3008849990442774,0.07547168377499214,-0.03403391260937399,0.10894644200896329,0.125,14,73,0,0.46875,0.140625,0.015625,0.3046875,0.6796875,ENAUSDT,0.19905573707849225,-0.28640000087845713,-0.08655168771315319,0.06098420496516782,-0.11484624247337914,4.926929665000001,29.88660935,29.9498585,30.1000321,27.996817392131003,29.80012515017283,29.972726322122167,29.996993801668648,15.023276754533189,15.35286824525528,15.540331826153386,15.55759651656663,100.3228,114.32104949999999,160.2176,218.7036,128,0.0,5.206707776607722,23.69651756808706,128,-17.556588534501486,-9.591566157457226,-1.8970996521911132,128,0.8001666666666531,128,0.4000833333333266,128,59.3279999999603,128,0.002739216191726045,110,7.228500000000796
calibration,depth,medium,422,37,2,-0.13512271134785855,-0.13322695171063464,-0.2933850617930069,0.09479115721659252,-0.026522606281988288,0.10860010506587026,0.11848341232227488,38,280,0,0.8483412322274881,0.04265402843601896,0.02843601895734597,0.21800947867298578,0.7535545023696683,ENAUSDT,0.20093414309940313,-0.29050269490755,-0.10285140243551744,0.056032129212692065,-0.12441416744491732,8.054237180000001,29.89863505,29.999613580000002,30.2529338,29.655969611510347,29.903090972201454,29.989529295755823,29.999770334503406,15.013688009332727,15.232347199427565,15.32408832125376,15.358543126122726,100.07882,115.3483,201.667285,364.9933,422,0.0,3.651528157851812,26.187932630502186,422,-16.7953756911253,-6.748923120788071,-1.3561754005898705,416,2.0796100609755257,416,1.0398050304877628,422,84.19049999991579,422,0.02708650613944509,388,12.028714285711796
calibration,outcome,stop_first,235,37,4,-0.28622351310281663,-0.27711049410148525,-0.3347861862915034,-0.25837160748000104,-0.17749837547659345,0.1087251376262232,0.0,0,0,0,0.4851063829787234,0.06808510638297872,0.0,1.0,0.0,ENAUSDT,,-0.28622351310281663,,,,2.7411237600000007,15.5059542,28.206113539999997,29.7574421,27.986626946533423,29.756802028365613,29.972668913353818,29.99757036838968,15.036945120595613,15.3179240615553,15.552986069025998,16.80040635681945,100.11713999999999,115.1973,201.15797999999998,516.9204,235,0.0,0.0,5.888251480124157,235,-21.548605517582487,-15.645150991588288,-15.220142591286399,226,1.9500310077518308,226,0.9750155038759154,235,83.34449999991666,235,0.004557555248245681,187,10.51424999999678
calibration,signed_move5,unknown,1080,38,10,-0.12771809717101237,-0.12025011834974655,-0.19397783156400142,-0.0780412373600028,-0.02500072002407245,0.10271737714693992,0.008333333333333333,5,1057,0,0.22037037037037038,0.053703703703703705,0.003703703703703704,0.012962962962962963,0.9833333333333333,HYPEUSDT,0.16911756142574097,-0.28039956091995394,-0.12682337225754892,0.07307290588449922,-0.12776895540864658,29.65997702,29.899550050000002,30.06379,30.4213606,29.384753947292616,29.842173092993196,29.997548948335062,29.99994549892304,15.003745998225183,15.122737561612531,15.457942729065921,16.080918009395706,100.514615,122.28825,319.48487,839.6838,1080,0.0,0.0,5.17968824442386,1080,-9.321849942957774,-2.0871652382627266,-1.0119949886754986,738,13.798500000002743,738,6.899250000001372,1080,35.3760000000039,1080,0.0002861080627343988,0,
calibration,signed_flow5,unknown,532,37,10,-0.12865994656491064,-0.12487194306374681,-0.19438044395999185,-0.07798715736000109,-0.02563632341541223,0.10302362314949841,0.005639097744360902,1,523,0,0.2932330827067669,0.06766917293233082,0.0037593984962406013,0.011278195488721804,0.9849624060150376,HYPEUSDT,0.1781009419124911,-0.28248202923789345,-0.12806946809337802,0.09771125752349621,-0.1285011712016321,29.6406157,29.89843625,30.0797962,30.4213606,29.3914783273419,29.84674331945325,29.996157308769256,29.999919469461123,15.005451758591803,15.130412073920407,15.446042226224643,16.080918009395706,100.5625,130.59629999999999,390.0369,839.6838,532,0.0,0.0,5.158878960942758,532,-9.256438963505905,-2.087338846323145,-1.012001768546028,438,13.809000000002747,438,6.904500000001374,532,29.178000000011313,532,0.0002933591663797573,0,
calibration,symbol,NEARUSDT,436,37,1,-0.15082082242658504,-0.1501750311329958,-0.2951716591079919,0.05445785262275181,-0.041128079770642374,0.10969274265594266,0.07110091743119266,19,320,0,1.0,0.027522935779816515,0.027522935779816515,0.19495412844036697,0.7775229357798165,NEARUSDT,0.18528805564274564,-0.28954221379411116,-0.1279358320743498,0.06013464359052607,-0.1391025165669518,8.593612499999999,29.8988892,29.9997035,30.4605685,27.95234031260918,29.59039491813253,29.975535236776985,29.995140597534053,15.281413902303864,15.458381856361392,15.563570567620477,17.05670165238704,100.33760000000001,118.34785,219.794575,599.2616,436,0.0,1.0723241229894556,21.763650138872066,436,-17.605282191846506,-7.236433474983595,-3.053871033929198,406,2.886000000000061,406,1.4430000000000305,436,14.527499999995147,436,0.0004918265105548024,256,14.416499999995185
calibration,signed_flow5,medium,130,36,10,-0.11982465382649696,-0.11824192948300534,-0.2484403817478284,-0.00534130400057894,-0.01535111245384426,0.1044735413726527,0.046153846153846156,5,117,0,0.23846153846153847,0.06153846153846154,0.007692307692307693,0.05384615384615385,0.9384615384615385,ENAUSDT,0.17804764191250455,-0.2876252755226136,-0.11263832549753126,0.0451752439303992,-0.11938249513120351,23.434345935,29.900187250000002,30.0421045,30.1008633,28.07299747698888,29.776853158425265,29.993425680055253,29.999755428533614,15.001373580315947,15.229310446827071,15.494506166977118,15.569715140089091,100.50934000000001,117.901449,240.2252,573.2588,130,0.0,1.0369593149699259,17.730284775708295,130,-15.213750041285413,-4.2769389141448695,-1.0117995761315983,120,6.0629999999997715,120,3.0314999999998857,130,64.86300000019234,130,0.00046290921894859966,92,27.73350000000478
calibration,symbol,SOLUSDT,424,36,1,-0.133974973437228,-0.13391800044000257,-0.1740864826399917,-0.09386235824000544,-0.02741069976415016,0.10656427367307783,0.0,0,424,0,1.0,0.02830188679245283,0.0,0.0,1.0,SOLUSDT,,,-0.133974973437228,,-0.133974973437228,29.7736907,29.9018849,30.038441615,30.2779393,29.51251266625876,29.5583088079715,29.589054631677936,29.97041931370181,15.019116645036412,15.04030406149881,15.05457646698627,15.453009027728282,100.35947,121.38284999999999,260.647845,440.4106,424,0.0,0.0,3.8250668646904753,424,-7.597233043388026,-2.652884690221539,-1.8249993008755612,380,7.274400000000413,380,3.6372000000002065,424,36.32249999998142,424,0.00011395747986696553,202,36.305999999981424
calibration,symbol,SUIUSDT,316,30,1,-0.13192510703298843,-0.13010120043999263,-0.2618053702137471,0.0016038817925065375,-0.028690766139238398,0.10323434089375,0.05379746835443038,17,269,0,1.0,0.0379746835443038,0.0,0.0949367088607595,0.9050632911392406,SUIUSDT,,-0.266972047985999,-0.11775934399595935,0.04073060306000015,-0.12777543730432853,18.040419425,29.89975695,30.129643350000002,30.6762278,29.315460960344097,29.733769136153775,29.84365270231548,29.98056996796228,15.224445419365074,15.510071833785277,15.56398911583351,15.844650953781292,100.3282,120.3058,443.808225,680.3379,316,0.0,1.5625694185472416,14.463485884007408,316,-15.556039579194081,-5.596189186933303,-1.849730484600082,298,3.1930909090906163,298,1.5965454545453082,316,35.13450000000387,316,0.0016078821120132929,202,17.527499999982474
calibration,symbol,HYPEUSDT,370,31,1,-0.14048829735075327,-0.13993992059399316,-0.19322324227687884,-0.0925170497290236,-0.031167804486485682,0.1093204928642676,0.0,0,370,0,1.0,0.032432432432432434,0.0,0.0,1.0,HYPEUSDT,,,-0.14048829735075327,,-0.14048829735075327,29.7412878,29.8997787,30.0767143,30.4029336,29.372415329522727,29.43845645876797,29.467531673197378,29.9803144651567,15.101332131921552,15.131994084784939,15.14578614862927,16.084928753998806,100.7321,125.5504,282.1806,602.0781,370,0.0,0.0,3.344265457823126,370,-7.516077456649064,-2.0877563558418157,-2.0849786969216964,310,9.199999999999653,310,4.5999999999998264,370,27.598499999985883,370,0.00027044842414949944,64,27.592499999985883
calibration,symbol,ZECUSDT,356,30,1,-0.12017171603901486,-0.12087054003299513,-0.20348217458699638,-0.0392905155615039,-0.01848320264044745,0.10168851339856742,0.014044943820224719,3,345,0,1.0,0.033707865168539325,0.0056179775280898875,0.016853932584269662,0.9775280898876404,ZECUSDT,0.1601150629192601,-0.2620455877989969,-0.11933645835900528,0.053351049547997235,-0.12083808886254442,29.75216595,29.89964985,30.028950625,30.3552792,29.93855073596258,29.960767251295817,29.994484023408987,29.999770334503406,15.015477091739339,15.041155046332522,15.056911192805611,15.064741014069183,100.32990000000001,120.34795,271.08005,501.3714,356,0.0,1.010428686926394,8.708333213303803,356,-11.074370849983726,-3.1743569044547595,-1.064716654558127,324,5.127566666666149,324,2.5637833333330744,356,461.77200000042,356,0.005997592050473217,240,24.373105263150894
calibration,outcome,target_first,24,11,3,0.19311109937107437,0.18493483355383145,0.15926901187353454,0.2553573868529982,0.3020849099999994,0.10897381062892501,1.0,0,0,0,0.5,0.16666666666666666,1.0,0.0,0.0,NEARUSDT,0.19311109937107437,,,,,5.26276761,18.34006315,27.603854175,28.9015328,28.008831109914368,29.77561863656053,29.960606345670993,29.967763018228233,15.081968109454946,15.345025574724502,15.538195352558349,15.548434763673624,100.0550185,117.08075,197.33188499999991,217.2111,24,28.008831109913785,30.52070156884826,37.68605755067141,24,-11.977237147386827,-3.055804038779011,-1.3554649658393552,20,3.226730769230987,20,1.6133653846154934,24,49.13699999995574,24,0.005590799358769457,18,7.4601136363640705
calibration,spread,high,2,1,1,-0.2225115526012486,-0.2225115526012486,-0.32476278345711,-0.12026032174538721,-0.1127133149999986,0.10979823760125001,0.0,0,1,0,1.0,1.0,0.0,0.5,0.5,NEARUSDT,,-0.33612403132998353,-0.10889907387251371,,-0.10889907387251371,4.64249283,16.5949503,28.54740777,29.8754586,29.893611467204153,29.89916666756187,29.90472186791959,29.905339112403784,15.416886699360921,15.419611126195054,15.422335553029187,15.422638267121869,135.077294,135.077294,135.077294,135.077294,2,1.1857207688087679,11.857207688087678,22.52869460736659,2,-20.882463729849622,-14.39110247407272,-7.899741218295821,2,0.4307647058823554,2,0.2153823529411777,2,7.280999999997569,2,0.001014890385469932,2,0.5628461538461582
calibration,depth,low,8,4,1,-0.14935498175966141,-0.13888013699555424,-0.24765119142432182,-0.08538730260014707,-0.03947240087500517,0.10988258088465626,0.0,0,7,0,1.0,0.25,0.0,0.125,0.875,ENAUSDT,,-0.29380962550953604,-0.1287186040811079,,-0.1287186040811079,15.269272385,29.9020227,29.932736655,29.9396102,29.74099466823732,29.88437515930864,29.995561635751844,29.998047722402667,15.168437133283309,15.281644244963811,15.332061129962826,15.333314055161473,106.506198,113.1469,120.1312,120.1312,8,0.0,5.742943492659623,14.202390515197305,8,-15.774823038528755,-8.95868666659264,-1.5038397523549825,8,1.9254286684781143,8,0.9627143342390572,8,84.12300000014943,8,0.1176177365564681,8,10.682976190476037
validation,all,all,3023,29,11,-0.13169023097922605,-0.12586456327834905,-0.27440438296949277,-0.021114294082000568,-0.027686209663908123,0.10400402131531793,0.0314257360238174,81,2689,0,0.1071782997022825,0.041018855441614294,0.004631161098246774,0.07906053589149852,0.9163083030102547,DOGEUSDT,0.2047207526908435,-0.2829055563906746,-0.12034340462472959,0.042112078523251946,-0.12523700601371676,18.309968369999996,29.8993936,30.0211198,30.602056,28.15170378005938,29.84179996947112,29.996730029388296,29.99998591542763,15.00408713413548,15.144247235863162,15.581953857458641,17.065206478534822,100.3281,119.9532,284.85694,859.83,3023,0.0,0.02912130316285002,13.466515993970637,3023,-15.514945523528002,-3.2041758541987146,-1.012022530546868,2723,6.0345000000012,2723,3.0172500000006,3023,46.12650000000507,3023,0.0003985294297518628,1685,21.983285714281905
validation,symbol,DOGEUSDT,324,28,1,-0.14030427030946532,-0.14020546556428143,-0.23273941319850308,-0.047858791485589275,-0.03035866020678769,0.10994561010267763,0.021604938271604937,7,306,0,1.0,0.037037037037037035,0.0,0.033950617283950615,0.9660493827160493,DOGEUSDT,,-0.2777629299966859,-0.135473454793301,0.019860223664744475,-0.13902683959462883,29.50517691,29.89929935,30.090206735,30.4332176,29.759944432137253,29.853088101338685,29.934350980473923,29.95955358615077,15.3546213756095,15.398907229267067,15.437493463305806,15.694175058185156,100.3144,128.10930000000002,300.8201,833.9021,324,0.0,0.0,9.284026454566964,324,-13.337115175437996,-4.075253741798565,-2.0261886906846964,278,5.838000000000642,278,2.919000000000321,324,29.167500000011312,324,0.0004519853647249049,100,14.612249999995527
validation,side,long,1511,29,11,-0.136957329357568,-0.1292432413529997,-0.27466002796949274,-0.03289830993450116,-0.03295538700727806,0.10400194235028995,0.02382528127068167,30,1334,0,0.10721376571806751,0.04103242885506287,0.003970880211780278,0.09331568497683654,0.9027134348113832,DOGEUSDT,0.18073701926506872,-0.2849754835200944,-0.12305381495494308,0.050514372491759364,-0.12695714750621825,16.6738036,29.8992914,30.020801,30.602056,28.14563432268269,29.845344514392025,29.99687583793542,29.99998591542763,15.00326867178603,15.14429623414304,15.579720467936987,16.978321640047646,100.32895,119.9532,284.6595,859.83,1511,0.0,0.0,12.201851799446754,1511,-15.543900312432985,-3.485152727477492,-1.0370848374450352,1361,6.0345000000012,1361,3.0172500000006,1511,46.12650000000507,1511,0.0003985294297518628,842,22.007857142853332
validation,capture,capture-20260926T121926Z,3023,29,11,-0.13169023097922605,-0.12586456327834905,-0.27440438296949277,-0.021114294082000568,-0.027686209663908123,0.10400402131531793,0.0314257360238174,81,2689,0,0.1071782997022825,0.041018855441614294,0.004631161098246774,0.07906053589149852,0.9163083030102547,DOGEUSDT,0.2047207526908435,-0.2829055563906746,-0.12034340462472959,0.042112078523251946,-0.12523700601371676,18.309968369999996,29.8993936,30.0211198,30.602056,28.15170378005938,29.84179996947112,29.996730029388296,29.99998591542763,15.00408713413548,15.144247235863162,15.581953857458641,17.065206478534822,100.3281,119.9532,284.85694,859.83,3023,0.0,0.02912130316285002,13.466515993970637,3023,-15.514945523528002,-3.2041758541987146,-1.012022530546868,2723,6.0345000000012,2723,3.0172500000006,3023,46.12650000000507,3023,0.0003985294297518628,1685,21.983285714281905
validation,outcome,timeout,2770,29,11,-0.12034340462472959,-0.11968715193403896,-0.2068406721286032,-0.021402043301778074,-0.016739896758120876,0.1036035078666087,0.02924187725631769,81,2689,0,0.11371841155234658,0.04259927797833935,0.0,0.0,1.0,ZECUSDT,,,-0.12034340462472959,0.042112078523251946,-0.12523700601371676,29.7492878,29.90007875,30.0335337,30.602056,29.09491344812787,29.848142124514474,29.996934205721136,29.99998591542763,15.003920224475609,15.122737561612531,15.57849676301748,17.055257449267724,100.3274,120.00569899999999,298.9526249999996,859.83,2770,0.0,0.08885017510379653,13.436344885205978,2770,-11.271731840013665,-3.0655688451954606,-1.0120157270079453,2486,6.760560321717928,2486,3.380280160858964,2770,46.13250000000508,2770,0.00037263008754839566,1504,24.431155339798924
validation,liquidity,unknown,1161,29,10,-0.13066108900068632,-0.11978325082500182,-0.2726676228529077,-0.03897698800269428,-0.02750644852196201,0.10315464047872429,0.024117140396210164,24,1060,0,0.19465977605512488,0.06546080964685616,0.0034453057708871662,0.06287683031869079,0.9336778639104221,XRPUSDT,0.20265562666209652,-0.2828371578456874,-0.12164302058460333,0.04471712647787387,-0.12540966542375376,22.4659347,29.8998895,30.0186205,30.2915732,28.121381745744856,29.838101583179455,29.99749090615511,29.99998591542763,15.003006468817803,15.168057274311808,15.575701905027328,17.055257449267724,100.2775,119.9027,258.9259,660.0464,1161,0.0,0.0,11.444114133521778,1161,-15.351550758395756,-3.077830205343194,-1.0120130394058815,1045,6.603428571429298,1045,3.301714285714649,1161,46.16250000000508,1161,0.00033095968254707336,729,23.151000000002547
validation,signed_move5,low,1505,29,10,-0.12952514753372188,-0.12340004514414665,-0.27458737096949815,-0.014220545804814086,-0.02569493753886885,0.10383020999485301,0.036544850498338874,48,1330,0,0.11162790697674418,0.045182724252491695,0.004651162790697674,0.07973421926910298,0.9156146179401994,XRPUSDT,0.2194052758583778,-0.2839605356695774,-0.11784899832286705,0.043865055227582994,-0.12368529499235699,16.736449800000003,29.8995214,30.01974796,30.602056,28.14519586846309,29.84179996947112,29.996913416250326,29.99998591542763,15.003835391497189,15.14737511882136,15.58420589063858,17.065206478534822,100.3092,119.8501,260.8092,859.83,1505,0.0,0.03113732759613026,13.924430251459398,1505,-15.53274494743374,-3.477639258557885,-1.0370811870794485,1465,6.055999999999771,1465,3.0279999999998854,1505,46.14450000000508,1505,0.00039484303176170847,843,21.983285714281905
validation,signed_flow5,low,1349,29,10,-0.13007999846366577,-0.12356244019798929,-0.2743613269695036,-0.02051238270819644,-0.026290317315046587,0.10378968114861921,0.033358042994810974,41,1193,0,0.1134173461823573,0.04225352112676056,0.0029651593773165306,0.08228317272053373,0.9147516679021498,ENAUSDT,0.2488503502031069,-0.28033710058862116,-0.11779246447565689,0.04596440896193883,-0.12342032014283327,18.707581020000003,29.89944,30.01996226,30.602056,28.151264012515888,29.845344514392025,29.99660399543691,29.99989163862238,15.003851660079226,15.139620411472876,15.585070559900327,17.065206478534822,100.32474,119.8063,268.1569599999993,859.83,1349,0.0,0.027752004388173844,14.434499616088008,1349,-15.525490902297154,-3.4972418839038255,-1.0370825974525832,1235,5.838000000000642,1235,2.919000000000321,1349,46.16850000000508,1349,0.0003984995533822233,843,21.983285714281905
validation,range,low,2608,29,11,-0.13005398541722246,-0.12380868311325732,-0.25772357781773303,-0.033220315160003455,-0.026689647111577886,0.10336433830564459,0.021088957055214724,48,2414,0,0.11886503067484662,0.04371165644171779,0.0026840490797546013,0.053297546012269936,0.9440184049079755,ZECUSDT,0.1900362295233092,-0.27942756080783837,-0.12253071349410637,0.03182176150174014,-0.12559985964149684,26.751001319999997,29.8996616,30.0295019,30.602056,29.152624395217373,29.845344514392025,29.99697883807512,29.99998591542763,15.003677004383487,15.115113529369228,15.575042767144499,17.065206478534822,100.3298,120.03545,300.0029,859.83,2608,0.0,0.0,11.147008317093025,2608,-15.092182485991337,-3.064622721538532,-1.0120130535995704,2308,7.276875000000297,2308,3.6384375000001485,2608,46.12650000000507,2608,0.00034738726247033274,1344,27.82106896550507
validation,spread,medium,898,29,3,-0.14581904711824528,-0.14018034781456398,-0.27465464596951894,-0.02612950080749873,-0.03616825569821623,0.10965079142002901,0.030066815144766147,23,782,0,0.36080178173719374,0.0400890868596882,0.004454342984409799,0.09910913140311804,0.8964365256124721,DOGEUSDT,0.15707121327124562,-0.2813315746377352,-0.13234196151864694,0.03158468183218237,-0.13716333338190662,16.212300335,29.89848795,30.021569985000003,30.4332176,28.060506341209823,29.494817645998594,29.96954072918001,29.995140597534053,15.116646458724903,15.39884825036031,15.575782021257645,17.065206478534822,100.3274,120.786,305.4044,833.9021,898,0.0,0.0,13.436611470399614,898,-15.539381567228052,-4.087372687677611,-2.0274408691075254,762,4.860499999999636,762,2.430249999999818,898,27.58949999998589,898,0.0004088284311660546,326,14.448000000008006
validation,depth,high,2661,29,11,-0.13087447166386101,-0.12551759999999484,-0.2659816079200095,-0.032572395160020404,-0.027277821400975337,0.10359665026288567,0.025178504321683576,56,2429,0,0.12175873731679819,0.04284103720405862,0.004133784291619692,0.06200676437429538,0.9338594513340849,DOGEUSDT,0.21109803889452253,-0.28149491824820305,-0.12238727807421343,0.03807228042100887,-0.1260866338896652,21.9243784,29.8996616,30.0311192,30.602056,28.139567392135856,29.804166841480573,29.99679020054269,29.99998591542763,15.003931453516639,15.151945149884938,15.587573343349703,17.065206478534822,100.3199,120.1536,284.4127,859.83,2661,0.0,0.0,11.446695385155998,2661,-15.397308361316947,-3.0817238909044327,-1.0120135077149062,2381,6.91124999999892,2381,3.45562499999946,2661,36.235499999981464,2661,0.00034885351601372366,1387,27.54000000002505
validation,side,short,1512,29,11,-0.1264266161315576,-0.12337060664415264,-0.2736406210605007,-0.007546681734643634,-0.02242051722618855,0.10400609890536906,0.03902116402116402,51,1355,0,0.10714285714285714,0.041005291005291,0.005291005291005291,0.06481481481481481,0.9298941798941799,DOGEUSDT,0.2227085527601746,-0.2799273959289585,-0.11771395961021236,0.03716955265942405,-0.12354352354065623,21.064636835,29.8994748,30.023330155,30.602056,28.15733468390369,29.840178054295617,29.996543907732097,29.999971781485833,15.004534444140738,15.144247235863162,15.584891822515434,17.065206478534822,100.327785,119.9531,284.63482,859.83,1512,0.0,0.19174883855594033,13.653183902740537,1512,-15.384804342829968,-3.090684649751563,-1.012016553355973,1362,6.0345000000012,1362,3.0172500000006,1512,46.12650000000507,1512,0.0003985776474247505,843,21.983285714281905
validation,signed_flow5,high,1249,29,10,-0.13189969191552112,-0.12454449084700184,-0.2745658429694889,-0.018141522389996712,-0.028150712516411047,0.10374897939911007,0.03122497998398719,32,1112,0,0.11289031224979984,0.044035228182546036,0.005604483586869495,0.07846277021617294,0.9159327461969575,XRPUSDT,0.17310811709797197,-0.2851341013105997,-0.1206392745574588,0.0398081243027817,-0.12525646589156644,18.47939476,29.89944,30.0201865,30.602056,28.190160353745775,29.855920631147725,29.997450990775445,29.99998591542763,15.004121827788541,15.121247245182268,15.578817356955987,16.978321640047646,100.36037999999999,119.8453,276.35758,859.83,1249,0.0,0.1796482520122685,13.21626045849024,1249,-15.514042640687688,-3.096426121029314,-1.0120127641221124,1141,5.9245808823523864,1141,2.9622904411761932,1249,46.16550000000509,1249,0.00039447500096673,770,23.061750000011756
validation,symbol,ETHUSDT,306,27,1,-0.10506939482042164,-0.10514077501650304,-0.1369300967737489,-0.07303009325924222,-0.016418368431372628,0.08865102638904901,0.0,0,306,0,1.0,0.0392156862745098,0.0,0.0,1.0,ETHUSDT,,,-0.10506939482042164,,-0.10506939482042164,29.766102349999997,29.8994767,30.018528425,30.2915732,29.96579666289023,29.983476555324184,29.99748509993544,29.999565003910877,15.001971607977726,15.018846293249899,15.035264865919107,15.037192342879369,100.32482425,124.7425,276.288325,419.8304,306,0.0,0.0,3.8336422263655368,306,-5.909004367338042,-1.6324196275218905,-1.037095488436828,278,16.13394,278,8.06697,306,805.894499982409,306,0.0003178001367073856,170,73.1689090908244
validation,liquidity,known,1862,29,11,-0.13233192476928227,-0.1290205799999956,-0.2755082800079922,-0.010098318944498703,-0.027798294887216093,0.10453362988206617,0.0359828141783029,57,1629,0,0.16326530612244897,0.05692803437164339,0.0053705692803437165,0.08915145005370569,0.9054779806659506,ZECUSDT,0.20554680310234233,-0.282935635268892,-0.11950782710367196,0.04101521622656902,-0.12512465550749255,16.580945615,29.8991002,30.0349771,30.602056,29.030271534284946,29.844235653182505,29.995839509016577,29.999971781485833,15.005157002298708,15.131994084784939,15.587573343349703,17.065206478534822,100.47875,119.9681,319.6452849999998,859.83,1862,0.0,0.07479847983464259,13.926994389510629,1862,-15.569600128201172,-3.4790315537972862,-1.037096733755106,1678,5.819999999999026,1678,2.909999999999513,1862,36.3494999999814,1862,0.0004517465026199115,956,20.467320652177158
validation,spread,low,2125,28,8,-0.12571955950024288,-0.11748119956000491,-0.2722746462320005,-0.01769367033543014,-0.024101796798586393,0.10161776270165651,0.032,58,1907,0,0.1524705882352941,0.041411764705882356,0.004705882352941176,0.07058823529411765,0.9247058823529412,ZECUSDT,0.22378056845868266,-0.283839452230752,-0.11542796528650899,0.04628673583177953,-0.12034639877621046,20.36504194,29.8995292,30.0210856,30.602056,29.441387244740767,29.922247805425073,29.997639430410228,29.99998591542763,15.002901297199944,15.04972207866162,15.587573343349703,15.839488452098482,100.33334,119.7333,279.4362,859.83,2125,0.0,0.29993750706155936,13.659445376262196,2125,-15.334699526345828,-3.083994196652721,-1.0120082023757129,1961,6.589714285712922,1961,3.294857142856461,2125,83.87549999991612,2125,0.00036974914114392185,1359,27.230647058848295
validation,symbol,NEARUSDT,286,26,1,-0.15758088801999307,-0.15065960114400065,-0.29426905030987116,0.015041606709893646,-0.04784291744755075,0.10973797057244232,0.06993006993006994,16,189,0,1.0,0.04195804195804196,0.013986013986013986,0.2692307692307692,0.7167832167832168,NEARUSDT,0.15707121327124562,-0.281995157468479,-0.11698922781331766,0.03671413228043645,-0.13000115247733918,8.1252642,29.8895429,29.957898649999997,30.0311192,28.026175098838923,28.14563432268269,29.981932517910703,29.995140597534053,15.43524989662204,15.533330387890176,15.608427101032884,17.065206478534822,100.2495,119.6214,201.3348,346.7771,286,0.0,1.065049056259564,17.710959418042606,286,-17.39633405592811,-7.233766308627475,-3.0647759860313153,256,2.2411785714285744,256,1.1205892857142872,286,14.45250000000801,286,0.0004222182429935519,166,14.406000000007984
validation,signed_move5,high,331,29,10,-0.14858306785206146,-0.13648307785694616,-0.2903921163467546,0.002036755498184488,-0.041242993290028084,0.1073400745620334,0.0513595166163142,15,248,0,0.2809667673716012,0.07250755287009064,0.006042296072507553,0.19939577039274925,0.7945619335347432,ENAUSDT,0.15348660556499755,-0.2859477573986044,-0.11640842844811579,0.043043845836900706,-0.12605271923148373,11.647671800000001,29.8993049,30.07953975,30.402609,28.072574699331554,29.797477797463003,29.990949104999885,29.999971781485833,15.006224207502195,15.300010787495655,15.621357996596918,16.990167271346834,100.22800000000001,117.7907,211.17045000000002,604.4314,331,0.0,1.065155772734396,18.792644038193355,331,-16.39654955933638,-5.258018989908681,-1.3586387928907093,331,2.4567352941175966,331,1.2283676470587983,331,36.21449999998148,331,0.0005942370724702405,331,8.56385106382929
validation,symbol,SUIUSDT,291,27,1,-0.13020577230553185,-0.13199035060501174,-0.26533160791999555,0.026520208140004276,-0.027481300343641806,0.10272447196189004,0.06872852233676977,17,237,0,1.0,0.041237113402061855,0.010309278350515464,0.11683848797250859,0.872852233676976,SUIUSDT,0.31667980740498153,-0.2878680429907355,-0.11437955000566814,0.04969421822853263,-0.12614855447816353,12.68397015,29.8997532,30.2394505,30.602056,29.1675295772037,29.756435407765068,29.976736474323083,29.999411357521932,15.298970049845707,15.57195330617045,15.659897553970126,15.839488452098482,100.38584900000001,121.0823,409.3851,859.83,291,0.0,1.5752648226186747,18.274546739318442,291,-16.41525736262045,-5.305308834800194,-1.8536461480917126,271,3.4808999999996106,271,1.7404499999998053,291,34.99350000000386,291,0.0018541887133567579,185,17.434499999982567
validation,signed_move5,medium,511,29,9,-0.12734405970847942,-0.11942026580850267,-0.25723800747999515,-0.02330938962648952,-0.025493374774948497,0.10185068493353093,0.021526418786692758,9,472,0,0.15264187866927592,0.05283757338551859,0.003913894324853229,0.0547945205479452,0.9412915851272016,ETHUSDT,0.19147856468910365,-0.27228481746839134,-0.12023242567837056,0.05467167965614079,-0.12356746158517266,23.27652695,29.8993148,30.01967295,30.602056,29.421708269361524,29.920449623335177,29.99747929371577,29.999825380511158,15.002851577138877,15.059910648062003,15.5666429009943,16.029395302512572,100.32135,119.8063,279.62155,859.83,511,0.0,0.10549356051930557,11.210005955231113,511,-15.16257809551292,-2.9013245188096164,-1.0120024909440648,509,7.691500000000847,509,3.8457500000004234,511,83.48550000037994,511,0.0003326321509682258,511,36.20999999998148
validation,symbol,BTCUSDT,304,27,1,-0.10926919906805299,-0.10931436500551477,-0.13718130029521605,-0.08119129721578049,-0.016896096414472404,0.0923731026535806,0.0,0,304,0,1.0,0.039473684210526314,0.0,0.0,1.0,BTCUSDT,,,-0.10926919906805299,,-0.10926919906805299,29.822660325,29.90132485,29.989230725,30.0308569,29.98926490021203,29.99411065365831,29.999313077502254,29.99998591542763,15.000924293327722,15.006488276332885,15.011294869553549,15.011894949907845,100.283905,117.2464,188.22884499999992,278.413,304,0.0,0.0,2.616113845711822,304,-4.650544391464173,-1.0120227181676087,-1.0118000965216658,268,20.476225542048475,268,10.238112771024237,304,2519.038500036657,304,0.00017766410007152573,154,109.61413043464391
validation,signed_move5,unknown,676,29,10,-0.1315242769850349,-0.12959285026398615,-0.2410070071074797,-0.048204315650299645,-0.02713903184763114,0.10438524513740376,0.01775147928994083,9,639,0,0.22485207100591717,0.07100591715976332,0.004437869822485207,0.03698224852071006,0.9585798816568047,HYPEUSDT,0.21344108871832065,-0.2817054727839644,-0.12732731124759175,0.01865032277784959,-0.1293833342620346,29.4162432,29.8992868,30.0396227,30.55721,29.382303223828288,29.819622948428215,29.995854611954698,29.999825380511158,15.004762608380462,15.14270865789813,15.569455311261748,16.90309757292008,100.58295,122.77825,381.60055,833.9021,676,0.0,0.0,9.488057526896263,676,-13.358420702432632,-2.7112152021533964,-1.0120130535995704,418,9.214999999999652,418,4.607499999999826,676,32.0895000000076,676,0.00036014572984640844,0,
validation,signed_flow5,unknown,328,27,10,-0.13409329965231662,-0.13116236310776125,-0.25060472957575874,-0.05108597097069773,-0.028296743490851508,0.1057965561614651,0.021341463414634148,5,307,0,0.2926829268292683,0.08536585365853659,0.006097560975609756,0.042682926829268296,0.9512195121951219,HYPEUSDT,0.23964690506948702,-0.290078278265481,-0.1294897442319939,0.025078243117323474,-0.13200713816276452,29.2060311,29.8990179,30.061029644999998,30.55721,29.38183722905258,29.803801735409643,29.993039613781747,29.999148301305123,15.005595531849714,15.155026662165838,15.581293656339145,15.694175058185156,100.3863,126.1445,391.6889,833.9021,328,0.0,0.0,10.2632895066613,328,-14.37867598243638,-3.0585782270033373,-1.037316627837657,256,8.370724137930459,256,4.1853620689652296,328,29.183999999991066,328,0.0004002369699982447,0,
validation,symbol,ZECUSDT,324,28,1,-0.12197606401827628,-0.12105150003299303,-0.2175631433624746,-0.032949838214989945,-0.020281312777776284,0.1016947512405,0.012345679012345678,4,311,0,1.0,0.037037037037037035,0.0,0.027777777777777776,0.9722222222222222,ZECUSDT,,-0.25508943575039017,-0.11817282482593017,0.017424982573507036,-0.1199168480722252,29.516759240000003,29.8995292,30.0505572,30.2995163,29.93760239864579,29.961864459643884,29.996372416751292,29.999971781485833,15.002627148545834,15.043712164599654,15.062070232056968,15.064741014069183,100.6788,120.0283,348.8531,780.2526,324,0.0,1.1740868018075328,9.95697932540813,324,-12.107054722065579,-3.5282729792756786,-1.06488738064935,292,4.766614477040681,292,2.3833072385203407,324,462.18150000042033,324,0.008150157401032847,200,23.72084999999388
validation,symbol,SOLUSDT,286,26,1,-0.13381178943274202,-0.13350200043999932,-0.21137070472999359,-0.06125499647999591,-0.027459210139857384,0.10635257929288465,0.006993006993006993,2,279,0,1.0,0.04195804195804196,0.0,0.017482517482517484,0.9825174825174825,SOLUSDT,,-0.2614458474799991,-0.1315407207842143,0.014589007700006942,-0.13258824571958505,29.760665275,29.8991384,30.007208,30.2079263,29.51127815702559,29.630407275967883,29.699239430078794,29.76709078573947,15.019289543673487,15.073670642540282,15.106958608101795,15.398374605297693,100.6202,124.6161,240.1352,554.5746,286,0.0,0.0,7.279474089521041,286,-10.93815906930074,-3.482724405020791,-1.8251042767315742,258,6.065000000001206,258,3.032500000000603,286,36.235499999981464,286,0.00011983856915451989,160,36.19800000003292
validation,symbol,ENAUSDT,306,27,1,-0.14381989931634118,-0.1500345571098975,-0.2967422439306091,0.06869977554043555,-0.03395628152614003,0.10986361779020115,0.13071895424836602,33,171,0,1.0,0.0392156862745098,0.02287581699346405,0.3104575163398693,0.6666666666666666,ENAUSDT,0.1839666089102689,-0.2871239240716208,-0.08833275816847208,0.05098973923253241,-0.11521955591252557,7.840623625,29.889282,29.955175625,30.1078193,29.654623538575287,29.882267432533304,29.985675573871994,29.99971704831461,15.005732303702002,15.22147016926989,15.34239865595033,15.358027666502183,100.2629,114.7485,185.06787500000002,400.8013,306,0.0,5.681483387426467,24.015501406595003,306,-17.16712766193397,-9.598861309502235,-1.3592274873970414,304,1.7180382653061743,304,0.8590191326530872,306,83.5934999999164,306,0.02428021420325469,294,9.366666666668856
validation,outcome,stop_first,239,28,8,-0.2829055563906746,-0.27562184800802,-0.3168324742960063,-0.25729936748000704,-0.1745102098117129,0.10839534657896173,0.0,0,0,0,0.39748953974895396,0.100418410041841,0.0,1.0,0.0,ENAUSDT,,-0.2829055563906746,,,,2.58224845,16.140437,28.40905647,29.9045832,28.036814654979203,29.756350521104036,29.975594735224263,29.998047722402667,15.011154855845588,15.35081511583325,15.604697904971431,17.065206478534822,100.38747819999999,119.4646,239.80595,859.83,239,0.0,0.0,7.745303815558162,239,-19.734757308918503,-15.572747949231845,-15.104032245298436,225,2.09789999999994,225,1.04894999999997,239,35.200500000003885,239,0.001817543893321515,173,12.009857142854656
validation,depth,medium,356,28,2,-0.13735167117559272,-0.13032899477392945,-0.29310918723783436,0.04071487900263162,-0.03040121206741267,0.10695045910818006,0.07865168539325842,25,255,0,0.6460674157303371,0.05056179775280899,0.008426966292134831,0.2050561797752809,0.7865168539325843,ENAUSDT,0.18133736994402053,-0.2860042544950879,-0.1020103445364345,0.05116122627227643,-0.11702716520395516,8.909417399999999,29.892148900000002,29.982186,30.241992,29.657382884906436,29.93635403586825,29.994969768493142,29.99971704831461,15.004604764876639,15.049283206740593,15.323181867224756,15.357512243894256,100.507975,118.8763,306.041475,599.3976,356,0.0,2.769007831873653,20.60870361918877,356,-17.018247732351803,-6.016732634836051,-1.0651369091895635,336,2.08732500000023,336,1.043662500000115,356,84.16199999991582,356,0.021965713135982882,292,10.518937499996778
validation,symbol,HYPEUSDT,288,26,1,-0.14034300957708146,-0.1398767405939793,-0.19402416356399574,-0.08606346962399734,-0.031110462916664763,0.10923254666041668,0.0,0,287,0,1.0,0.041666666666666664,0.0,0.003472222222222222,0.9965277777777778,HYPEUSDT,,-0.2694907877220095,-0.13989301731873674,,-0.13989301731873674,29.678913655,29.8999347,30.0433149,30.1843348,29.38933459148568,29.460903231627313,29.50736298164003,29.74790279865802,15.107975567240418,15.14270865789813,15.164279256121294,16.051261266082363,100.5167,123.5102,381.2036,615.7408,288,0.0,0.0,4.427923866809169,288,-8.599785688501715,-2.0898303428476135,-2.0856503508150976,228,9.184999999999652,228,4.592499999999826,288,27.579000000005493,288,0.00030085508215189167,60,27.544500000005478
validation,symbol,XRPUSDT,304,27,1,-0.136686464583655,-0.13638229235639449,-0.21953257153613176,-0.05867817515552038,-0.02676917263157605,0.10991729195207896,0.006578947368421052,2,295,0,1.0,0.039473684210526314,0.0,0.023026315789473683,0.9769736842105263,XRPUSDT,,-0.2726567752814728,-0.13348177712613069,0.029144813995273307,-0.1345843302862758,29.7455387,29.9006209,29.992444905000003,30.0892194,29.40260181568316,29.51846931219415,29.57579410835065,29.76281708916284,15.228113602874238,15.285387777839166,15.311364549884242,15.317924061553079,100.3092,119.07724999999999,254.23745499999941,604.4314,304,0.0,0.2955046405223614,8.001582889417602,304,-11.299514480416194,-3.5910092280813544,-1.6475815650972543,288,7.690500000000847,288,3.8452500000004237,304,46.20450000000509,304,0.00027804991243273174,196,46.13700000000509
validation,signed_flow5,medium,97,27,9,-0.14326116323989194,-0.1348363007699978,-0.28555334906668056,-0.023916270178786992,-0.03905362843298675,0.10420753480690519,0.041237113402061855,3,77,0,0.20618556701030927,0.07216494845360824,0.010309278350515464,0.16494845360824742,0.8247422680412371,NEARUSDT,0.179638507034604,-0.2807982492424239,-0.11978999191781674,0.04242879988942786,-0.12611020458563146,8.113480000000001,29.8985744,30.04713126,30.2079263,28.05489480109724,29.76709078573947,29.99531196912475,29.999148301305123,15.002934353232078,15.24146118360492,15.590373230448318,15.673182058864032,100.25702,119.3002,223.31207999999987,599.3976,97,0.0,0.2300689262944917,14.280961538835893,97,-16.028216898813874,-4.897605894649886,-1.0649977154525052,91,3.852000000000424,91,1.926000000000212,97,46.34550000000509,97,0.00044534383889117295,72,14.950499999998422
validation,range,medium,337,27,7,-0.14021275966166588,-0.13722240088000517,-0.2898720236004333,0.05728087108281641,-0.032252869103855476,0.1079598905578104,0.08902077151335312,23,232,0,0.4035608308605341,0.10089020771513353,0.020771513353115726,0.22255192878338279,0.7566765578635015,ENAUSDT,0.2194052758583778,-0.28824241029899594,-0.10654649476300135,0.05701231686826653,-0.12276137695058392,10.24853252,29.8866906,29.979738740000002,30.402609,28.048865584495708,29.83477564527437,29.98548978025939,29.999008405359184,15.010038759456057,15.355945987189923,15.612432835393486,17.055257449267724,100.2923,119.1797,220.7312,599.7154,337,0.0,2.2374192539719937,20.039784519015946,337,-16.66917828733003,-6.387679358367821,-1.6999272212011813,337,1.5909622641510188,337,0.7954811320755094,337,35.149500000003876,337,0.002134280931301168,271,9.366666666668856
validation,outcome,target_first,14,8,3,0.2047207526908435,0.1803985115808066,0.15426609860789864,0.31936139671922703,0.31300302507142563,0.10828227238058216,1.0,0,0,0,0.5,0.2857142857142857,1.0,0.0,0.0,ENAUSDT,0.2047207526908435,,,,,6.141135075,20.26554785,26.77392583,27.3811934,28.0958549341489,29.858425823454105,29.9874489396309,29.99757036838968,15.031243470128185,15.408921130152242,15.59507804515814,15.597055952467631,103.23933,119.88525,180.78428999999997,220.6796,14,28.09585493414812,30.269208792580073,46.20772786738404,14,-6.663367840326917,-2.661852424738427,-1.5940754137821984,12,1.7476499999999984,12,0.8738249999999992,14,59.22449999996019,14,0.0018576349269833806,8,8.839666666668215
validation,range,high,78,14,3,-0.14957787533465106,-0.15080615265994216,-0.2950930850207596,0.06940166530248099,-0.04127686229486966,0.10830101303978146,0.1282051282051282,10,43,0,0.6410256410256411,0.1794871794871795,0.0,0.32051282051282054,0.6794871794871795,ENAUSDT,,-0.28623265010628035,-0.08511807591407122,0.057235052032975076,-0.11822345450640756,6.104094965,29.8902432,30.002627975,30.55721,28.042776425998895,29.828240465246125,29.98181349925527,29.99804557953345,15.019104934156536,15.268155372715754,15.664379794561645,15.704909013649626,100.35558,118.3387,136.60020499999996,142.7545,78,0.0,5.374688033300426,24.29840879348887,78,-17.11612105143865,-9.49321559298947,-1.8542233268138726,78,0.8179514563106993,78,0.40897572815534966,78,83.32349999991668,78,0.009753914282866588,70,8.782500000000967
validation,symbol,SOXLUSDT,4,1,1,-0.13578048036299573,-0.13578048036299573,-0.1687804821780032,-0.10278047854798822,-0.026473919999995703,0.10930656036300002,0.0,0,4,0,1.0,1.0,0.0,0.0,1.0,SOXLUSDT,,,-0.13578048036299573,,-0.13578048036299573,29.6642522,29.7412673,29.8182824,29.8182824,29.543562676734858,29.547531725200304,29.55150077366575,29.55150077366575,15.607643034090124,15.609689100748447,15.61173516740677,15.61173516740677,187.446,289.198,390.95,390.95,4,0.0,0.8282804638549262,1.6565609277098523,4,-5.6478182449369845,-3.6560417446828106,-1.6642652444286372,2,15.059999999999427,2,7.529999999999713,4,45.17550000004109,4,0.002044138363892615,0,
validation,depth,low,6,3,1,-0.15756736902587914,-0.13569055381789674,-0.2770631478484518,-0.05431119935273483,-0.047716261666662485,0.10985110735921667,0.0,0,5,0,1.0,0.3333333333333333,0.0,0.16666666666666666,0.8333333333333334,ENAUSDT,,-0.2894558882763204,-0.1311896651757909,,-0.1311896651757909,16.729472299999998,29.895466749999997,29.9120131,29.9120131,29.784532933080364,29.949168156474528,29.965430965025188,29.967207853499602,15.023493207905192,15.038372050912852,15.171606897970701,15.21433785025339,103.0327,110.2248,121.3907,121.3907,6,0.19981447947062786,3.86067981105593,11.315499719363201,6,-14.719007314085573,-6.580552380920749,-2.1690467375536966,6,1.7003265306122781,6,0.8501632653061391,6,83.3685000003794,6,0.131589630368676,6,6.9445000000026935
