model,group,score_min,score_max,tied_score_fraction,n,time_groups,symbols,mean_net,median_net,p05_net,p95_net,mean_gross,mean_fees,positive_fraction,timeout_positive,timeout_negative,timeout_zero,largest_symbol_fraction,largest_time_group_fraction,target_first_fraction,stop_first_fraction,timeout_fraction,largest_symbol,target_first_mean_net,stop_first_mean_net,timeout_mean_net,timeout_positive_mean_net,timeout_nonpositive_mean_net,duration_s_p05,duration_s_p50,duration_s_p95,duration_s_max,target_bps_p05,target_bps_p50,target_bps_p95,target_bps_max,stop_bps_p05,stop_bps_p50,stop_bps_p95,stop_bps_max,entry_delay_ms_p05,entry_delay_ms_p50,entry_delay_ms_p95,entry_delay_ms_max,mfe_bps_covered,mfe_bps_p05,mfe_bps_p50,mfe_bps_p95,mae_bps_covered,mae_bps_p05,mae_bps_p50,mae_bps_p95,group_ci_low,group_ci_high,leave_one_group_low,leave_one_group_high,cash_change_usdt
catboost,all,0.0007628172806688526,0.060739545952571444,0.0,3023,29,11,-0.13169023097922605,-0.12586456327834905,-0.27440438296949277,-0.021114294082000568,-0.027686209663908123,0.10400402131531793,0.0314257360238174,81,2689,0,0.1071782997022825,0.041018855441614294,0.004631161098246774,0.07906053589149852,0.9163083030102547,DOGEUSDT,0.2047207526908435,-0.2829055563906746,-0.12034340462472959,0.042112078523251946,-0.12523700601371676,18.309968369999996,29.8993936,30.0211198,30.602056,28.15170378005938,29.84179996947112,29.996730029388296,29.99998591542763,15.00408713413548,15.144247235863162,15.581953857458641,17.065206478534822,100.3281,119.9532,284.85694,859.83,3023,0.0,0.02912130316285002,13.466515993970637,3023,-15.514945523528002,-3.2041758541987146,-1.012022530546868,-0.132800990557327,-0.13050476700670152,-0.13196005370299063,-0.13149901996271318,
catboost,decile_01,0.0007628172806688526,0.0009508502975527269,0.0,303,26,5,-0.13085361520055375,-0.12936999135299823,-0.18331121096999783,-0.07752766595295492,-0.025958616547852417,0.10489499865270133,0.0033003300330033004,1,298,0,0.46864686468646866,0.10231023102310231,0.0,0.013201320132013201,0.9867986798679867,HYPEUSDT,,-0.26432902807322345,-0.12906799094807658,0.018420007920000744,-0.1295629171187748,29.66557641,29.8990179,30.01914147,30.1843348,29.408702444624346,29.51502936146433,29.994646601915978,29.999825380511158,15.005123056329174,15.115113529369228,15.165822531262307,15.950666513290246,100.22164,126.7851,357.73299999999955,520.7223,303,0.0,0.0,4.781684307399334,303,-7.616030273112997,-2.0892962744325727,-1.0120055514776594,-0.13373506154599119,-0.1275525274709259,-0.13167859099652826,-0.13045891888498243,
catboost,decile_02,0.0009512460378819586,0.001103351670990003,0.0,303,27,7,-0.12827820296386303,-0.12551759999999484,-0.2121555699223216,-0.06463389257790485,-0.025069005023100322,0.10320919794076272,0.009900990099009901,3,297,0,0.264026402640264,0.06930693069306931,0.0,0.009900990099009901,0.9900990099009901,HYPEUSDT,,-0.26777829501829953,-0.12688320204331868,0.02328758800503677,-0.12840007871047376,29.73782345,29.8986499,30.01956433,30.3360614,29.39582712814759,29.659170488023356,29.99589330735075,29.999825380511158,15.004460004828912,15.105882943722282,15.416446978661401,16.051261266082363,100.5103,128.766,318.34381999999914,833.9021,303,0.0,0.0,6.465128026243419,303,-10.845639624740663,-2.089115707164745,-1.0120032322605972,-0.1325957451762828,-0.12486456202004056,-0.1291777450069386,-0.12754827350132364,
catboost,decile_03,0.0011039002696427197,0.0012811147797251376,0.0,303,28,9,-0.1270819929128997,-0.11963211243567946,-0.21100377520835153,-0.07000715696399888,-0.024760981848183185,0.10232101106471654,0.006600660066006601,1,294,0,0.2607260726072607,0.07590759075907591,0.0033003300330033004,0.0231023102310231,0.9735973597359736,DOGEUSDT,0.31901162419997453,-0.2946539092467555,-0.12461789190536034,0.003364569828761002,-0.1250532064010546,29.64805256,29.8999012,30.0402105,30.4332176,29.43789533331964,29.835460421684388,29.99748858366724,29.999825380511158,15.00326867178603,15.101203244649586,15.566920798134486,16.029395302512572,100.62883,121.3444,318.40376999999967,833.9021,303,0.0,0.0,4.968318513086326,303,-10.076872245879263,-2.643868978509632,-1.012013099011104,-0.13190715525276508,-0.12317137305796327,-0.1279233635180455,-0.1260636767410276,
catboost,decile_04,0.0012815936032425659,0.0015388822618152837,0.0,302,28,9,-0.12558361327288006,-0.11970206193624282,-0.20875033588288516,-0.06825169685480265,-0.024537570609270788,0.1010460426636093,0.013245033112582781,2,290,0,0.25165562913907286,0.06622516556291391,0.006622516556291391,0.026490066225165563,0.9668874172185431,DOGEUSDT,0.315513899007485,-0.27109735069186486,-0.12461815137291038,0.02646915409815094,-0.1256601327899522,29.687841925,29.899409,30.019181800000002,30.2915732,29.473060410838748,29.919671597863903,29.99762535692163,29.999928890556138,15.004390397181933,15.07168311113194,15.471654201245743,15.654211516651362,100.717645,120.16575,299.6634,660.0464,302,0.0,0.0,6.850900044544275,302,-11.288342111941212,-2.6559724438131616,-1.0120024909440648,-0.13154820796225924,-0.1183284788906013,-0.12818861004294022,-0.12433751425793432,
catboost,decile_05,0.0015400020809036128,0.001905269740486298,0.0,302,28,9,-0.12509950861444463,-0.1195347612497282,-0.21212209212275315,-0.03796147947680199,-0.022866187738409018,0.10223332087603561,0.023178807947019868,7,286,0,0.16887417218543047,0.10264900662251655,0.0,0.029801324503311258,0.9701986754966887,DOGEUSDT,,-0.3134250409687651,-0.1193147652998068,0.04805322809114125,-0.12341118471846636,29.630135980000002,29.899476800000002,30.0006837,30.1988525,29.16246024435881,29.90599103808833,29.997635188413696,29.999825380511158,15.00433778308763,15.14193953626175,15.59444187569331,16.978321640047646,100.2775,119.6703,261.7307,859.83,302,0.0,0.025328073667488554,11.01006477270628,302,-11.27105265570873,-2.7195951434535117,-1.0120027871501962,-0.1311902053099553,-0.11871013569934695,-0.12655006451916145,-0.12329439715285256,
catboost,decile_06,0.0019074409116198695,0.0023491155561586887,0.0,302,27,9,-0.1289585482804523,-0.12096400532999013,-0.25734096748000457,-0.018586059399902936,-0.026141213172183434,0.10281733510826889,0.033112582781456956,9,272,0,0.19205298013245034,0.07947019867549669,0.0033112582781456954,0.06622516556291391,0.9304635761589404,ZECUSDT,0.1610294560159879,-0.272313718180654,-0.11978731912135057,0.018653524400877183,-0.12436808232613013,22.05589298,29.8994532,29.99273165,30.1988525,29.437446110313847,29.945462235111965,29.997524619579718,29.99989163862238,15.003484485414665,15.249627773580299,15.589431372208418,17.065206478534822,100.205355,121.1172,359.5020949999998,859.83,302,0.0,0.20965196949777543,11.179898908622844,302,-15.481203554825878,-3.6005268364648417,-1.024395273796222,-0.13353609833060728,-0.12387559806131758,-0.13036983941087,-0.1274634816726556,
catboost,decile_07,0.00235092740327239,0.0030840140796840926,0.0,302,29,9,-0.1296345789685334,-0.12704374533550397,-0.2523244197517529,-0.020024939989536413,-0.025980332516554887,0.10365424645197847,0.023178807947019868,7,280,0,0.31788079470198677,0.07947019867549669,0.0,0.04966887417218543,0.9503311258278145,ZECUSDT,,-0.27599355213551424,-0.12198515528384794,0.03480399627446718,-0.12590488407280584,29.4228289,29.90224085,30.0623328,30.602056,28.17447757230951,29.939855447495557,29.996496213465676,29.999971781485833,15.003855088299046,15.14429623414304,15.584361765136222,16.92805268487252,100.3543,119.800098,258.9259,599.7154,302,0.0,0.6980611165393578,10.877048984346116,302,-14.935668864956316,-3.597042991672785,-1.0646266904476835,-0.13427274210064186,-0.12489955671446602,-0.1304960512393944,-0.12854112894526704,
catboost,decile_08,0.003084530767553847,0.004220223695322163,0.0,302,29,9,-0.13283747192759093,-0.12919929522000398,-0.2738272589310221,-0.012216971291030394,-0.028950690960263453,0.1038867809673275,0.029801324503311258,8,266,0,0.2913907284768212,0.076158940397351,0.0033112582781456954,0.08940397350993377,0.9072847682119205,ZECUSDT,0.1602821859389995,-0.2745351070162619,-0.1199443460534029,0.03906858841906653,-0.12472668994731176,19.3594467,29.90161915,30.145301070000002,30.602056,28.09674151122543,29.868961798666383,29.995309390256296,29.999411357521932,15.004655489807284,15.293931812980222,15.585582468326809,17.055257449267724,100.692115,119.1211,259.6133299999998,707.7497,302,0.0,0.5574497051050566,13.273025510227493,302,-15.499513589969197,-4.243598298480496,-1.0647281852123198,-0.13994598330559774,-0.1271223885078024,-0.13428331743163308,-0.130763736624892,
catboost,decile_09,0.004247747923704628,0.013101001952365165,0.0,302,26,9,-0.146088761034199,-0.13432793200599796,-0.2884456032058894,-0.01040678087739933,-0.039914256490063894,0.1061745045441351,0.04304635761589404,11,235,0,0.41721854304635764,0.11920529801324503,0.006622516556291391,0.17880794701986755,0.8145695364238411,NEARUSDT,0.15348660556499755,-0.28370338921048766,-0.11831624400850312,0.05663462680287141,-0.1265054337060568,9.142977235000002,29.8988546,30.0311192,30.55721,28.036399658216695,29.41684294544944,29.995054471458612,29.99998591542763,15.006138553882165,15.509187290331795,15.657908314324676,16.990167271346834,100.320595,119.1636,199.8616,604.4314,302,0.0,0.94005239025044,16.227618647198128,302,-16.587740823673357,-5.154549375923665,-1.141035912291146,-0.154283541252169,-0.13993316564571254,-0.14751934716169685,-0.14394666366325376,
catboost,decile_10,0.01314429034707423,0.060739545952571444,0.0,302,27,4,-0.1425153440402225,-0.14782227398448994,-0.29526480614633116,0.06731720865270541,-0.0327073146655594,0.1098080293746631,0.1291390728476821,32,171,0,0.9602649006622517,0.04966887417218543,0.023178807947019868,0.304635761589404,0.6721854304635762,ENAUSDT,0.1839666089102689,-0.2867715966151213,-0.08839612450210793,0.04947127556474882,-0.11419587188304021,7.861381725,29.88969375,29.9308332,30.0335337,29.64744356159499,29.880267420657745,29.985283778830308,29.99971704831461,15.006616862827116,15.233356107576812,15.350814164674874,15.766287636237442,100.2923,115.7426,180.5969,400.8013,302,0.0,5.822477046925803,24.09399478905221,302,-17.099448038629298,-9.434173425289782,-1.3592169960638465,-0.14945823825731314,-0.13541917364991302,-0.14388116365993614,-0.14076753319290328,
catboost,top_1pct,0.04462774995956831,0.060739545952571444,0.0,31,11,1,-0.15750610131351803,-0.19456328455410454,-0.2937553347691706,0.0054903116939867755,-0.04766552899999705,0.10984057231352097,0.06451612903225806,2,20,0,1.0,0.22580645161290322,0.0,0.2903225806451613,0.7096774193548387,ENAUSDT,,-0.2832252913290643,-0.10607552357988545,0.03427915077522644,-0.12011099101539664,11.13817405,29.8997108,29.9216078,29.9805138,29.655408754165613,29.873399404753975,29.987080992819326,29.996668115312985,15.011388923988346,15.235242413766947,15.337594969884183,15.351845036536416,101.327,115.6144,121.4902,125.8418,31,0.0,5.4674577179624135,19.45718646366192,31,-17.114672856721334,-10.982500124087506,-2.491308301891121,-0.17914141569207714,-0.13612841590200495,-0.16151349084671887,-0.15225786030794516,
catboost,top_5pct,0.027938350115902486,0.060739545952571444,0.0,152,23,1,-0.14350041529538077,-0.1500345571098975,-0.2972993403080439,0.06995874403944469,-0.03365576721710213,0.10984464807827864,0.13157894736842105,17,81,0,1.0,0.07894736842105263,0.019736842105263157,0.3355263157894737,0.6447368421052632,ENAUSDT,0.18708372343720592,-0.2866101561726042,-0.07914486051435389,0.05296462034708407,-0.10687154168280381,7.96938635,29.8912126,29.930727859999998,29.996237,29.653401776300605,29.880267420657745,29.98386834598993,29.998047722402667,15.005651825352851,15.234409975186658,15.3453749889636,15.357017511801185,100.34455,116.8617,212.84435499999952,325.1757,152,0.0,7.196763586081563,24.40507854248412,152,-17.25635091286436,-10.938136938954818,-1.3567572661380352,-0.15329242493667677,-0.13222789739639434,-0.14689149238788754,-0.14101023710530472,
catboost,top_10pct,0.013101001952365165,0.060739545952571444,0.0,303,27,4,-0.1430442934311921,-0.14783494448724252,-0.2955568081630336,0.06720469294566607,-0.033235666762372794,0.10980862666881931,0.12871287128712872,32,171,0,0.9603960396039604,0.04950495049504951,0.0231023102310231,0.3069306930693069,0.66996699669967,ENAUSDT,0.1839666089102689,-0.2869438053558621,-0.08839612450210793,0.04947127556474882,-0.11419587188304021,7.8716760500000005,29.8896672,29.9308332,30.0335337,29.64746390041828,29.88048338080862,29.985725624223523,29.99971704831461,15.006616862827116,15.232853558952986,15.350813213516501,15.766287636237442,100.25702,115.7426,180.5969,400.8013,303,0.0,5.8216196776741915,24.074371443437904,303,-17.14128304954894,-9.50768203843071,-1.3592196188971453,-0.14972681105006788,-0.1363660094673335,-0.14440017851089654,-0.14132430115273528,
catboost,threshold_0.55,,,,0,0,,,,,,,,,,,,,,,,,,,,,,,,,,,,,,,,,,,,,,,,,,,,,,,,,,,
logistic,all,2.378704201706905e-14,0.39753621302162034,0.0,3023,29,11,-0.13169023097922605,-0.12586456327834905,-0.27440438296949277,-0.021114294082000568,-0.027686209663908123,0.10400402131531793,0.0314257360238174,81,2689,0,0.1071782997022825,0.041018855441614294,0.004631161098246774,0.07906053589149852,0.9163083030102547,DOGEUSDT,0.2047207526908435,-0.2829055563906746,-0.12034340462472959,0.042112078523251946,-0.12523700601371676,18.309968369999996,29.8993936,30.0211198,30.602056,28.15170378005938,29.84179996947112,29.996730029388296,29.99998591542763,15.00408713413548,15.144247235863162,15.581953857458641,17.065206478534822,100.3281,119.9532,284.85694,859.83,3023,0.0,0.02912130316285002,13.466515993970637,3023,-15.514945523528002,-3.2041758541987146,-1.012022530546868,-0.132800990557327,-0.13050476700670152,-0.13196005370299063,-0.13149901996271318,
logistic,decile_01,2.378704201706905e-14,4.392283707062891e-06,0.0,303,27,9,-0.12084604855697836,-0.11313438521448352,-0.19790552396000494,-0.06237934157615997,-0.02182931335313413,0.09901673520384423,0.0033003300330033004,1,298,0,0.41914191419141916,0.09570957095709572,0.0,0.013201320132013201,0.9867986798679867,SOLUSDT,,-0.2646382550927563,-0.1189224069979713,0.018420007920000744,-0.11938328758494435,29.75623562,29.8997088,30.00806537,30.2079263,29.50748052101826,29.96297834877204,29.99894090181421,29.999928890556138,15.002082424668384,15.02685248193858,15.254448465004566,15.714033535968452,100.4873,120.2227,246.84944999999934,469.0561,303,0.0,0.0,6.277646416826539,303,-8.878620390456089,-2.085513522049532,-1.01180384832748,-0.12374776645482528,-0.11806162122324361,-0.12164562244516708,-0.12020685240729764,
logistic,decile_02,4.44394341873887e-06,2.972534466500838e-05,0.0,303,27,9,-0.12186466491488135,-0.1181051995599899,-0.1812537230359956,-0.06613826176151014,-0.021399301049504108,0.10046536386537724,0.009900990099009901,3,296,0,0.33993399339933994,0.07920792079207921,0.0,0.013201320132013201,0.9867986798679867,SOLUSDT,,-0.2607383825624989,-0.12000682253832459,0.04540307590667348,-0.12168327421175361,29.6486699,29.8998231,30.0195882,30.2915732,29.411281701584578,29.697328972713155,29.998054587407896,29.999825380511158,15.003851660079226,15.063191289872435,15.394318382724537,16.029395302512572,100.39934000000001,120.7542,328.44441999999987,780.2526,303,0.0,0.0,5.549507784633505,303,-7.632735897223178,-2.1907351250176803,-1.0120001031494401,-0.12493081612102938,-0.11906188792898546,-0.12264953071029702,-0.12142229263416625,
logistic,decile_03,2.9906764298283125e-05,8.627722205753873e-05,0.0,303,28,10,-0.12959549900513403,-0.12571449590750114,-0.20954467208301988,-0.06776641461422073,-0.027531371438942603,0.10206412756619143,0.009900990099009901,3,295,0,0.22112211221122113,0.07260726072607261,0.0,0.0165016501650165,0.9834983498349835,HYPEUSDT,,-0.2662740933057222,-0.1273022340000906,0.024261067655935647,-0.1288435557118468,29.74948878,29.8999012,30.01858367,30.2915732,29.408051656924616,29.85448688842429,29.997560415845335,29.999148301305123,15.002085871660743,15.101332131921552,15.510936623842063,15.668118446732215,100.258,121.0219,259.0876,833.9021,303,0.0,0.0,4.5502024043054705,303,-10.061923654566485,-2.6386163362248305,-1.0120096615822898,-0.13261003669696847,-0.12674956022656164,-0.13022865946578172,-0.12884733062534462,
logistic,decile_04,8.669823608742422e-05,0.0001915453130393018,0.0,302,29,9,-0.12960484822351898,-0.12551759999999484,-0.2118503479170433,-0.061236205999243905,-0.02694396027814381,0.10266088794537517,0.006622516556291391,2,291,0,0.16887417218543047,0.076158940397351,0.0,0.029801324503311258,0.9701986754966887,ETHUSDT,,-0.26877521490410283,-0.1253299905439106,0.008699288654388557,-0.12625115397482672,29.67606868,29.9000324,30.066298805,30.4332176,29.415432458502313,29.808547124401954,29.99740991388633,29.999825380511158,15.004101468766407,15.155026662165838,15.527525327897418,15.628469950119683,100.370855,121.0521,240.1493,599.7154,302,0.0,0.0,9.284816919172059,302,-11.793963557902385,-2.8226936648963012,-1.0120183158492504,-0.13400704398245245,-0.12558885488542149,-0.13044806280632468,-0.12873180698001144,
logistic,decile_05,0.00019208314609934547,0.0003848513667835158,0.0,302,29,9,-0.1314592633787039,-0.1246896850935009,-0.2397775658638531,-0.039115258382559165,-0.027044137751652708,0.10441512562705117,0.0033112582781456954,1,289,0,0.18543046357615894,0.056291390728476824,0.0,0.039735099337748346,0.9602649006622517,XRPUSDT,,-0.2752382837804495,-0.12550978667242477,0.014035291915604722,-0.12599264161563592,29.516263615,29.89945645,30.043956339999998,30.4332176,29.39909137976754,29.818040177118085,29.995027499028602,29.999825380511158,15.004988402403995,15.268712344644886,15.57184139786638,17.065206478534822,100.32286500000001,121.35895,323.1201,615.7408,302,0.0,0.028753761554367166,9.246524590427693,302,-13.381347941734843,-3.003755249540074,-1.0371043458547435,-0.13597996214802505,-0.1270670392088246,-0.1324327176821724,-0.13039224547964773,
logistic,decile_06,0.0003857022176545411,0.0007317621571542528,0.0,302,29,8,-0.12530787143028765,-0.12897845999999663,-0.22248824415890536,-0.007056296764104889,-0.020370709195362987,0.10493716223492468,0.04304635761589404,12,279,0,0.17880794701986755,0.0695364238410596,0.0033112582781456954,0.033112582781456956,0.9635761589403974,XRPUSDT,0.3200109742549817,-0.28192089841675466,-0.12145628578018663,0.03849080739523237,-0.12833573064794657,29.52927525,29.8998102,30.02044199,30.602056,29.193981902668863,29.851689314253083,29.996040787836243,29.99998591542763,15.005504629851673,15.265658967517082,15.589368786515346,15.697843312094673,100.3301,119.59335,338.57167999999984,859.83,302,0.0,0.23402941221569507,13.355407682289874,302,-12.133510334033238,-3.1840603318204117,-1.0649278968667097,-0.13119229159853207,-0.11817153122067152,-0.12797505512363938,-0.12446567005295,
logistic,decile_07,0.0007341190746492871,0.0016052454408147572,0.0,302,29,9,-0.1355772549969889,-0.12991100199999436,-0.2737886684524729,-0.018586059399902936,-0.030974760983441707,0.10460249401354718,0.03642384105960265,8,264,0,0.2152317880794702,0.0695364238410596,0.009933774834437087,0.08940397350993377,0.9006622516556292,ZECUSDT,0.26343687796632076,-0.2869673624881355,-0.12495045167577189,0.030915242351321193,-0.12967365452507773,16.141730055,29.89974005,30.040162895,30.602056,28.127722407784773,29.86518074123645,29.994106428876734,29.998512962912116,15.006062145188737,15.294532462971633,15.612697230377892,16.90309757292008,100.54952985,122.4322,320.173005,599.3976,302,0.0,0.027485326105060513,13.099561609014193,302,-15.569563562737155,-4.087622559983653,-1.0649029891162891,-0.1414850400307932,-0.12860742398512123,-0.13852983279709355,-0.13461836583357412,
logistic,decile_08,0.0016060574758990974,0.00394275607161508,0.0,302,29,9,-0.13639733030290627,-0.1319546406599915,-0.2745927529695005,-0.006596673793792095,-0.030178198456952264,0.106219131845954,0.04304635761589404,11,253,0,0.23841059602649006,0.0728476821192053,0.006622516556291391,0.11920529801324503,0.8741721854304636,NEARUSDT,0.162454651076493,-0.28066100468791577,-0.11898904123055191,0.04082121906797953,-0.12593731341744457,16.59964473,29.8999048,30.036273450000003,30.2995163,28.06656034149718,29.82120604494265,29.98986692361094,29.999971781485833,15.013397277115537,15.374393183369417,15.610011580638238,16.978321640047646,100.24968,118.50305,320.180305,660.0464,302,0.0,0.4664641709432986,13.575443450736614,302,-15.539300954977563,-4.105871951793823,-1.0770391952777658,-0.1443395653698025,-0.12785075050777991,-0.13798293515152174,-0.13372006249607635,
logistic,decile_09,0.00394756501244313,0.013225452049072814,0.0,302,28,9,-0.14499603777282022,-0.13375757197299382,-0.2908309652056498,0.005291844973794191,-0.03806829500661955,0.10692774276620068,0.052980132450331126,14,231,0,0.32450331125827814,0.08940397350993377,0.006622516556291391,0.18211920529801323,0.8112582781456954,NEARUSDT,0.1613659360138005,-0.2843239432921713,-0.11621925876877502,0.03876179012637942,-0.1256120496109056,9.036832785,29.8933195,30.0335337,30.2995034,28.05489480109724,29.850377053983745,29.99183477498663,29.99879798882943,15.004478673996902,15.301036974704196,15.58785346975844,17.055257449267724,100.3884581,119.38815,251.41463499999983,437.457,302,0.0,0.9478622390671128,17.65110648991861,302,-17.05053155302707,-5.161035245236086,-1.0775486758986712,-0.15225268092332145,-0.13808934004701284,-0.1459338559518733,-0.1433226266475678,
logistic,decile_10,0.013337437175719485,0.39753621302162034,0.0,302,28,7,-0.1413288702844141,-0.13338511895814745,-0.2929171478787587,0.06513706056725353,-0.03256277310926822,0.10876609717514585,0.10596026490066225,26,193,0,0.7880794701986755,0.059602649006622516,0.019867549668874173,0.25496688741721857,0.7251655629139073,ENAUSDT,0.1846879592228797,-0.28767238700698294,-0.09880672503056001,0.0558200751338751,-0.11963727842058754,7.87374562,29.889988549999998,29.941622844999998,30.1458545,29.15564986144714,29.857523609524428,29.991984526497927,29.998674935627356,15.005092001479037,15.23740894397385,15.569715140089091,16.588679931310857,100.38826999999999,118.3662,199.8673,400.8013,302,0.0,4.393173445794195,22.69226432015819,302,-16.794042835657716,-7.824879174435754,-1.3576580441182227,-0.14908744291138065,-0.13272106864172012,-0.14292782226386697,-0.13953196397133724,
logistic,top_1pct,0.10560916413135486,0.39753621302162034,0.0,31,13,4,-0.13233368116183533,-0.1400017910505572,-0.288161852963368,0.1664668592970739,-0.02408947448387242,0.10824420667796289,0.16129032258064516,3,18,0,0.8064516129032258,0.16129032258064516,0.06451612903225806,0.25806451612903225,0.6774193548387096,ENAUSDT,0.19054176163960218,-0.2880598203931002,-0.10375947981672845,0.0735627548485447,-0.133313185594274,8.910344,29.8808414,29.9805138,29.996237,29.50935439012703,29.753637307992076,29.991491938113345,29.997917606641167,15.002431786835801,15.254364123779007,15.479527047502216,15.704909013649626,102.5674,120.1632,318.20395,400.8013,31,0.0,5.4247546172235,29.284222728190507,31,-16.87427689168671,-8.434249914756807,-1.359556193235626,-0.18695825026905769,-0.08756026287116797,-0.14887359907652578,-0.11952676651301213,
logistic,top_5pct,0.0337125880805274,0.39753621302162034,0.0,152,27,6,-0.14650336116252252,-0.1532317257804101,-0.2961315632704229,0.10406875781577386,-0.03728632667105014,0.10921703449147237,0.13157894736842105,15,84,0,0.8881578947368421,0.07894736842105263,0.03289473684210526,0.3157894736842105,0.6513157894736842,ENAUSDT,0.18440963869464622,-0.28801552990032,-0.09460417833294238,0.06342171956007683,-0.12282308867098149,6.11773665,29.884970199999998,29.9243613,29.996237,29.52242813363515,29.853319733031405,29.991437206070614,29.998047722402667,15.004881398537284,15.244761018909925,15.563570567620477,15.766287636237442,100.2923,118.411,235.6066,400.8013,152,0.0,4.8778277176943075,24.43228239370068,152,-17.158611863102607,-9.742110106826264,-1.358742894235861,-0.15938955508320643,-0.13372852077620234,-0.1504643936828868,-0.14471983049094198,
logistic,top_10pct,0.013225452049072814,0.39753621302162034,0.0,303,28,7,-0.14119239163290773,-0.13335920219579622,-0.2928666317760084,0.06509471091554843,-0.03244909847854452,0.10874329315436321,0.10561056105610561,26,194,0,0.7854785478547854,0.0594059405940594,0.019801980198019802,0.25412541254125415,0.7260726072607261,ENAUSDT,0.1846879592228797,-0.28767238700698294,-0.09881203918441195,0.0558200751338751,-0.1195359307940793,7.8964038400000005,29.8902568,29.95783583,30.2376974,29.15569452115152,29.858265421986996,29.991929794455196,29.998674935627356,15.005092829567968,15.235885203078725,15.569715140089091,16.588679931310857,100.38924,118.3662,199.8673,400.8013,303,0.0,4.384977794898547,22.673088947838785,303,-16.790275344982625,-7.7803347828234495,-1.3577183087972535,-0.1496018464979416,-0.13303837552729322,-0.1427781637851705,-0.1393960322699855,
logistic,threshold_0.55,,,,0,0,,,,,,,,,,,,,,,,,,,,,,,,,,,,,,,,,,,,,,,,,,,,,,,,,,,
fixed_rule,all,0.15,0.55,0.9993384055573933,3023,29,11,-0.13169023097922605,-0.12586456327834905,-0.27440438296949277,-0.021114294082000568,-0.027686209663908123,0.10400402131531793,0.0314257360238174,81,2689,0,0.1071782997022825,0.041018855441614294,0.004631161098246774,0.07906053589149852,0.9163083030102547,DOGEUSDT,0.2047207526908435,-0.2829055563906746,-0.12034340462472959,0.042112078523251946,-0.12523700601371676,18.309968369999996,29.8993936,30.0211198,30.602056,28.15170378005938,29.84179996947112,29.996730029388296,29.99998591542763,15.00408713413548,15.144247235863162,15.581953857458641,17.065206478534822,100.3281,119.9532,284.85694,859.83,3023,0.0,0.02912130316285002,13.466515993970637,3023,-15.514945523528002,-3.2041758541987146,-1.012022530546868,-0.132800990557327,-0.13050476700670152,-0.13196005370299063,-0.13149901996271318,
fixed_rule,decile_01,0.15,0.15,0.9966996699669967,303,4,10,-0.12890378992120557,-0.12103941003299092,-0.2738526999309846,-0.05787597718661087,-0.025702179858083624,0.10320161006312197,0.0165016501650165,3,281,0,0.132013201320132,0.3564356435643564,0.006600660066006601,0.056105610561056105,0.9372937293729373,DOGEUSDT,0.1803985115808066,-0.28234909403713904,-0.12189686891075895,0.043414315523801615,-0.12366175700080762,24.41117774,29.8995426,30.058099809999998,30.239236,29.412335957920366,29.832662740509885,29.99623752596736,29.99894090181421,15.005723411636751,15.121247245182268,15.509635463497705,16.31608059939449,100.5019,121.3735,296.7485699999991,520.7223,303,0.0,0.0,8.302904879939232,303,-15.233603480013159,-2.487768960275814,-1.0118232811501138,-0.13496377084349845,-0.12348768197190632,-0.13101370534552612,-0.12598832995690096,
fixed_rule,decile_02,0.15,0.15,0.9966996699669967,303,4,10,-0.1308452447118448,-0.1298620004399942,-0.25159981620830796,-0.03451257740205469,-0.02707034222442136,0.10377490248742345,0.026402640264026403,6,279,0,0.11551155115511551,0.38613861386138615,0.006600660066006601,0.052805280528052806,0.9405940594059405,BTCUSDT,0.1901732883673232,-0.2820066636123942,-0.1246117512513169,0.04217745397725801,-0.1281986158798884,26.4266246,29.8998603,30.0384605,30.55721,29.405456239600003,29.804166841480573,29.99749211490721,29.999825380511158,15.005957877268662,15.11817972107421,15.514467445098767,17.055257449267724,100.9866,120.16,255.3116,707.7497,303,0.0,0.0,10.46247041968724,303,-15.12363362403324,-3.064529392611922,-1.0120024909440648,-0.13554963392512168,-0.12467294413575274,-0.13278712537460272,-0.12776936924181043,
fixed_rule,decile_03,0.15,0.15,0.9966996699669967,303,4,10,-0.13147064978415826,-0.128143470429008,-0.27378494892717076,-0.006896419636417656,-0.027111265168315694,0.10435938461584258,0.0429042904290429,13,265,0,0.1419141914191419,0.35313531353135313,0.0,0.08250825082508251,0.9174917491749175,DOGEUSDT,,-0.27680094861863147,-0.11840137830623801,0.051310955778824635,-0.12672688903493923,15.99928708,29.8993148,30.020812,30.241992,29.381586308788734,29.765927959988225,29.997108697252582,29.999825380511158,15.008048998573775,15.222733209430128,15.492379229047447,17.065206478534822,100.2168,119.656,321.83854999999994,615.7408,303,0.0,0.0,13.465650020316039,303,-15.436507297220976,-3.170057383844661,-1.0370758246048537,-0.13529216544264125,-0.12894233567247498,-0.1327572548552977,-0.12972169505419004,
fixed_rule,decile_04,0.15,0.15,0.9966887417218543,302,6,10,-0.13179137946683275,-0.1252005135037439,-0.2727254163029099,-0.008931588577401115,-0.027763329827812218,0.10402804963902054,0.033112582781456956,10,271,0,0.15562913907284767,0.3741721854304636,0.0,0.0695364238410596,0.9304635761589404,HYPEUSDT,,-0.2817088334503035,-0.12058758397340612,0.029359920910259886,-0.12612070223479602,21.510044995,29.8996908,29.997342335000003,30.4332176,29.309373975841044,29.79449835600001,29.99665012967151,29.999321071787488,15.004069352388683,15.130412073920407,15.566467285635321,16.990167271346834,100.31943000000001,119.8198,322.96646499999997,833.9021,302,0.0,0.6447010580358086,13.456409010266173,302,-15.505121915029866,-3.8711833660923447,-1.0371274859752029,-0.1366751685643037,-0.12759357434623098,-0.134593171853382,-0.12934336343406352,
fixed_rule,decile_05,0.15,0.15,0.9966887417218543,302,3,11,-0.1304980713080019,-0.12887071566000588,-0.27425486996594245,-0.011594984331297645,-0.026547181562912484,0.10395088974508941,0.039735099337748346,11,263,0,0.11258278145695365,0.38079470198675497,0.0033112582781456954,0.08940397350993377,0.9072847682119205,HYPEUSDT,0.17829404093341045,-0.2789506957343606,-0.11699650653694252,0.05204233501342412,-0.12406657215311753,15.869336190000002,29.8877091,30.0335337,30.3360614,28.09140366412166,29.84843999882081,29.995797624033926,29.999928890556138,15.004338084660619,15.148145091343768,15.584111701368307,16.79511058119587,102.335,122.2324,338.4522399999998,859.83,302,0.0,0.9476093185515804,15.40247281931684,302,-15.58404012639869,-4.236112221872348,-1.037127450476126,-0.1334721802880813,-0.12836463989883426,-0.13181007458101945,-0.128935913055839,
fixed_rule,decile_06,0.15,0.15,0.9966887417218543,302,4,11,-0.12873900744577021,-0.12551759999999484,-0.21303200862357083,-0.06748663656800302,-0.0250593556523154,0.10367965179345481,0.016556291390728478,4,289,0,0.11258278145695365,0.3741721854304636,0.0033112582781456954,0.026490066225165563,0.9701986754966887,BTCUSDT,0.18607956186404712,-0.27811849171534114,-0.12573485282171987,0.02326400718011784,-0.1277971207802228,29.673464925,29.90248515,30.0511332,30.2590808,28.15170378005938,29.88942979544551,29.99516373470046,29.99998591542763,15.002753463602136,15.14812004890953,15.601228644962495,16.978321640047646,100.24313500000001,118.1178,252.2358,660.0464,302,0.0,0.0,7.95898323294096,302,-13.02345348331115,-2.717231016714375,-1.013270795171207,-0.12937923766025328,-0.12759330052279505,-0.12889889197688872,-0.12821622258670645,
fixed_rule,decile_07,0.15,0.15,0.9966887417218543,302,4,10,-0.129870330709373,-0.11966954818432499,-0.2747259574695203,-0.005616349702542361,-0.02600304113907068,0.10386728957030233,0.04304635761589404,11,263,0,0.11589403973509933,0.38079470198675497,0.006622516556291391,0.08609271523178808,0.9072847682119205,HYPEUSDT,0.1716392578470764,-0.2793869693162131,-0.11788342039307759,0.04200806354902758,-0.12457089690776638,17.09370502,29.8996055,30.025729905,30.0989763,28.04905091547194,29.86828922724616,29.99691190903253,29.99882104503193,15.00234091301922,15.131994084784939,15.583204891590485,15.602608100715454,100.50207,119.7792,322.68548999999996,599.3976,302,0.0,0.0,17.067473316080008,302,-15.530101727036408,-3.0786950182367234,-1.013269012208911,-0.13812131353746587,-0.12099705768596036,-0.13239505105382737,-0.12338059647188915,
fixed_rule,decile_08,0.15,0.15,0.9966887417218543,302,4,10,-0.12786180316598159,-0.11819861995599584,-0.27440438296949277,-0.002193917482492117,-0.02489912860595758,0.10296267456002403,0.04304635761589404,9,254,0,0.12582781456953643,0.3675496688741722,0.013245033112582781,0.11589403973509933,0.8708609271523179,ETHUSDT,0.277580402038486,-0.2891356841746188,-0.11256592098163014,0.033063521927006706,-0.1177260193524086,12.057837445,29.891104900000002,29.98509386,30.2995163,28.090696042385453,29.88676795317391,29.99744955382616,29.999367448394487,15.001367117059017,15.090685266108128,15.581255473275823,15.766287636237442,100.3202,121.25534999999999,240.6611,494.7517,302,0.0,0.3001910184745845,15.551373653542736,302,-15.663198281400957,-3.3625663711018063,-1.012015920797349,-0.13422951534991645,-0.12103965968682184,-0.13129666213545196,-0.12397504431454308,
fixed_rule,decile_09,0.15,0.15,0.9966887417218543,302,4,10,-0.13042748066723314,-0.12290601546200453,-0.2539055023094666,-0.047431947230545175,-0.02673948244039523,0.10368799822683791,0.009933774834437087,3,283,0,0.11258278145695365,0.3708609271523179,0.0,0.052980132450331126,0.9470198675496688,BTCUSDT,,-0.2776668143841456,-0.1221903151446087,0.04208041069653871,-0.12393170093091059,28.105327470000002,29.89856615,30.01782638,30.602056,28.145915807174347,29.89157474759141,29.99774503002206,29.99971704831461,15.003741209463795,15.1259954939309,15.633422883606363,15.654211516651362,100.59381714999999,119.7824,261.5325,780.2526,302,0.0,0.33330296612237764,10.475060048151903,302,-15.078556842327735,-3.4968651527856416,-1.037359679384158,-0.1329322408000444,-0.12728552386452305,-0.13158898576024458,-0.1288641666990683,
fixed_rule,decile_10,0.15,0.55,0.9933774834437086,302,29,10,-0.14650730429570194,-0.13646198535695148,-0.2907881321289183,-0.008399176287754644,-0.039977302880793326,0.10653000141490862,0.04304635761589404,11,241,0,0.2185430463576159,0.18874172185430463,0.006622516556291391,0.15894039735099338,0.8344370860927153,ENAUSDT,0.15348660556499755,-0.2892371176247795,-0.12170157723191492,0.046882337580092644,-0.1293962787378572,14.87435759,29.8999291,30.08057684,30.402609,28.10281095779571,29.830753269629582,29.992545121171997,29.999971781485833,15.008276208268168,15.281403756007839,15.628344011695495,16.89324774691081,100.21351,116.617599,219.04720499999996,604.4314,302,0.0,0.9417948326794316,17.169743588261138,302,-16.377715136122653,-4.314697446137428,-1.3577077134749074,-0.16218611242319178,-0.13420138983910598,-0.15112170855397258,-0.14366715394413793,
fixed_rule,top_1pct,0.55,0.55,0.967741935483871,31,3,9,-0.1312856570053955,-0.1363807253574998,-0.285631436332464,0.044977684476502605,-0.02499548564515839,0.10629017136023709,0.06451612903225806,0,25,0,0.1935483870967742,0.41935483870967744,0.06451612903225806,0.12903225806451613,0.8064516129032258,ENAUSDT,0.15348660556499755,-0.2836063190910033,-0.12969613207732972,,-0.12969613207732972,12.963727949999999,29.8999155,30.05855895,30.1078193,28.172530345095815,29.88226944947936,29.993070096041574,29.999411357521932,15.005107753231496,15.315129430966135,15.638136862823337,16.533454381761903,100.48185000000001,113.9089,238.67419999999998,335.7678,31,0.0,0.0,24.625223453060148,31,-15.359584067676558,-4.2535157874941785,-1.830334584356728,-0.19492976458237396,-0.08522448175954053,-0.16455206134962408,-0.11272279229544346,
fixed_rule,top_5pct,0.55,0.55,0.993421052631579,152,17,10,-0.1592246552880455,-0.15045717713189227,-0.2957277139930216,-0.019866713728936218,-0.052308175434208,0.10691647985383752,0.039473684210526314,4,114,0,0.23026315789473684,0.10526315789473684,0.013157894736842105,0.21052631578947367,0.7763157894736842,ENAUSDT,0.15348660556499755,-0.29085189137657574,-0.12882932449883464,0.08157612399996278,-0.13621197181458192,11.043975210000001,29.8943467,30.05582666,30.2995163,28.07004842023664,29.849066998304806,29.990334150580942,29.999971781485833,15.005100282368344,15.352617615670972,15.638104177972956,16.588679931310857,100.44483,117.75874999999999,203.56287999999992,396.044899,152,0.0,0.8732914271639606,19.129642443074165,152,-16.839401136405712,-5.616007507816182,-1.8303966141687518,-0.1770686547822868,-0.13752401529828465,-0.16614553482668265,-0.15450898702400565,
fixed_rule,top_10pct,0.15,0.55,0.9933993399339934,303,29,10,-0.14647525378937948,-0.13648307785694616,-0.2907441303753445,-0.008472608790504396,-0.03995950320131875,0.10651575058806073,0.0429042904290429,11,242,0,0.21782178217821782,0.19141914191419143,0.006600660066006601,0.15841584158415842,0.834983498349835,ENAUSDT,0.15348660556499755,-0.2892371176247795,-0.12176123898546465,0.046882337580092644,-0.1294268561020809,14.899912780000001,29.8999381,30.088360180000002,30.602056,28.102832422340796,29.82685374521621,29.992531516624066,29.999971781485833,15.008276208268168,15.281403756007839,15.628461507740997,16.89324774691081,100.21512,116.605098,218.7953099999999,604.4314,303,0.0,0.9362647289134535,17.157247064588304,303,-16.375608041178925,-4.320485169364444,-1.3578176475106227,-0.16218611242319178,-0.1342016298418709,-0.15112170855397258,-0.14364346031288225,
fixed_rule,threshold_0.55,0.55,0.55,0.9961240310077519,258,29,10,-0.14780130565347796,-0.13989780059399418,-0.29096516543760437,-0.00045992886136952873,-0.04090191207751785,0.10689939357596008,0.050387596899224806,11,199,0,0.2441860465116279,0.08139534883720931,0.007751937984496124,0.17829457364341086,0.813953488372093,ENAUSDT,0.15348660556499755,-0.2875908474837696,-0.12005014802606619,0.046882337580092644,-0.1292775718535423,14.446523745000004,29.8998156,30.08191603,30.402609,28.078973104460836,29.830753269629582,29.99260594577946,29.999971781485833,15.00582227103009,15.29718345787412,15.62839818990086,16.89324774691081,100.33776999999999,117.75874999999999,209.00692499999985,604.4314,258,0.0,1.059096067422491,18.978618530983304,258,-16.38484042954738,-5.1190521752084575,-1.4650611054322347,-0.16334843535188093,-0.1331585856948734,-0.15115661231378422,-0.1445197487802089,
train_prior,all,0.013113236655353286,0.013113236655353286,0.9996692027786966,3023,29,11,-0.13169023097922605,-0.12586456327834905,-0.27440438296949277,-0.021114294082000568,-0.027686209663908123,0.10400402131531793,0.0314257360238174,81,2689,0,0.1071782997022825,0.041018855441614294,0.004631161098246774,0.07906053589149852,0.9163083030102547,DOGEUSDT,0.2047207526908435,-0.2829055563906746,-0.12034340462472959,0.042112078523251946,-0.12523700601371676,18.309968369999996,29.8993936,30.0211198,30.602056,28.15170378005938,29.84179996947112,29.996730029388296,29.99998591542763,15.00408713413548,15.144247235863162,15.581953857458641,17.065206478534822,100.3281,119.9532,284.85694,859.83,3023,0.0,0.02912130316285002,13.466515993970637,3023,-15.514945523528002,-3.2041758541987146,-1.012022530546868,-0.132800990557327,-0.13050476700670152,-0.13196005370299063,-0.13149901996271318,
train_prior,decile_01,0.013113236655353286,0.013113236655353286,0.9966996699669967,303,4,10,-0.12799225940722805,-0.12174240000000036,-0.27223726244280083,-0.04830345756920866,-0.02466144681517968,0.10333081259204835,0.019801980198019802,4,281,0,0.1254125412541254,0.37623762376237624,0.006600660066006601,0.052805280528052806,0.9405940594059405,DOGEUSDT,0.1803985115808066,-0.28220459897598515,-0.12149887031556471,0.0306541279487821,-0.12366474929441665,25.010677790000003,29.8996206,30.0989322,30.239236,29.41563987605478,29.835460421684388,29.996275772480317,29.99894090181421,15.005714751636035,15.124271797086752,15.509574177874796,16.89324774691081,100.49605000000001,120.6146,258.1095199999996,520.7223,303,0.0,0.0,10.952280074946326,303,-15.00201237135044,-2.600405836423819,-1.0118232811501138,-0.13122957373014005,-0.1221996795416008,-0.13025711283217212,-0.12566624420634942,
train_prior,decile_02,0.013113236655353286,0.013113236655353286,0.9966996699669967,303,3,10,-0.13126992841881716,-0.1296955400000043,-0.2722843650319997,-0.022286660000099563,-0.027070303719471445,0.10419962469934571,0.039603960396039604,10,269,0,0.10561056105610561,0.39603960396039606,0.006600660066006601,0.07260726072607261,0.9207920792079208,XRPUSDT,0.1901732883673232,-0.2800330782073853,-0.12184375328700278,0.04386827886253496,-0.12800405187992236,20.103669330000002,29.8997269,30.02851053,30.55721,29.402356276459486,29.804166841480573,29.995133221055514,29.999825380511158,15.005693559972833,15.122737561612531,15.516392610895213,17.055257449267724,100.87086000000001,120.16,277.6990999999999,707.7497,303,0.0,0.0,13.879392347783696,303,-15.44263050732282,-3.064955792729834,-1.0120024909440648,-0.13264288168167176,-0.12886971081337634,-0.13250604048561918,-0.13051918441700275,
train_prior,decile_03,0.013113236655353286,0.013113236655353286,0.9966996699669967,303,5,10,-0.13339776594478694,-0.12714348598449182,-0.27517018874780186,-0.016306272304784448,-0.02876192582838131,0.10463584011640562,0.0297029702970297,9,270,0,0.13861386138613863,0.37623762376237624,0.0,0.07920792079207921,0.9207920792079208,ENAUSDT,,-0.28211234604238516,-0.1206051138933806,0.05520200950772529,-0.12646535134008413,16.565247920000004,29.8994187,30.04137339,30.241992,29.38165800029269,29.775723566454193,29.99620570274475,29.999825380511158,15.009332924883934,15.223514723312626,15.496588468502214,17.065206478534822,100.21836,119.999998,315.8448099999994,615.7408,303,0.0,0.025323008557843096,12.629594079350955,303,-15.433827620974446,-3.170057383844661,-1.0370736397346343,-0.13751830208228843,-0.12986982633219363,-0.1358623191766785,-0.13148664155928777,
train_prior,decile_04,0.013113236655353286,0.013113236655353286,0.9966887417218543,302,5,10,-0.13162391737632262,-0.12651224322325416,-0.26931636873190856,-0.012396957688924012,-0.027109227158938848,0.1045146902173838,0.029801324503311258,9,272,0,0.15894039735099338,0.3973509933774834,0.0,0.0695364238410596,0.9304635761589404,HYPEUSDT,,-0.2794162332505131,-0.12057894003341162,0.03292133024506286,-0.12565799309409642,21.34862884,29.9007838,29.999644915,30.4332176,29.39414625316694,29.754688351646408,29.997208782867492,29.999321071787488,15.004102175593726,15.134276429802362,15.510322443035296,16.990167271346834,100.17654904999999,119.1211,275.4134349999998,833.9021,302,0.0,0.3847022257356775,12.650685725010195,302,-15.351477197910114,-3.3375704325728472,-1.0372747177442818,-0.1346271193075892,-0.12858106092961072,-0.13306821256943316,-0.12999776688074194,
train_prior,decile_05,0.013113236655353286,0.013113236655353286,0.9966887417218543,302,3,10,-0.1317221823784898,-0.1257378816391765,-0.2746169719694935,-0.013681950326715044,-0.02769258478476641,0.10402959759372335,0.03642384105960265,11,265,0,0.10264900662251655,0.3973509933774834,0.0,0.08609271523178808,0.9139072847682119,SOLUSDT,,-0.2776951558229003,-0.11797110516995835,0.04600369645079914,-0.12477760636931054,16.38356671,29.89769365,30.029450004999998,30.2995034,28.066539267587174,29.857848487040428,29.996118667306003,29.999928890556138,15.004085501182374,15.151200247036645,15.57810781928992,16.79511058119587,100.640975,121.16470000000001,320.03040999999996,505.5397,302,0.0,0.7048968544383941,13.527326294232221,302,-15.539456334002908,-4.087781424018782,-1.0371271454374917,-0.1335895016204216,-0.12898123928771182,-0.13309947219027368,-0.13049098287831493,
train_prior,decile_06,0.013113236655353286,0.013113236655353286,0.9966887417218543,302,4,11,-0.13246367757417332,-0.12897845999999663,-0.27305964835999935,-0.025999358630934777,-0.028448364986752454,0.10401531258742087,0.033112582781456956,9,268,0,0.09933774834437085,0.4105960264900662,0.0033112582781456954,0.07947019867549669,0.9172185430463576,BTCUSDT,0.17829404093341045,-0.28088869005566725,-0.1207256177147933,0.03699309185230437,-0.1260221415435391,19.12850125,29.89647005,29.9976891,30.3360614,28.12802556248989,29.858565793654535,29.99518088222297,29.99998591542763,15.003581144650669,15.150455344188352,15.598658523836905,16.051261266082363,100.8507,119.953,337.4807699999996,859.83,302,0.0,0.2990394702760525,13.597520040175432,302,-15.54526027090422,-3.7680940169747554,-1.0373454631595416,-0.13496482208394675,-0.126073633046032,-0.1331841540220681,-0.1302311278857126,
train_prior,decile_07,0.013113236655353286,0.013113236655353286,0.9966887417218543,302,3,10,-0.13092237681932406,-0.12551759999999484,-0.27374432456213704,-0.03310539516000432,-0.02688855204635485,0.10403382477296921,0.029801324503311258,7,273,0,0.10264900662251655,0.3973509933774834,0.006622516556291391,0.06622516556291391,0.9271523178807947,ENAUSDT,0.1735545089400175,-0.2795221402068749,-0.1224829429042086,0.044269040368047866,-0.1267586347829844,21.411392365,29.9007595,30.019812,30.2590808,28.14563432268269,29.888899776059908,29.994072560835306,29.999157015001554,15.002920800548214,15.138142483336336,15.596246554372472,16.978321640047646,100.2753,119.85,318.77088999999955,540.7765,302,0.0,0.0,11.997075824298124,302,-15.376570351809349,-2.7581255633654393,-1.0120130535995704,-0.13403050930023938,-0.12708545993709383,-0.13345221212628905,-0.12978319704125102,
train_prior,decile_08,0.013113236655353286,0.013113236655353286,0.9966887417218543,302,4,10,-0.13095431038180982,-0.11931734817923703,-0.28188478372484654,0.03206178989025229,-0.027319876003309325,0.1036344343785005,0.076158940397351,18,232,0,0.11258278145695365,0.3973509933774834,0.016556291390728478,0.15562913907284767,0.8278145695364238,ZECUSDT,0.25851413356642183,-0.28945108108044115,-0.10894628636943178,0.042059623272394576,-0.12066226211750451,8.738638105000001,29.898009549999998,30.0321457,30.2606734,28.042422578701263,29.85539166213247,29.996917245564692,29.99882104503193,15.001903074573276,15.134275734650092,15.582537896230264,15.704909013649626,100.39072,119.8517,258.84197499999976,599.3976,302,0.0,0.2996595715194894,18.72895081728759,302,-15.970657316440649,-3.598139686980506,-1.0371328638697743,-0.13656018277652612,-0.12703834823823204,-0.1332247801265091,-0.1294930762163799,
train_prior,decile_09,0.013113236655353286,0.013113236655353286,0.9966887417218543,302,4,10,-0.13356561341491532,-0.12342719964249386,-0.2727034810844332,-0.046876868856513376,-0.02981015795695094,0.1037554554579644,0.0033112582781456954,1,283,0,0.11258278145695365,0.38079470198675497,0.0,0.059602649006622516,0.9403973509933775,NEARUSDT,,-0.2883196608119125,-0.12375725829820426,0.02449278098925256,-0.12428111002713521,25.339424540000003,29.89785895,29.9855746,30.2995163,28.09674151122543,29.888801168982404,29.998154010865807,29.999971781485833,15.002805244657525,15.095017127912392,15.569563562736532,15.766287636237442,100.387498,120.7373,239.43649999999985,494.7517,302,0.0,0.26790105072493886,11.460436346840648,302,-15.406850253836751,-3.485770590919939,-1.0237270089258774,-0.1349966111187594,-0.13228712054453684,-0.13441419498659904,-0.13285067875416237,
train_prior,decile_10,0.013113236655353286,0.013113236655353286,0.9966887417218543,302,3,10,-0.13299826065641618,-0.12814864562700523,-0.2752689882560785,-0.047542783349740596,-0.02910815055960077,0.1038901100968154,0.016556291390728478,3,276,0,0.10596026490066225,0.3973509933774834,0.006622516556291391,0.0695364238410596,0.9238410596026491,SUIUSDT,0.15348660556499755,-0.28353282607861463,-0.12372135692371602,0.04208041069653871,-0.12552355005002316,19.784780145,29.89861955,30.03559719,30.602056,28.169809779753862,29.890250086517245,29.99740352855884,29.99971704831461,15.004982896209551,15.155078197939265,15.63781001431952,16.533454381761903,100.370855,118.3134,277.0612949999998,780.2526,302,0.0,0.19235250262412515,10.118041176764994,302,-15.545619757053256,-3.6022185028600235,-1.0373717325283325,-0.13530002822388731,-0.1281141012325042,-0.13475831810647454,-0.13182435919700589,
train_prior,top_1pct,0.013113236655353286,0.013113236655353286,0.967741935483871,31,1,10,-0.13002129450018954,-0.12990187600001152,-0.19925024395999977,-0.08234294559426206,-0.02620967799999921,0.10381161650019032,0.0,0,31,0,0.12903225806451613,1.0,0.0,0.0,1.0,SUIUSDT,,,-0.13002129450018954,,-0.13002129450018954,29.65054455,29.903498,29.96855365,29.9854859,28.794079001729923,29.894474086400447,29.990434965150303,29.997357960638293,15.010717147680431,15.162789670041255,15.630578154179343,15.63403026479282,100.44245,120.1213,358.4591,520.0369,31,0.0,0.08968969251691536,5.043313406772551,31,-10.401228278836475,-2.721590689062352,-1.2748295076369522,,,,,
train_prior,top_5pct,0.013113236655353286,0.013113236655353286,0.993421052631579,152,2,10,-0.13047257324048303,-0.12814864562700523,-0.2612524074799969,-0.03879151510720663,-0.026505254118419874,0.10396731912206317,0.02631578947368421,2,139,0,0.10526315789473684,0.5263157894736842,0.013157894736842105,0.05921052631578947,0.9276315789473685,SUIUSDT,0.15348660556499755,-0.28620728660749195,-0.12455984939160276,0.013330327744004361,-0.12654388071729494,26.47628745,29.897240850000003,30.015962955000003,30.602056,28.18772600628794,29.904895068793014,29.996272501284004,29.99971704831461,15.005818421379436,15.158161778854318,15.633064227737082,16.533454381761903,100.55485,119.0564,270.1816199999997,780.2526,152,0.0,0.1923421057057006,10.222046424648974,152,-15.104032245298436,-3.6021968173714702,-1.0259650456846456,-0.13309309769379285,-0.1281141012325042,-0.13309309769379285,-0.1281141012325042,
train_prior,top_10pct,0.013113236655353286,0.013113236655353286,0.9966996699669967,303,3,10,-0.13314232014621954,-0.1282735499670021,-0.27521356850415446,-0.04783726822817494,-0.029232106033001408,0.10391021411321817,0.0165016501650165,3,277,0,0.10561056105610561,0.39603960396039606,0.006600660066006601,0.06930693069306931,0.9240924092409241,SUIUSDT,0.15348660556499755,-0.28353282607861463,-0.1239103816706558,0.04208041069653871,-0.1257081158840189,19.84359289,29.8986643,30.03470368,30.602056,28.170135944478478,29.890034920638797,29.99740352855884,29.99971704831461,15.004982896209551,15.155078197939265,15.63781001431952,16.533454381761903,100.37221000000001,118.3134,276.24398999999966,780.2526,303,0.0,0.1923628995425497,10.106407697380277,303,-15.539780107033902,-3.602450790838992,-1.037372462032567,-0.13570146762042087,-0.1281141012325042,-0.13494616549643135,-0.13182435919700589,
train_prior,threshold_0.55,,,,0,0,,,,,,,,,,,,,,,,,,,,,,,,,,,,,,,,,,,,,,,,,,,,,,,,,,,
no_trade,all,,,,0,0,,,,,,,,,,,,,,,,,,,,,,,,,,,,,,,,,,,,,,,,,,,,,,,,,,,0
