window,version,mode,speed,repeat,metric,n,p50,p95,p99,max
1,before,off,1,0,heartbeat_sleep_ms,5518,11.3619,16.0017,19.7835,31.2176
1,before,off,1,0,event_loop_lateness_ms,5518,10.3619,15.0017,18.7835,30.2176
1,before,off,1,0,evaluate_runtime_ms,1796,4.5458,6.7356,13.7808,16.3641
1,before,off,1,0,handler_runtime_ms,13691,0.1089,5.3865,7.8353,20.3188
1,before,off,1,0,source_to_state_ms,13691,7.8193,16.4545,21.3099,36.5527
1,before,shadow,1,0,heartbeat_sleep_ms,5624,10.9544,15.8468,19.0386,247.2448
1,before,shadow,1,0,event_loop_lateness_ms,5624,9.9544,14.8468,18.0386,246.2448
1,before,shadow,1,0,evaluate_runtime_ms,1796,4.6886,7.0471,14.1608,24.1277
1,before,shadow,1,0,state_to_features_ms,1796,0.054,0.0749,0.0916,0.6182
1,before,shadow,1,0,source_to_features_ms,1796,12.4544,20.8387,27.6823,242.3361
1,before,shadow,1,0,handler_runtime_ms,13691,0.1171,5.5297,8.0504,245.6141
1,before,shadow,1,0,source_to_state_ms,13691,7.8674,16.9962,27.0638,247.3418
1,before,shadow,1,0,worker_mailbox_depth,13691,0,0,1,2
1,before,shadow,1,0,worker_inflight,13691,0,1,1,1
1,before,shadow,1,0,queue_and_ipc_ms,1796,0.362,6.656,16.3668,32.2556
1,before,shadow,1,0,predict_ms,1796,0.5812,0.7873,0.983,17.4254
1,before,shadow,1,0,return_delivery_ms,1796,5.9998,14.0989,15.8614,55.3735
1,before,shadow,1,0,adapter_runtime_ms,1796,0.0187,0.028,0.036,0.4746
1,before,shadow,1,0,data_to_adapter_ms,1796,20.4855,33.6728,47.4557,249.6557
1,before,shadow,1,1,heartbeat_sleep_ms,5686,10.9197,15.9171,20.5075,241.0247
1,before,shadow,1,1,event_loop_lateness_ms,5686,9.9197,14.9171,19.5075,240.0247
1,before,shadow,1,1,evaluate_runtime_ms,1796,4.915,7.4131,14.628,20.7341
1,before,shadow,1,1,state_to_features_ms,1796,0.0545,0.0757,0.0972,0.4828
1,before,shadow,1,1,source_to_features_ms,1796,12.5742,21.522,30.2209,234.8527
1,before,shadow,1,1,handler_runtime_ms,13691,0.1206,5.8668,8.3914,239.6899
1,before,shadow,1,1,source_to_state_ms,13691,7.9174,17.5909,24.266,253.056
1,before,shadow,1,1,worker_mailbox_depth,13691,0,0,1,2
1,before,shadow,1,1,worker_inflight,13691,0,1,1,1
1,before,shadow,1,1,queue_and_ipc_ms,1795,0.3681,6.7598,14.0657,48.4081
1,before,shadow,1,1,predict_ms,1795,0.6204,0.8079,0.9754,1.7949
1,before,shadow,1,1,return_delivery_ms,1795,5.9068,14.3517,15.9459,55.3526
1,before,shadow,1,1,adapter_runtime_ms,1795,0.019,0.0283,0.0362,0.1565
1,before,shadow,1,1,data_to_adapter_ms,1795,20.6101,33.4532,47.3742,236.2823
1,before,off,1,1,heartbeat_sleep_ms,5550,11.212,15.9249,20.0888,35.1781
1,before,off,1,1,event_loop_lateness_ms,5550,10.212,14.9249,19.0888,34.1781
1,before,off,1,1,evaluate_runtime_ms,1796,4.8386,7.3081,14.0643,18.4497
1,before,off,1,1,handler_runtime_ms,13691,0.1138,5.6827,7.9967,22.7707
1,before,off,1,1,source_to_state_ms,13691,7.8381,16.7341,21.3887,35.146
1,before,off,1,2,heartbeat_sleep_ms,5541,11.3962,16.0027,19.6644,265.4962
1,before,off,1,2,event_loop_lateness_ms,5541,10.3962,15.0027,18.6644,264.4962
1,before,off,1,2,evaluate_runtime_ms,1796,4.9149,7.4721,14.6581,30.9137
1,before,off,1,2,handler_runtime_ms,13691,0.1144,5.7643,8.6389,265.0363
1,before,off,1,2,source_to_state_ms,13691,8.055,17.2559,23.6018,275.3354
1,before,shadow,1,2,heartbeat_sleep_ms,5665,10.9469,15.9298,19.9323,32.8763
1,before,shadow,1,2,event_loop_lateness_ms,5665,9.9469,14.9298,18.9323,31.8763
1,before,shadow,1,2,evaluate_runtime_ms,1796,4.8661,7.4314,14.9715,17.844
1,before,shadow,1,2,state_to_features_ms,1796,0.0537,0.074,0.0953,0.5167
1,before,shadow,1,2,source_to_features_ms,1796,12.3729,21.0451,25.6772,38.9302
1,before,shadow,1,2,handler_runtime_ms,13691,0.1199,5.7762,8.2862,19.9859
1,before,shadow,1,2,source_to_state_ms,13691,7.8834,16.8869,21.3856,39.0012
1,before,shadow,1,2,worker_mailbox_depth,13691,0,0,1,2
1,before,shadow,1,2,worker_inflight,13691,0,1,1,1
1,before,shadow,1,2,queue_and_ipc_ms,1796,0.3636,6.6884,15.048,32.4558
1,before,shadow,1,2,predict_ms,1796,0.6016,0.8075,0.9652,2.0185
1,before,shadow,1,2,return_delivery_ms,1796,6.1853,14.4015,16.0059,46.8234
1,before,shadow,1,2,adapter_runtime_ms,1796,0.0191,0.0284,0.0322,0.2651
1,before,shadow,1,2,data_to_adapter_ms,1796,20.3859,33.4499,43.9049,64.3094
1,before,off,4,0,evaluate_runtime_ms,1796,4.6311,7.0393,14.917,18.8806
1,before,off,4,0,handler_runtime_ms,13691,0.0756,5.4107,7.7949,295.8476
1,before,off,4,0,source_to_state_ms,13691,15.38225,250.26115,346.61065,361.565775
1,before,off,4,0,heartbeat_sleep_ms,2229,5.8435,15.4823,21.0544,296.264
1,before,off,4,0,event_loop_lateness_ms,2229,4.8435,14.4823,20.0544,295.264
1,before,shadow,4,0,evaluate_runtime_ms,1796,4.6027,6.999,14.3225,19.2246
1,before,shadow,4,0,state_to_features_ms,1796,0.0521,0.0727,0.1002,0.336
1,before,shadow,4,0,source_to_features_ms,1796,18.37375,51.737275,72.0551,95.6051
1,before,shadow,4,0,handler_runtime_ms,13691,0.0823,5.4498,7.7887,22.9773
1,before,shadow,4,0,source_to_state_ms,13691,15.26045,48.668925,68.1512,95.897925
1,before,shadow,4,0,worker_mailbox_depth,13691,0,1,2,4
1,before,shadow,4,0,worker_inflight,13691,1,1,1,1
1,before,shadow,4,0,heartbeat_sleep_ms,2342,5.8114,15.2322,20.8697,33.7323
1,before,shadow,4,0,event_loop_lateness_ms,2342,4.8114,14.2322,19.8697,32.7323
1,before,shadow,4,0,queue_and_ipc_ms,1792,0.4189,7.5442,13.9847,31.6816
1,before,shadow,4,0,predict_ms,1792,0.5804,0.7922,0.9324,1.2833
1,before,shadow,4,0,return_delivery_ms,1792,1.8831,7.7127,14.93,46.9528
1,before,shadow,4,0,adapter_runtime_ms,1792,0.0153,0.0198,0.0266,0.0939
1,before,shadow,4,0,data_to_adapter_ms,1792,23.513525,57.458725,79.62005,116.855975
1,before,shadow,4,1,evaluate_runtime_ms,1796,4.7007,7.1462,14.4253,18.2886
1,before,shadow,4,1,state_to_features_ms,1796,0.053,0.073,0.0879,0.5889
1,before,shadow,4,1,source_to_features_ms,1796,22.526375,168.72135,304.130375,355.11215
1,before,shadow,4,1,handler_runtime_ms,13691,0.0832,5.5629,8.2265,267.9939
1,before,shadow,4,1,source_to_state_ms,13691,19.955525,172.342925,325.4913,355.21435
1,before,shadow,4,1,worker_mailbox_depth,13691,0,1,2,4
1,before,shadow,4,1,worker_inflight,13691,1,1,1,1
1,before,shadow,4,1,heartbeat_sleep_ms,2289,5.8704,15.2105,20.673,269.9252
1,before,shadow,4,1,event_loop_lateness_ms,2289,4.8704,14.2105,19.673,268.9252
1,before,shadow,4,1,queue_and_ipc_ms,1787,0.4257,7.1842,13.4529,39.9364
1,before,shadow,4,1,predict_ms,1787,0.5974,0.8006,0.9579,1.4779
1,before,shadow,4,1,return_delivery_ms,1787,2.5871,8.2623,14.0838,268.7504
1,before,shadow,4,1,adapter_runtime_ms,1787,0.0156,0.0202,0.0269,0.153
1,before,shadow,4,1,data_to_adapter_ms,1787,27.5005,175.0805,307.16595,359.49995
1,before,off,4,1,evaluate_runtime_ms,1796,4.6653,7.218,14.5962,17.8621
1,before,off,4,1,handler_runtime_ms,13691,0.0758,5.3545,8.1472,251.4611
1,before,off,4,1,source_to_state_ms,13691,14.1259,68.74825,219.9376,268.366125
1,before,off,4,1,heartbeat_sleep_ms,2245,5.7071,15.4518,20.0627,263.7685
1,before,off,4,1,event_loop_lateness_ms,2245,4.7071,14.4518,19.0627,262.7685
1,before,off,4,2,evaluate_runtime_ms,1796,4.9047,7.5941,14.8964,19.8333
1,before,off,4,2,handler_runtime_ms,13691,0.0777,5.6624,8.506,20.1399
1,before,off,4,2,source_to_state_ms,13691,14.426375,41.57615,73.160475,85.520825
1,before,off,4,2,heartbeat_sleep_ms,2242,5.9531,15.5722,21.5163,35.9694
1,before,off,4,2,event_loop_lateness_ms,2242,4.9531,14.5722,20.5163,34.9694
1,before,shadow,4,2,evaluate_runtime_ms,1796,4.609,6.9679,13.7917,19.819
1,before,shadow,4,2,state_to_features_ms,1796,0.0502,0.0696,0.0804,0.2955
1,before,shadow,4,2,source_to_features_ms,1796,18.91455,81.628,215.091225,273.6361
1,before,shadow,4,2,handler_runtime_ms,13691,0.0793,5.4202,7.9209,249.1272
1,before,shadow,4,2,source_to_state_ms,13691,16.357,81.614,215.56755,273.6807
1,before,shadow,4,2,worker_mailbox_depth,13691,0,1,2,5
1,before,shadow,4,2,worker_inflight,13691,1,1,1,1
1,before,shadow,4,2,heartbeat_sleep_ms,2331,5.755,15.2476,21.0993,251.9466
1,before,shadow,4,2,event_loop_lateness_ms,2331,4.755,14.2476,20.0993,250.9466
1,before,shadow,4,2,queue_and_ipc_ms,1791,0.3976,7.0173,15.0933,38.6122
1,before,shadow,4,2,predict_ms,1791,0.5401,0.7626,0.9186,1.4002
1,before,shadow,4,2,return_delivery_ms,1791,1.3894,8.051,13.4944,250.1352
1,before,shadow,4,2,adapter_runtime_ms,1791,0.0148,0.0189,0.0251,0.1305
1,before,shadow,4,2,data_to_adapter_ms,1791,24.025725,88.01795,218.53235,280.1531
1,after,off,1,0,heartbeat_sleep_ms,5672,11.4842,15.5802,16.0496,61.7451
1,after,off,1,0,event_loop_lateness_ms,5672,10.4842,14.5802,15.0496,60.7451
1,after,off,1,0,evaluate_runtime_ms,1796,3.7661,5.5155,11.719,17.8722
1,after,off,1,0,handler_runtime_ms,13691,0.0892,4.4411,6.1948,61.2294
1,after,off,1,0,source_to_state_ms,13691,7.4908,15.446,19.3457,62.223
1,after,off,1,0,generator_lateness_ms,13691,5.4509,13.9645,15.029,49.3362
1,after,off,1,0,enqueue_wait_ms,13691,0.0029,0.0096,0.0121,0.145
1,after,off,1,0,source_queue_wait_ms,13691,0.1774,5.1987,8.8281,18.3379
1,after,off,1,0,due_callbacks_ms,13691,0.0034,0.4592,4.8871,17.9555
1,after,off,1,0,state_apply_ms,13691,0.079,3.7752,5.195,61.2247
1,after,off,1,0,market_state_update_ms,13516,0.0279,0.2919,0.3677,1.7299
1,after,off,1,0,data_to_market_state_ready_ms,13516,7.0617,14.7756,17.807,49.8899
1,after,off,1,0,market_state_to_handler_end_ms,13516,0.0469,3.7296,5.1432,61.2033
1,after,off,1,0,context_build_ms,1796,0.1121,0.1545,0.1828,0.3481
1,after,off,1,0,strategy_pure_ms,3592,0.421,0.9146,1.1912,12.0571
1,after,off,1,0,parent_worker_queue_ms,0,,,,
1,after,off,1,0,dispatch_to_predict_ms,0,,,,
1,after,off,1,0,data_to_terminal_ms,0,,,,
1,after,off,1,0,legacy_data_to_terminal_ms,0,,,,
1,after,off,1,0,source_queue_depth,13691,2,6,8,16
1,after,off,1,0,gc_pause_ms,104,2.334,4.0247,5.8143,56.1853
1,after,off,1,0,state_ready_to_evaluation_including_trigger_wait_ms,1767,0.0333,24.4157,38.9643,61.6054
1,after,shadow,1,0,heartbeat_sleep_ms,5833,10.9071,15.5311,15.9971,69.5427
1,after,shadow,1,0,event_loop_lateness_ms,5833,9.9071,14.5311,14.9971,68.5427
1,after,shadow,1,0,evaluate_runtime_ms,1796,3.8539,5.6503,11.9191,14.4509
1,after,shadow,1,0,state_to_features_ms,1796,0.0476,0.0605,0.069,0.1882
1,after,shadow,1,0,source_to_features_ms,1796,14.0154,35.0802,50.2656,68.0294
1,after,shadow,1,0,handler_runtime_ms,13691,0.0903,4.6464,6.3227,60.0258
1,after,shadow,1,0,source_to_state_ms,13691,7.686,15.6874,20.1273,71.1823
1,after,shadow,1,0,worker_mailbox_depth,13691,0,0,1,2
1,after,shadow,1,0,worker_inflight,13691,0,1,1,1
1,after,shadow,1,0,queue_and_ipc_ms,1796,0.2809,4.5951,9.8966,29.7528
1,after,shadow,1,0,predict_ms,1796,0.5001,0.6595,0.7133,1.185
1,after,shadow,1,0,return_delivery_ms,1796,6.8195,11.8994,15.3134,32.2073
1,after,shadow,1,0,adapter_runtime_ms,1796,0.0118,0.0164,0.0186,0.0663
1,after,shadow,1,0,data_to_adapter_ms,1796,21.8698,44.3526,58.4419,84.0029
1,after,shadow,1,0,legacy_data_to_adapter_ms,1796,19.2714,30.1145,39.1679,60.3666
1,after,shadow,1,0,generator_lateness_ms,13691,5.4583,13.8903,14.8848,60.4613
1,after,shadow,1,0,enqueue_wait_ms,13691,0.0027,0.0089,0.0107,0.1313
1,after,shadow,1,0,source_queue_wait_ms,13691,0.2311,5.6568,9.8506,21.2209
1,after,shadow,1,0,due_callbacks_ms,13691,0.0035,0.4561,5.0368,14.63
1,after,shadow,1,0,state_apply_ms,13691,0.0811,3.964,5.4611,60.0226
1,after,shadow,1,0,market_state_update_ms,13516,0.029,0.2975,0.3721,1.8956
1,after,shadow,1,0,data_to_market_state_ready_ms,13516,7.1925,14.8924,18.5206,60.9017
1,after,shadow,1,0,market_state_to_handler_end_ms,13516,0.0486,3.9312,5.3962,60.0035
1,after,shadow,1,0,context_build_ms,1796,0.1152,0.1561,0.1816,0.2188
1,after,shadow,1,0,strategy_pure_ms,3592,0.4218,0.9636,1.226,10.8467
1,after,shadow,1,0,parent_worker_queue_ms,1796,0.0189,1.5732,8.8163,29.3394
1,after,shadow,1,0,dispatch_to_predict_ms,1796,0.2236,2.6328,5.1105,9.463
1,after,shadow,1,0,data_to_terminal_ms,1796,21.8698,44.3526,58.4419,84.0029
1,after,shadow,1,0,legacy_data_to_terminal_ms,1796,19.2714,30.1145,39.1679,60.3666
1,after,shadow,1,0,source_queue_depth,13691,2,6,8,18
1,after,shadow,1,0,gc_pause_ms,104,2.5981,5.1853,7.3229,58.5659
1,after,shadow,1,0,state_ready_to_evaluation_including_trigger_wait_ms,1767,0.0349,23.0447,40.2596,61.5878
1,after,shadow,1,1,heartbeat_sleep_ms,20398,1.9486,12.1141,15.4998,86.0621
1,after,shadow,1,1,event_loop_lateness_ms,20398,0.9486,11.1141,14.4998,85.0621
1,after,shadow,1,1,evaluate_runtime_ms,1796,4.2116,6.9571,12.8198,18.42
1,after,shadow,1,1,state_to_features_ms,1796,0.0496,0.0707,0.0826,0.2339
1,after,shadow,1,1,source_to_features_ms,1796,9.3512,30.9646,47.9874,58.8048
1,after,shadow,1,1,handler_runtime_ms,13691,0.1015,5.0249,7.76,85.2183
1,after,shadow,1,1,source_to_state_ms,13691,1.8702,14.0197,18.5616,85.9488
1,after,shadow,1,1,worker_mailbox_depth,13691,0,0,1,2
1,after,shadow,1,1,worker_inflight,13691,0,1,1,1
1,after,shadow,1,1,queue_and_ipc_ms,1796,0.2919,3.4579,6.937,80.161
1,after,shadow,1,1,predict_ms,1796,0.5214,0.7507,0.8939,1.3239
1,after,shadow,1,1,return_delivery_ms,1796,1.4557,10.7251,14.6828,37.4005
1,after,shadow,1,1,adapter_runtime_ms,1796,0.011,0.0178,0.0222,0.0519
1,after,shadow,1,1,data_to_adapter_ms,1796,14.5803,37.1292,54.5361,95.082
1,after,shadow,1,1,legacy_data_to_adapter_ms,1796,9.3452,26.9633,33.1284,86.7285
1,after,shadow,1,1,generator_lateness_ms,13691,0.9666,12.1207,14.519,73.8769
1,after,shadow,1,1,enqueue_wait_ms,13691,0.0049,0.0094,0.0125,0.1688
1,after,shadow,1,1,source_queue_wait_ms,13691,0.0503,4.5011,8.3136,22.3408
1,after,shadow,1,1,due_callbacks_ms,13691,0.0042,0.4672,5.4503,16.8152
1,after,shadow,1,1,state_apply_ms,13691,0.0921,4.3534,6.1065,85.2097
1,after,shadow,1,1,market_state_update_ms,13516,0.0332,0.3141,0.4117,1.8261
1,after,shadow,1,1,data_to_market_state_ready_ms,13516,1.3687,13.4463,17.1348,74.3313
1,after,shadow,1,1,market_state_to_handler_end_ms,13516,0.0554,4.3117,6.055,85.1692
1,after,shadow,1,1,context_build_ms,1796,0.122,0.1892,0.2294,0.4492
1,after,shadow,1,1,strategy_pure_ms,3592,0.453,1.1557,1.6736,13.0634
1,after,shadow,1,1,parent_worker_queue_ms,1796,0.0198,0.3153,5.574,32.62
1,after,shadow,1,1,dispatch_to_predict_ms,1796,0.2432,2.128,4.9116,80.1421
1,after,shadow,1,1,data_to_terminal_ms,1796,14.5803,37.1292,54.5361,95.082
1,after,shadow,1,1,legacy_data_to_terminal_ms,1796,9.3452,26.9633,33.1284,86.7285
1,after,shadow,1,1,source_queue_depth,13691,1,5,7,16
1,after,shadow,1,1,gc_pause_ms,105,3.4811,6.3174,8.0957,79.7997
1,after,shadow,1,1,state_ready_to_evaluation_including_trigger_wait_ms,1767,0.0391,21.2686,39.5063,54.6322
1,after,off,1,1,heartbeat_sleep_ms,5834,10.6606,15.6445,16.092,96.9109
1,after,off,1,1,event_loop_lateness_ms,5834,9.6606,14.6445,15.092,95.9109
1,after,off,1,1,evaluate_runtime_ms,1796,4.7146,7.3363,13.7584,21.2795
1,after,off,1,1,handler_runtime_ms,13691,0.1136,5.4525,8.1156,95.9492
1,after,off,1,1,source_to_state_ms,13691,7.8839,16.3566,20.9761,110.5905
1,after,off,1,1,generator_lateness_ms,13691,5.4257,13.9133,15.0647,93.7803
1,after,off,1,1,enqueue_wait_ms,13691,0.0029,0.0127,0.0159,0.1587
1,after,off,1,1,source_queue_wait_ms,13691,0.2296,6.495,10.3687,96.5646
1,after,off,1,1,due_callbacks_ms,13691,0.0042,0.557,5.8936,21.4186
1,after,off,1,1,state_apply_ms,13691,0.0992,4.7695,6.8429,95.9368
1,after,off,1,1,market_state_update_ms,13516,0.0346,0.3462,0.4569,1.9397
1,after,off,1,1,data_to_market_state_ready_ms,13516,7.3197,15.1088,19.3759,98.104
1,after,off,1,1,market_state_to_handler_end_ms,13516,0.0592,4.734,6.8065,95.8696
1,after,off,1,1,context_build_ms,1796,0.134,0.2044,0.236,0.5583
1,after,off,1,1,strategy_pure_ms,3592,0.525,1.3361,1.7748,13.6932
1,after,off,1,1,parent_worker_queue_ms,0,,,,
1,after,off,1,1,dispatch_to_predict_ms,0,,,,
1,after,off,1,1,data_to_terminal_ms,0,,,,
1,after,off,1,1,legacy_data_to_terminal_ms,0,,,,
1,after,off,1,1,source_queue_depth,13691,2,6,8,17
1,after,off,1,1,gc_pause_ms,104,4.0766,6.7882,10.2858,89.7165
1,after,off,1,1,state_ready_to_evaluation_including_trigger_wait_ms,1767,0.0434,23.219,40.6216,65.5345
1,after,off,1,2,heartbeat_sleep_ms,5808,10.7783,15.6838,16.1087,106.4917
1,after,off,1,2,event_loop_lateness_ms,5808,9.7783,14.6838,15.1087,105.4917
1,after,off,1,2,evaluate_runtime_ms,1796,4.624,6.9679,13.3165,18.0547
1,after,off,1,2,handler_runtime_ms,13691,0.1082,5.3379,7.7442,105.6581
1,after,off,1,2,source_to_state_ms,13691,7.7349,16.1421,20.2987,120.6843
1,after,off,1,2,generator_lateness_ms,13691,5.3239,13.9817,15.0544,103.8029
1,after,off,1,2,enqueue_wait_ms,13691,0.0029,0.0128,0.0156,0.1386
1,after,off,1,2,source_queue_wait_ms,13691,0.2252,6.1544,10.0402,106.2276
1,after,off,1,2,due_callbacks_ms,13691,0.004,0.5552,5.7382,17.1857
1,after,off,1,2,state_apply_ms,13691,0.0951,4.6365,6.5421,105.6491
1,after,off,1,2,market_state_update_ms,13516,0.0337,0.3388,0.439,1.6197
1,after,off,1,2,data_to_market_state_ready_ms,13516,7.219,15.0728,18.9256,108.1378
1,after,off,1,2,market_state_to_handler_end_ms,13516,0.057,4.5818,6.4937,105.6022
1,after,off,1,2,context_build_ms,1796,0.1327,0.1998,0.2213,0.3091
1,after,off,1,2,strategy_pure_ms,3592,0.5065,1.304,1.6045,14.3695
1,after,off,1,2,parent_worker_queue_ms,0,,,,
1,after,off,1,2,dispatch_to_predict_ms,0,,,,
1,after,off,1,2,data_to_terminal_ms,0,,,,
1,after,off,1,2,legacy_data_to_terminal_ms,0,,,,
1,after,off,1,2,source_queue_depth,13691,2,6,8,15
1,after,off,1,2,gc_pause_ms,104,3.821,5.9283,10.7858,99.3973
1,after,off,1,2,state_ready_to_evaluation_including_trigger_wait_ms,1767,0.0416,22.423,40.238,61.5034
1,after,shadow,1,2,heartbeat_sleep_ms,5995,10.087,15.6186,16.1695,112.4438
1,after,shadow,1,2,event_loop_lateness_ms,5995,9.087,14.6186,15.1695,111.4438
1,after,shadow,1,2,evaluate_runtime_ms,1796,4.9195,7.3901,13.9169,24.8296
1,after,shadow,1,2,state_to_features_ms,1796,0.0537,0.076,0.0894,0.1561
1,after,shadow,1,2,source_to_features_ms,1796,15.1893,37.6066,51.5705,64.2951
1,after,shadow,1,2,handler_runtime_ms,13691,0.1214,5.7726,8.2894,110.5504
1,after,shadow,1,2,source_to_state_ms,13691,7.9744,17.3581,22.0822,111.4598
1,after,shadow,1,2,worker_mailbox_depth,13691,0,0,1,2
1,after,shadow,1,2,worker_inflight,13691,0,1,1,1
1,after,shadow,1,2,queue_and_ipc_ms,1796,0.3576,6.3097,13.4219,103.9388
1,after,shadow,1,2,predict_ms,1796,0.6188,0.7972,0.8909,1.5373
1,after,shadow,1,2,return_delivery_ms,1796,5.6288,13.9136,15.8042,38.1381
1,after,shadow,1,2,adapter_runtime_ms,1796,0.0145,0.0226,0.0275,0.1621
1,after,shadow,1,2,data_to_adapter_ms,1796,22.9717,45.1769,63.0712,112.5651
1,after,shadow,1,2,legacy_data_to_adapter_ms,1796,20.0741,32.1953,41.4084,112.5651
1,after,shadow,1,2,generator_lateness_ms,13691,5.28,13.8492,14.9724,99.7122
1,after,shadow,1,2,enqueue_wait_ms,13691,0.0027,0.012,0.0156,0.4752
1,after,shadow,1,2,source_queue_wait_ms,13691,0.295,7.1875,11.8633,25.9383
1,after,shadow,1,2,due_callbacks_ms,13691,0.0046,0.5898,6.2446,25.0916
1,after,shadow,1,2,state_apply_ms,13691,0.1074,5.0269,6.9958,110.5415
1,after,shadow,1,2,market_state_update_ms,13516,0.0375,0.3588,0.4603,1.9211
1,after,shadow,1,2,data_to_market_state_ready_ms,13516,7.3967,15.6561,20.4911,100.2472
1,after,shadow,1,2,market_state_to_handler_end_ms,13516,0.0638,4.9658,6.9341,110.5002
1,after,shadow,1,2,context_build_ms,1796,0.1398,0.2123,0.2398,2.2497
1,after,shadow,1,2,strategy_pure_ms,3592,0.5811,1.415,1.721,17.8856
1,after,shadow,1,2,parent_worker_queue_ms,1796,0.025,4.2379,12.2673,22.0387
1,after,shadow,1,2,dispatch_to_predict_ms,1796,0.276,3.3407,6.7139,103.9171
1,after,shadow,1,2,data_to_terminal_ms,1796,22.9717,45.1769,63.0712,112.5651
1,after,shadow,1,2,legacy_data_to_terminal_ms,1796,20.0741,32.1953,41.4084,112.5651
1,after,shadow,1,2,source_queue_depth,13691,2,6,9,19
1,after,shadow,1,2,gc_pause_ms,105,4.3901,6.8491,10.3504,103.4681
1,after,shadow,1,2,state_ready_to_evaluation_including_trigger_wait_ms,1767,0.046,24.4792,40.6812,56.9462
1,after,off,4,0,heartbeat_sleep_ms,2384,5.2784,15.4441,16.7826,123.9453
1,after,off,4,0,event_loop_lateness_ms,2384,4.2784,14.4441,15.7826,122.9453
1,after,off,4,0,evaluate_runtime_ms,1796,4.1485,6.4228,13.4308,19.6021
1,after,off,4,0,handler_runtime_ms,13691,0.0719,4.7615,7.1201,121.8339
1,after,off,4,0,source_to_state_ms,13691,10.907825,29.1976,82.70635,130.10095
1,after,off,4,0,generator_lateness_ms,13691,3.3456,12.0563,16.273825,122.775825
1,after,off,4,0,enqueue_wait_ms,13691,0.0019,0.006,0.0116,0.129
1,after,off,4,0,source_queue_wait_ms,13691,5.3332,24.1517,67.1979,125.3018
1,after,off,4,0,due_callbacks_ms,13691,0.0029,0.4909,5.2004,16.518
1,after,off,4,0,state_apply_ms,13691,0.0667,4.1237,6.0457,121.83
1,after,off,4,0,market_state_update_ms,13516,0.0246,0.2879,0.3832,2.4116
1,after,off,4,0,data_to_market_state_ready_ms,13516,10.42385,28.7496,81.43135,128.066325
1,after,off,4,0,market_state_to_handler_end_ms,13516,0.0393,4.0843,6.0213,121.8049
1,after,off,4,0,context_build_ms,1796,0.1172,0.1847,0.2183,1.2042
1,after,off,4,0,strategy_pure_ms,3592,0.4309,1.1004,1.4605,12.5565
1,after,off,4,0,parent_worker_queue_ms,0,,,,
1,after,off,4,0,dispatch_to_predict_ms,0,,,,
1,after,off,4,0,data_to_terminal_ms,0,,,,
1,after,off,4,0,legacy_data_to_terminal_ms,0,,,,
1,after,off,4,0,source_queue_depth,13691,9,31,56,86
1,after,off,4,0,gc_pause_ms,104,2.5955,5.2843,8.0198,113.8001
1,after,off,4,0,state_ready_to_evaluation_including_trigger_wait_ms,1767,0.0285,4.9455,14.4202,17.8344
1,after,shadow,4,0,heartbeat_sleep_ms,2469,5.318,14.7074,16.3397,107.3104
1,after,shadow,4,0,event_loop_lateness_ms,2469,4.318,13.7074,15.3397,106.3104
1,after,shadow,4,0,evaluate_runtime_ms,1796,4.0276,6.1522,12.713,15.6372
1,after,shadow,4,0,state_to_features_ms,1796,0.0486,0.0675,0.0757,0.113
1,after,shadow,4,0,source_to_features_ms,1796,16.13035,41.52035,58.029775,103.87825
1,after,shadow,4,0,handler_runtime_ms,13691,0.0756,4.85,7.0574,105.2381
1,after,shadow,4,0,source_to_state_ms,13691,12.062725,36.822275,56.100425,117.41435
1,after,shadow,4,0,worker_mailbox_depth,13691,0,1,2,4
1,after,shadow,4,0,worker_inflight,13691,1,1,1,1
1,after,shadow,4,0,queue_and_ipc_ms,1791,0.3732,5.9137,11.8944,98.1517
1,after,shadow,4,0,predict_ms,1791,0.53,0.7372,0.7858,2.7201
1,after,shadow,4,0,return_delivery_ms,1791,1.9681,8.3149,13.8227,43.4629
1,after,shadow,4,0,adapter_runtime_ms,1791,0.0109,0.0146,0.019,0.0587
1,after,shadow,4,0,data_to_adapter_ms,1791,20.540025,48.21725,64.424375,118.39055
1,after,shadow,4,0,legacy_data_to_adapter_ms,1791,19.6327,44.81725,62.6688,118.39055
1,after,shadow,4,0,generator_lateness_ms,13691,3.240925,11.738025,15.6768,105.6845
1,after,shadow,4,0,enqueue_wait_ms,13691,0.0019,0.0059,0.0101,0.1478
1,after,shadow,4,0,source_queue_wait_ms,13691,6.378,31.5809,47.8371,108.0553
1,after,shadow,4,0,due_callbacks_ms,13691,0.003,0.5275,5.2738,14.6915
1,after,shadow,4,0,state_apply_ms,13691,0.07,4.1246,5.8379,105.2283
1,after,shadow,4,0,market_state_update_ms,13516,0.0255,0.2916,0.3787,1.5799
1,after,shadow,4,0,data_to_market_state_ready_ms,13516,11.5779,35.978325,55.572275,115.87565
1,after,shadow,4,0,market_state_to_handler_end_ms,13516,0.0416,4.082,5.7873,105.178
1,after,shadow,4,0,context_build_ms,1796,0.119,0.1775,0.203,0.3402
1,after,shadow,4,0,strategy_pure_ms,3592,0.4272,1.0656,1.3947,11.5883
1,after,shadow,4,0,parent_worker_queue_ms,1791,0.1101,4.8393,9.5194,22.0832
1,after,shadow,4,0,dispatch_to_predict_ms,1791,0.2488,4.026,5.9249,98.1228
1,after,shadow,4,0,data_to_terminal_ms,1791,20.540025,48.21725,64.424375,118.39055
1,after,shadow,4,0,legacy_data_to_terminal_ms,1791,19.6327,44.81725,62.6688,118.39055
1,after,shadow,4,0,source_queue_depth,13691,10,37,54,79
1,after,shadow,4,0,gc_pause_ms,105,2.5911,5.336,9.0547,97.572
1,after,shadow,4,0,state_ready_to_evaluation_including_trigger_wait_ms,1767,0.0298,4.814,13.0786,22.5838
1,after,shadow,4,1,heartbeat_sleep_ms,2429,5.5397,15.0932,19.4703,115.1258
1,after,shadow,4,1,event_loop_lateness_ms,2429,4.5397,14.0932,18.4703,114.1258
1,after,shadow,4,1,evaluate_runtime_ms,1796,4.5366,7.1864,13.7346,19.452
1,after,shadow,4,1,state_to_features_ms,1796,0.0521,0.0718,0.0851,0.434
1,after,shadow,4,1,source_to_features_ms,1796,20.640125,89.38135,116.326725,133.36595
1,after,shadow,4,1,handler_runtime_ms,13691,0.0824,5.2996,7.8262,112.6399
1,after,shadow,4,1,source_to_state_ms,13691,16.915525,86.28045,114.953875,128.112675
1,after,shadow,4,1,worker_mailbox_depth,13691,0,1,2,4
1,after,shadow,4,1,worker_inflight,13691,1,1,1,1
1,after,shadow,4,1,queue_and_ipc_ms,1790,0.4223,6.9374,13.9133,106.4119
1,after,shadow,4,1,predict_ms,1790,0.6008,0.7768,0.8952,2.9382
1,after,shadow,4,1,return_delivery_ms,1790,1.5563,7.8517,13.4251,50.3677
1,after,shadow,4,1,adapter_runtime_ms,1790,0.0116,0.0151,0.02,0.0366
1,after,shadow,4,1,data_to_adapter_ms,1790,25.6632,96.164025,124.37895,134.86855
1,after,shadow,4,1,legacy_data_to_adapter_ms,1790,24.80195,93.616675,122.981,129.949575
1,after,shadow,4,1,generator_lateness_ms,13691,3.50455,12.443625,18.4293,112.0179
1,after,shadow,4,1,enqueue_wait_ms,13691,0.0019,0.0063,0.01,0.2059
1,after,shadow,4,1,source_queue_wait_ms,13691,11.5041,80.0681,109.4446,127.3948
1,after,shadow,4,1,due_callbacks_ms,13691,0.0033,0.5552,5.7517,20.7788
1,after,shadow,4,1,state_apply_ms,13691,0.0766,4.6088,6.7422,112.6328
1,after,shadow,4,1,market_state_update_ms,13516,0.0282,0.3202,0.4219,1.6214
1,after,shadow,4,1,data_to_market_state_ready_ms,13516,16.293,85.835825,113.8876,128.050475
1,after,shadow,4,1,market_state_to_handler_end_ms,13516,0.0454,4.572,6.6922,112.5984
1,after,shadow,4,1,context_build_ms,1796,0.1312,0.1994,0.2297,0.4915
1,after,shadow,4,1,strategy_pure_ms,3592,0.474,1.2613,1.6522,12.8306
1,after,shadow,4,1,parent_worker_queue_ms,1790,0.1264,5.6268,11.0596,43.8072
1,after,shadow,4,1,dispatch_to_predict_ms,1790,0.2768,4.4145,7.0299,106.3932
1,after,shadow,4,1,data_to_terminal_ms,1790,25.6632,96.164025,124.37895,134.86855
1,after,shadow,4,1,legacy_data_to_terminal_ms,1790,24.80195,93.616675,122.981,129.949575
1,after,shadow,4,1,source_queue_depth,13691,15,82,110,133
1,after,shadow,4,1,gc_pause_ms,105,3.0579,8.0852,10.7558,105.9634
1,after,shadow,4,1,state_ready_to_evaluation_including_trigger_wait_ms,1767,0.0325,4.7939,12.0987,20.3778
1,after,off,4,1,heartbeat_sleep_ms,2386,5.3558,15.3869,16.8155,108.351
1,after,off,4,1,event_loop_lateness_ms,2386,4.3558,14.3869,15.8155,107.351
1,after,off,4,1,evaluate_runtime_ms,1796,4.2141,6.233,13.6927,15.8663
1,after,off,4,1,handler_runtime_ms,13691,0.0716,4.8994,7.0315,106.4848
1,after,off,4,1,source_to_state_ms,13691,11.394325,27.265675,43.523075,115.76175
1,after,off,4,1,generator_lateness_ms,13691,3.38105,12.00855,17.11675,106.896275
1,after,off,4,1,enqueue_wait_ms,13691,0.0019,0.006,0.0125,0.1483
1,after,off,4,1,source_queue_wait_ms,13691,5.6769,22.2889,33.5401,109.3348
1,after,off,4,1,due_callbacks_ms,13691,0.0029,0.5075,5.3228,15.7684
1,after,off,4,1,state_apply_ms,13691,0.0668,4.2402,6.0283,106.4772
1,after,off,4,1,market_state_update_ms,13516,0.0251,0.2892,0.384,1.723
1,after,off,4,1,data_to_market_state_ready_ms,13516,10.8242,26.9043,42.505175,113.40205
1,after,off,4,1,market_state_to_handler_end_ms,13516,0.0391,4.2066,5.9942,106.448
1,after,off,4,1,context_build_ms,1796,0.1216,0.1909,0.2245,0.3651
1,after,off,4,1,strategy_pure_ms,3592,0.4685,1.1382,1.4525,11.0916
1,after,off,4,1,parent_worker_queue_ms,0,,,,
1,after,off,4,1,dispatch_to_predict_ms,0,,,,
1,after,off,4,1,data_to_terminal_ms,0,,,,
1,after,off,4,1,legacy_data_to_terminal_ms,0,,,,
1,after,off,4,1,source_queue_depth,13691,9,28,42,69
1,after,off,4,1,gc_pause_ms,104,2.8076,5.6684,8.7959,100.9648
1,after,off,4,1,state_ready_to_evaluation_including_trigger_wait_ms,1767,0.0285,4.5123,13.4077,17.833
1,after,off,4,2,heartbeat_sleep_ms,2418,5.2987,15.1886,16.6161,110.119
1,after,off,4,2,event_loop_lateness_ms,2418,4.2987,14.1886,15.6161,109.119
1,after,off,4,2,evaluate_runtime_ms,1796,4.227,6.6438,13.2489,16.6131
1,after,off,4,2,handler_runtime_ms,13691,0.072,4.8598,7.362,108.0556
1,after,off,4,2,source_to_state_ms,13691,10.8172,30.296125,63.5747,120.96515
1,after,off,4,2,generator_lateness_ms,13691,3.2769,11.9052,15.48465,109.0404
1,after,off,4,2,enqueue_wait_ms,13691,0.0019,0.0062,0.0128,0.1198
1,after,off,4,2,source_queue_wait_ms,13691,5.4887,24.6495,54.3988,110.7792
1,after,off,4,2,due_callbacks_ms,13691,0.0029,0.543,5.2929,16.6741
1,after,off,4,2,state_apply_ms,13691,0.0669,4.2628,6.0922,108.046
1,after,off,4,2,market_state_update_ms,13516,0.0251,0.2902,0.3788,1.8427
1,after,off,4,2,data_to_market_state_ready_ms,13516,10.304575,29.88895,62.935675,119.29885
1,after,off,4,2,market_state_to_handler_end_ms,13516,0.0394,4.2056,6.054,108.0004
1,after,off,4,2,context_build_ms,1796,0.1213,0.1882,0.2144,0.7232
1,after,off,4,2,strategy_pure_ms,3592,0.429,1.1532,1.4783,12.143
1,after,off,4,2,parent_worker_queue_ms,0,,,,
1,after,off,4,2,dispatch_to_predict_ms,0,,,,
1,after,off,4,2,data_to_terminal_ms,0,,,,
1,after,off,4,2,legacy_data_to_terminal_ms,0,,,,
1,after,off,4,2,source_queue_depth,13691,9,30,57,91
1,after,off,4,2,gc_pause_ms,104,2.6783,5.8414,7.9913,102.048
1,after,off,4,2,state_ready_to_evaluation_including_trigger_wait_ms,1767,0.0283,4.812,13.2465,20.6888
1,after,shadow,4,2,heartbeat_sleep_ms,2437,5.5979,14.911,19.075,120.0411
1,after,shadow,4,2,event_loop_lateness_ms,2437,4.5979,13.911,18.075,119.0411
1,after,shadow,4,2,evaluate_runtime_ms,1796,4.5449,6.9656,13.9096,21.3122
1,after,shadow,4,2,state_to_features_ms,1796,0.0515,0.0716,0.0889,0.2184
1,after,shadow,4,2,source_to_features_ms,1796,19.81965,69.065275,98.7218,118.506275
1,after,shadow,4,2,handler_runtime_ms,13691,0.0818,5.3178,8.0125,117.1469
1,after,shadow,4,2,source_to_state_ms,13691,15.780425,60.042025,95.060975,122.64225
1,after,shadow,4,2,worker_mailbox_depth,13691,0,1,1,4
1,after,shadow,4,2,worker_inflight,13691,1,1,1,1
1,after,shadow,4,2,queue_and_ipc_ms,1792,0.4292,6.594,12.3156,111.4207
1,after,shadow,4,2,predict_ms,1792,0.5918,0.7763,0.8837,1.4654
1,after,shadow,4,2,return_delivery_ms,1792,1.7676,8.3148,13.8339,49.9206
1,after,shadow,4,2,adapter_runtime_ms,1792,0.0117,0.0153,0.0218,0.035
1,after,shadow,4,2,data_to_adapter_ms,1792,25.233,73.86495,106.04465,123.60915
1,after,shadow,4,2,legacy_data_to_adapter_ms,1792,24.250625,73.24135,105.5407,123.60915
1,after,shadow,4,2,generator_lateness_ms,13691,3.393525,12.57445,18.391725,116.135225
1,after,shadow,4,2,enqueue_wait_ms,13691,0.0019,0.0062,0.0103,0.1627
1,after,shadow,4,2,source_queue_wait_ms,13691,10.482,52.3898,85.7671,120.4399
1,after,shadow,4,2,due_callbacks_ms,13691,0.0032,0.5835,5.7871,21.5128
1,after,shadow,4,2,state_apply_ms,13691,0.0759,4.6761,6.6243,117.1425
1,after,shadow,4,2,market_state_update_ms,13516,0.028,0.3181,0.4139,1.6738
1,after,shadow,4,2,data_to_market_state_ready_ms,13516,15.125275,58.65315,94.14165,121.05995
1,after,shadow,4,2,market_state_to_handler_end_ms,13516,0.0451,4.6297,6.5813,117.1182
1,after,shadow,4,2,context_build_ms,1796,0.1322,0.2028,0.2521,0.4884
1,after,shadow,4,2,strategy_pure_ms,3592,0.5098,1.249,1.6555,14.1093
1,after,shadow,4,2,parent_worker_queue_ms,1792,0.1321,5.2694,9.9343,42.4441
1,after,shadow,4,2,dispatch_to_predict_ms,1792,0.2786,4.3522,6.4196,111.3963
1,after,shadow,4,2,data_to_terminal_ms,1792,25.233,73.86495,106.04465,123.60915
1,after,shadow,4,2,legacy_data_to_terminal_ms,1792,24.250625,73.24135,105.5407,123.60915
1,after,shadow,4,2,source_queue_depth,13691,14,51,78,110
1,after,shadow,4,2,gc_pause_ms,105,3.2127,6.8494,10.6198,110.9008
1,after,shadow,4,2,state_ready_to_evaluation_including_trigger_wait_ms,1767,0.0326,5.0357,12.4007,21.3478
2,before,off,1,0,evaluate_runtime_ms,1897,4.336,6.3878,13.8345,24.5418
2,before,off,1,0,handler_runtime_ms,13633,0.111,5.1254,7.2717,277.7314
2,before,off,1,0,source_to_state_ms,13633,7.7663,16.5589,21.9184,281.2421
2,before,off,1,0,heartbeat_sleep_ms,5565,11.2025,15.9485,18.9597,278.3086
2,before,off,1,0,event_loop_lateness_ms,5565,10.2025,14.9485,17.9597,277.3086
2,before,shadow,1,0,evaluate_runtime_ms,1897,4.7075,7.1397,14.52,25.1557
2,before,shadow,1,0,state_to_features_ms,1897,0.0549,0.0767,0.0991,0.4452
2,before,shadow,1,0,source_to_features_ms,1897,12.7516,21.2128,24.9486,37.1927
2,before,shadow,1,0,handler_runtime_ms,13633,0.1236,5.6668,8.3179,28.7214
2,before,shadow,1,0,source_to_state_ms,13633,7.9624,17.192,21.9724,40.6432
2,before,shadow,1,0,worker_mailbox_depth,13633,0,0,1,3
2,before,shadow,1,0,worker_inflight,13633,0,1,1,1
2,before,shadow,1,0,heartbeat_sleep_ms,5716,10.7177,15.887,19.9501,34.8897
2,before,shadow,1,0,event_loop_lateness_ms,5716,9.7177,14.887,18.9501,33.8897
2,before,shadow,1,0,queue_and_ipc_ms,1896,0.3689,6.6937,15.4889,33.996
2,before,shadow,1,0,predict_ms,1896,0.5973,0.7966,0.9374,1.5366
2,before,shadow,1,0,return_delivery_ms,1896,5.5921,14.2946,16.3561,44.4435
2,before,shadow,1,0,adapter_runtime_ms,1896,0.0184,0.0274,0.0336,0.189
2,before,shadow,1,0,data_to_adapter_ms,1896,20.1388,32.6372,45.4977,69.8536
2,before,shadow,1,1,evaluate_runtime_ms,1897,4.9655,7.3059,14.962,24.2435
2,before,shadow,1,1,state_to_features_ms,1897,0.0552,0.0759,0.0989,0.4869
2,before,shadow,1,1,source_to_features_ms,1897,12.6953,21.8074,26.3303,34.9246
2,before,shadow,1,1,handler_runtime_ms,13633,0.1276,5.9016,8.4834,26.0926
2,before,shadow,1,1,source_to_state_ms,13633,7.9552,17.4051,22.1859,36.2048
2,before,shadow,1,1,worker_mailbox_depth,13633,0,0,1,3
2,before,shadow,1,1,worker_inflight,13633,0,1,1,1
2,before,shadow,1,1,heartbeat_sleep_ms,5789,10.6149,15.9279,20.7316,39.1005
2,before,shadow,1,1,event_loop_lateness_ms,5789,9.6149,14.9279,19.7316,38.1005
2,before,shadow,1,1,queue_and_ipc_ms,1896,0.3815,6.7606,14.5926,35.4083
2,before,shadow,1,1,predict_ms,1896,0.6401,0.8262,1.0497,1.3939
2,before,shadow,1,1,return_delivery_ms,1896,5.625,13.9506,16.3614,55.4369
2,before,shadow,1,1,adapter_runtime_ms,1896,0.0188,0.0288,0.0422,0.3376
2,before,shadow,1,1,data_to_adapter_ms,1896,20.2784,33.0433,44.984,66.3514
2,before,off,1,1,evaluate_runtime_ms,1897,4.9818,7.3831,14.6816,22.0074
2,before,off,1,1,handler_runtime_ms,13633,0.1221,5.7744,8.3986,328.99
2,before,off,1,1,source_to_state_ms,13633,8.1184,17.8919,25.9267,344.9929
2,before,off,1,1,heartbeat_sleep_ms,5599,11.0589,16.0013,20.8792,329.3111
2,before,off,1,1,event_loop_lateness_ms,5599,10.0589,15.0013,19.8792,328.3111
2,before,off,1,2,evaluate_runtime_ms,1897,4.9196,7.1187,14.8417,24.9348
2,before,off,1,2,handler_runtime_ms,13633,0.1212,5.6622,8.0504,27.1507
2,before,off,1,2,source_to_state_ms,13633,7.7478,16.9723,21.3325,34.3024
2,before,off,1,2,heartbeat_sleep_ms,5631,10.9791,15.905,20.3102,36.4594
2,before,off,1,2,event_loop_lateness_ms,5631,9.9791,14.905,19.3102,35.4594
2,before,shadow,1,2,evaluate_runtime_ms,1897,4.9834,7.4341,15.6782,23.9515
2,before,shadow,1,2,state_to_features_ms,1897,0.0553,0.076,0.1088,0.3578
2,before,shadow,1,2,source_to_features_ms,1897,12.5826,22.4694,33.8884,353.2477
2,before,shadow,1,2,handler_runtime_ms,13633,0.1242,5.8837,8.5012,346.5653
2,before,shadow,1,2,source_to_state_ms,13633,7.8552,18.1994,28.3835,353.296
2,before,shadow,1,2,worker_mailbox_depth,13633,0,0,1,3
2,before,shadow,1,2,worker_inflight,13633,0,1,1,1
2,before,shadow,1,2,heartbeat_sleep_ms,5727,10.746,15.9168,20.8811,348.0486
2,before,shadow,1,2,event_loop_lateness_ms,5727,9.746,14.9168,19.8811,347.0486
2,before,shadow,1,2,queue_and_ipc_ms,1896,0.38,7.2515,16.6698,34.7926
2,before,shadow,1,2,predict_ms,1896,0.6292,0.8133,1.1234,1.6736
2,before,shadow,1,2,return_delivery_ms,1896,5.3956,14.1796,16.4576,42.1954
2,before,shadow,1,2,adapter_runtime_ms,1896,0.0182,0.0276,0.0325,0.1815
2,before,shadow,1,2,data_to_adapter_ms,1896,20.0498,36.3856,59.5667,357.24
2,before,off,4,0,evaluate_runtime_ms,1897,4.9102,7.6859,16.3296,27.3499
2,before,off,4,0,handler_runtime_ms,13633,0.0834,5.7018,8.9349,29.0456
2,before,off,4,0,source_to_state_ms,13633,23.1472,105.97825,141.9379,158.2956
2,before,off,4,0,heartbeat_sleep_ms,2261,5.9714,15.4414,20.9642,40.3549
2,before,off,4,0,event_loop_lateness_ms,2261,4.9714,14.4414,19.9642,39.3549
2,before,shadow,4,0,evaluate_runtime_ms,1897,4.7993,7.048,15.062,23.456
2,before,shadow,4,0,state_to_features_ms,1897,0.0533,0.0738,0.0999,0.5036
2,before,shadow,4,0,source_to_features_ms,1897,24.031375,69.8092,85.678925,95.723525
2,before,shadow,4,0,handler_runtime_ms,13633,0.0853,5.6043,8.0898,25.3489
2,before,shadow,4,0,source_to_state_ms,13633,22.273625,69.059225,86.83905,95.783825
2,before,shadow,4,0,worker_mailbox_depth,13633,0,1,2,4
2,before,shadow,4,0,worker_inflight,13633,1,1,1,1
2,before,shadow,4,0,heartbeat_sleep_ms,2336,5.9347,14.998,21.5731,37.8809
2,before,shadow,4,0,event_loop_lateness_ms,2336,4.9347,13.998,20.5731,36.8809
2,before,shadow,4,0,queue_and_ipc_ms,1891,0.4352,7.1437,12.4369,37.3867
2,before,shadow,4,0,predict_ms,1891,0.6057,0.8019,1.0906,1.8592
2,before,shadow,4,0,return_delivery_ms,1891,2.7998,7.5723,15.1263,46.1206
2,before,shadow,4,0,adapter_runtime_ms,1891,0.0156,0.0196,0.0271,0.3563
2,before,shadow,4,0,data_to_adapter_ms,1891,29.39725,75.55935,91.06515,101.8494
2,before,shadow,4,1,evaluate_runtime_ms,1897,4.7877,6.8957,15.3559,23.8661
2,before,shadow,4,1,state_to_features_ms,1897,0.0531,0.0738,0.0941,0.378
2,before,shadow,4,1,source_to_features_ms,1897,23.8762,343.2773,412.136875,435.7207
2,before,shadow,4,1,handler_runtime_ms,13633,0.0853,5.6677,7.9065,345.8256
2,before,shadow,4,1,source_to_state_ms,13633,22.405075,341.4637,415.97265,435.8427
2,before,shadow,4,1,worker_mailbox_depth,13633,0,1,2,4
2,before,shadow,4,1,worker_inflight,13633,1,1,1,1
2,before,shadow,4,1,heartbeat_sleep_ms,2326,5.9251,14.7152,21.5733,353.4528
2,before,shadow,4,1,event_loop_lateness_ms,2326,4.9251,13.7152,20.5733,352.4528
2,before,shadow,4,1,queue_and_ipc_ms,1891,0.4406,7.4976,14.0218,41.9261
2,before,shadow,4,1,predict_ms,1891,0.5937,0.7858,0.9828,1.616
2,before,shadow,4,1,return_delivery_ms,1891,3.151,7.553,15.9808,346.0351
2,before,shadow,4,1,adapter_runtime_ms,1891,0.0155,0.0192,0.0239,0.4749
2,before,shadow,4,1,data_to_adapter_ms,1891,29.959375,347.579375,419.20455,439.76525
2,before,off,4,1,evaluate_runtime_ms,1897,4.3986,6.6892,13.9709,23.7869
2,before,off,4,1,handler_runtime_ms,13633,0.0754,5.0545,7.504,25.9344
2,before,off,4,1,source_to_state_ms,13633,12.69565,32.0328,48.069,82.151125
2,before,off,4,1,heartbeat_sleep_ms,2285,5.552,15.5298,19.8306,32.9787
2,before,off,4,1,event_loop_lateness_ms,2285,4.552,14.5298,18.8306,31.9787
2,before,off,4,2,evaluate_runtime_ms,1897,4.8135,7.4118,15.4338,25.7367
2,before,off,4,2,handler_runtime_ms,13633,0.0802,5.5762,8.2907,27.5692
2,before,off,4,2,source_to_state_ms,13633,15.989175,44.355025,59.342525,89.763725
2,before,off,4,2,heartbeat_sleep_ms,2279,5.8624,15.4957,20.9347,35.1507
2,before,off,4,2,event_loop_lateness_ms,2279,4.8624,14.4957,19.9347,34.1507
2,before,shadow,4,2,evaluate_runtime_ms,1897,4.5569,6.9884,15.3768,27.0704
2,before,shadow,4,2,state_to_features_ms,1897,0.0567,0.0705,0.0853,0.3007
2,before,shadow,4,2,source_to_features_ms,1897,19.7697,249.0503,371.20485,388.095225
2,before,shadow,4,2,handler_runtime_ms,13633,0.077,5.3265,7.6976,345.8466
2,before,shadow,4,2,source_to_state_ms,13633,17.762875,247.606625,372.625125,389.540925
2,before,shadow,4,2,worker_mailbox_depth,13633,0,1,1,3
2,before,shadow,4,2,worker_inflight,13633,1,1,1,1
2,before,shadow,4,2,heartbeat_sleep_ms,2302,5.7651,15.0209,20.7102,348.5533
2,before,shadow,4,2,event_loop_lateness_ms,2302,4.7651,14.0209,19.7102,347.5533
2,before,shadow,4,2,queue_and_ipc_ms,1894,0.3828,6.6591,11.2393,19.2483
2,before,shadow,4,2,predict_ms,1894,0.5617,0.7567,0.8257,1.6168
2,before,shadow,4,2,return_delivery_ms,1894,2.9358,7.5239,14.2577,38.4716
2,before,shadow,4,2,adapter_runtime_ms,1894,0.0136,0.018,0.0263,0.1757
2,before,shadow,4,2,data_to_adapter_ms,1894,24.8302,252.933,378.39505,389.7957
2,after,off,1,0,heartbeat_sleep_ms,5896,10.5322,15.6846,16.0993,94.9228
2,after,off,1,0,event_loop_lateness_ms,5896,9.5322,14.6846,15.0993,93.9228
2,after,off,1,0,evaluate_runtime_ms,1897,4.3648,6.3102,13.1562,21.534
2,after,off,1,0,handler_runtime_ms,13633,0.1177,5.1761,7.2647,94.3592
2,after,off,1,0,source_to_state_ms,13633,7.8009,16.3582,21.2231,103.8626
2,after,off,1,0,generator_lateness_ms,13633,5.2634,13.9459,15.0677,93.5096
2,after,off,1,0,enqueue_wait_ms,13633,0.0029,0.0125,0.0158,0.1819
2,after,off,1,0,source_queue_wait_ms,13633,0.2339,6.1873,9.9842,94.7786
2,after,off,1,0,due_callbacks_ms,13633,0.0042,0.5483,5.6567,16.8791
2,after,off,1,0,state_apply_ms,13633,0.0989,4.462,6.0617,94.356
2,after,off,1,0,market_state_update_ms,13444,0.0341,0.3364,0.4397,1.6693
2,after,off,1,0,data_to_market_state_ready_ms,13444,7.2726,15.1176,19.6625,100.5092
2,after,off,1,0,market_state_to_handler_end_ms,13444,0.0589,4.4223,6.0113,94.336
2,after,off,1,0,context_build_ms,1897,0.1312,0.1918,0.2138,0.3538
2,after,off,1,0,strategy_pure_ms,3414,0.7365,1.2689,1.595,9.7338
2,after,off,1,0,parent_worker_queue_ms,0,,,,
2,after,off,1,0,dispatch_to_predict_ms,0,,,,
2,after,off,1,0,data_to_terminal_ms,0,,,,
2,after,off,1,0,legacy_data_to_terminal_ms,0,,,,
2,after,off,1,0,source_queue_depth,13633,2,6,9,29
2,after,off,1,0,gc_pause_ms,96,4.1493,8.2329,9.7165,92.6845
2,after,off,1,0,state_ready_to_evaluation_including_trigger_wait_ms,1875,0.0414,25.9612,43.0457,155.2901
2,after,shadow,1,0,heartbeat_sleep_ms,6023,10.0747,15.5757,16.0908,112.6304
2,after,shadow,1,0,event_loop_lateness_ms,6023,9.0747,14.5757,15.0908,111.6304
2,after,shadow,1,0,evaluate_runtime_ms,1897,4.3567,6.3336,13.1272,21.8795
2,after,shadow,1,0,state_to_features_ms,1897,0.0513,0.0702,0.0814,0.1383
2,after,shadow,1,0,source_to_features_ms,1897,14.5129,38.3494,51.9349,164.9138
2,after,shadow,1,0,handler_runtime_ms,13633,0.1164,5.2055,7.3735,110.9591
2,after,shadow,1,0,source_to_state_ms,13633,7.8255,17.1841,22.0697,112.2738
2,after,shadow,1,0,worker_mailbox_depth,13633,0,0,1,3
2,after,shadow,1,0,worker_inflight,13633,0,1,1,1
2,after,shadow,1,0,queue_and_ipc_ms,1895,0.3424,5.6438,14.7613,38.7998
2,after,shadow,1,0,predict_ms,1895,0.5778,0.7715,0.8439,1.4495
2,after,shadow,1,0,return_delivery_ms,1895,5.5091,13.9331,15.651,41.2296
2,after,shadow,1,0,adapter_runtime_ms,1895,0.0147,0.0227,0.0291,0.2893
2,after,shadow,1,0,data_to_adapter_ms,1895,22.2961,47.3912,61.986,170.5214
2,after,shadow,1,0,legacy_data_to_adapter_ms,1895,19.6851,32.1354,47.604,121.2385
2,after,shadow,1,0,generator_lateness_ms,13633,5.1489,13.8867,14.9654,106.3808
2,after,shadow,1,0,enqueue_wait_ms,13633,0.0027,0.0117,0.015,0.1793
2,after,shadow,1,0,source_queue_wait_ms,13633,0.2973,6.6893,12.059,26.533
2,after,shadow,1,0,due_callbacks_ms,13633,0.0044,0.5421,5.7383,18.0256
2,after,shadow,1,0,state_apply_ms,13633,0.102,4.5658,6.1884,110.9552
2,after,shadow,1,0,market_state_update_ms,13444,0.0357,0.3472,0.4445,0.848
2,after,shadow,1,0,data_to_market_state_ready_ms,13444,7.3135,15.6251,20.443,106.5038
2,after,shadow,1,0,market_state_to_handler_end_ms,13444,0.0608,4.5127,6.1213,110.9236
2,after,shadow,1,0,context_build_ms,1897,0.1289,0.1828,0.2075,0.4054
2,after,shadow,1,0,strategy_pure_ms,3414,0.7378,1.2956,1.6497,13.2623
2,after,shadow,1,0,parent_worker_queue_ms,1895,0.0237,3.3314,14.0678,38.4234
2,after,shadow,1,0,dispatch_to_predict_ms,1895,0.2635,2.2618,5.839,10.3901
2,after,shadow,1,0,data_to_terminal_ms,1895,22.2961,47.3912,61.986,170.5214
2,after,shadow,1,0,legacy_data_to_terminal_ms,1895,19.6851,32.1354,47.604,121.2385
2,after,shadow,1,0,source_queue_depth,13633,2,6,10,30
2,after,shadow,1,0,gc_pause_ms,97,4.0787,8.4542,11.3785,108.5513
2,after,shadow,1,0,state_ready_to_evaluation_including_trigger_wait_ms,1875,0.0419,26.3992,42.0871,155.2831
2,after,shadow,1,1,heartbeat_sleep_ms,11357,2.4204,15.4759,15.9679,135.1596
2,after,shadow,1,1,event_loop_lateness_ms,11357,1.4204,14.4759,14.9679,134.1596
2,after,shadow,1,1,evaluate_runtime_ms,1897,4.7903,7.371,14.9578,22.9481
2,after,shadow,1,1,state_to_features_ms,1897,0.0537,0.0775,0.1161,0.4078
2,after,shadow,1,1,source_to_features_ms,1897,13.4532,38.0439,51.8705,171.8433
2,after,shadow,1,1,handler_runtime_ms,13633,0.1305,5.671,8.7,132.6887
2,after,shadow,1,1,source_to_state_ms,13633,6.1564,16.9543,23.2827,135.9383
2,after,shadow,1,1,worker_mailbox_depth,13633,0,0,1,2
2,after,shadow,1,1,worker_inflight,13633,0,1,1,1
2,after,shadow,1,1,queue_and_ipc_ms,1896,0.3595,5.5208,13.0837,27.6251
2,after,shadow,1,1,predict_ms,1896,0.5819,0.824,1.0184,1.9739
2,after,shadow,1,1,return_delivery_ms,1896,4.0068,11.4799,15.0307,40.1662
2,after,shadow,1,1,adapter_runtime_ms,1896,0.0141,0.023,0.0313,0.1723
2,after,shadow,1,1,data_to_adapter_ms,1896,20.2974,44.5422,59.185,183.2545
2,after,shadow,1,1,legacy_data_to_adapter_ms,1896,17.4907,31.4423,44.854,125.404
2,after,shadow,1,1,generator_lateness_ms,13633,3.6097,13.5507,14.9924,129.7467
2,after,shadow,1,1,enqueue_wait_ms,13633,0.0031,0.0118,0.0163,1.4063
2,after,shadow,1,1,source_queue_wait_ms,13633,0.2154,6.8468,12.7442,40.9889
2,after,shadow,1,1,due_callbacks_ms,13633,0.0051,0.6225,6.0971,19.9833
2,after,shadow,1,1,state_apply_ms,13633,0.114,5.0031,7.0612,132.6832
2,after,shadow,1,1,market_state_update_ms,13444,0.0394,0.3736,0.4815,1.8707
2,after,shadow,1,1,data_to_market_state_ready_ms,13444,5.5256,15.3449,21.1786,130.2926
2,after,shadow,1,1,market_state_to_handler_end_ms,13444,0.0686,4.9657,6.9736,132.6303
2,after,shadow,1,1,context_build_ms,1897,0.1375,0.2108,0.2515,1.0057
2,after,shadow,1,1,strategy_pure_ms,3414,0.7838,1.4542,2.0606,11.9629
2,after,shadow,1,1,parent_worker_queue_ms,1896,0.0252,1.6084,11.7436,22.1228
2,after,shadow,1,1,dispatch_to_predict_ms,1896,0.2812,2.852,6.2448,18.2624
2,after,shadow,1,1,data_to_terminal_ms,1896,20.2974,44.5422,59.185,183.2545
2,after,shadow,1,1,legacy_data_to_terminal_ms,1896,17.4907,31.4423,44.854,125.404
2,after,shadow,1,1,source_queue_depth,13633,2,6,10,43
2,after,shadow,1,1,gc_pause_ms,97,4.2067,9.6135,17.8579,129.8424
2,after,shadow,1,1,state_ready_to_evaluation_including_trigger_wait_ms,1875,0.0492,25.2627,36.6233,155.1597
2,after,off,1,1,heartbeat_sleep_ms,5934,10.4814,15.6351,16.0816,123.6113
2,after,off,1,1,event_loop_lateness_ms,5934,9.4814,14.6351,15.0816,122.6113
2,after,off,1,1,evaluate_runtime_ms,1897,4.2538,6.2961,13.0323,23.9169
2,after,off,1,1,handler_runtime_ms,13633,0.1149,4.9783,7.0589,123.3725
2,after,off,1,1,source_to_state_ms,13633,7.6182,16.2014,21.1523,123.7809
2,after,off,1,1,generator_lateness_ms,13633,5.1686,13.9459,15.0384,120.4045
2,after,off,1,1,enqueue_wait_ms,13633,0.0028,0.0126,0.0154,0.1523
2,after,off,1,1,source_queue_wait_ms,13633,0.2284,6.138,9.9704,24.0377
2,after,off,1,1,due_callbacks_ms,13633,0.0039,0.6044,5.473,15.6224
2,after,off,1,1,state_apply_ms,13633,0.0968,4.3368,5.9962,123.3693
2,after,off,1,1,market_state_update_ms,13444,0.0338,0.3445,0.445,0.8049
2,after,off,1,1,data_to_market_state_ready_ms,13444,7.1251,15.1283,19.7794,120.5329
2,after,off,1,1,market_state_to_handler_end_ms,13444,0.0575,4.2956,5.9408,123.3497
2,after,off,1,1,context_build_ms,1897,0.1214,0.1926,0.2139,0.2826
2,after,off,1,1,strategy_pure_ms,3414,0.6768,1.2037,1.5569,11.8327
2,after,off,1,1,parent_worker_queue_ms,0,,,,
2,after,off,1,1,dispatch_to_predict_ms,0,,,,
2,after,off,1,1,data_to_terminal_ms,0,,,,
2,after,off,1,1,legacy_data_to_terminal_ms,0,,,,
2,after,off,1,1,source_queue_depth,13633,2,6,9,38
2,after,off,1,1,gc_pause_ms,96,2.7981,7.7573,9.6644,121.8919
2,after,off,1,1,state_ready_to_evaluation_including_trigger_wait_ms,1875,0.041,26.6576,40.3244,154.5875
2,after,off,1,2,heartbeat_sleep_ms,5895,10.5148,15.7661,16.1466,132.0034
2,after,off,1,2,event_loop_lateness_ms,5895,9.5148,14.7661,15.1466,131.0034
2,after,off,1,2,evaluate_runtime_ms,1897,4.5552,6.7153,13.9911,25.1704
2,after,off,1,2,handler_runtime_ms,13633,0.1191,5.2879,7.5238,131.5544
2,after,off,1,2,source_to_state_ms,13633,7.8377,16.9684,21.2781,135.5265
2,after,off,1,2,generator_lateness_ms,13633,5.3316,13.9902,15.0988,131.1879
2,after,off,1,2,enqueue_wait_ms,13633,0.0028,0.013,0.0172,0.2001
2,after,off,1,2,source_queue_wait_ms,13633,0.2377,6.4256,10.8055,131.8547
2,after,off,1,2,due_callbacks_ms,13633,0.0042,0.6406,5.9723,16.3085
2,after,off,1,2,state_apply_ms,13633,0.1008,4.6402,6.3405,131.5493
2,after,off,1,2,market_state_update_ms,13444,0.035,0.3545,0.4614,0.8086
2,after,off,1,2,data_to_market_state_ready_ms,13444,7.2776,15.3044,19.6935,132.1628
2,after,off,1,2,market_state_to_handler_end_ms,13444,0.0597,4.6004,6.2965,131.5233
2,after,off,1,2,context_build_ms,1897,0.1339,0.2039,0.2309,0.3443
2,after,off,1,2,strategy_pure_ms,3414,0.7297,1.3823,1.7733,10.964
2,after,off,1,2,parent_worker_queue_ms,0,,,,
2,after,off,1,2,dispatch_to_predict_ms,0,,,,
2,after,off,1,2,data_to_terminal_ms,0,,,,
2,after,off,1,2,legacy_data_to_terminal_ms,0,,,,
2,after,off,1,2,source_queue_depth,13633,2,6,9,41
2,after,off,1,2,gc_pause_ms,96,3.3385,8.2847,12.9871,129.7912
2,after,off,1,2,state_ready_to_evaluation_including_trigger_wait_ms,1875,0.042,25.3614,41.4837,154.9979
2,after,shadow,1,2,heartbeat_sleep_ms,6029,9.9887,15.6176,16.0708,141.8727
2,after,shadow,1,2,event_loop_lateness_ms,6029,8.9887,14.6176,15.0708,140.8727
2,after,shadow,1,2,evaluate_runtime_ms,1897,4.6348,6.8738,13.9931,23.9494
2,after,shadow,1,2,state_to_features_ms,1897,0.0523,0.0739,0.0859,0.1678
2,after,shadow,1,2,source_to_features_ms,1897,15.299,37.678,54.1656,170.9234
2,after,shadow,1,2,handler_runtime_ms,13633,0.1216,5.4825,8.0982,140.4957
2,after,shadow,1,2,source_to_state_ms,13633,8.0412,17.7308,26.6667,147.0053
2,after,shadow,1,2,worker_mailbox_depth,13633,0,0,1,3
2,after,shadow,1,2,worker_inflight,13633,0,1,1,1
2,after,shadow,1,2,queue_and_ipc_ms,1895,0.3555,5.8581,14.2665,42.1328
2,after,shadow,1,2,predict_ms,1895,0.5551,0.786,0.9172,1.345
2,after,shadow,1,2,return_delivery_ms,1895,5.3142,13.2226,15.564,55.0434
2,after,shadow,1,2,adapter_runtime_ms,1895,0.0144,0.0228,0.0308,0.1614
2,after,shadow,1,2,data_to_adapter_ms,1895,22.7517,45.4979,62.6118,182.7799
2,after,shadow,1,2,legacy_data_to_adapter_ms,1895,19.991,32.6845,45.8187,134.9737
2,after,shadow,1,2,generator_lateness_ms,13633,5.3325,13.9282,15.0536,140.6272
2,after,shadow,1,2,enqueue_wait_ms,13633,0.0027,0.0117,0.0152,0.5451
2,after,shadow,1,2,source_queue_wait_ms,13633,0.2957,7.0943,14.4258,37.2223
2,after,shadow,1,2,due_callbacks_ms,13633,0.0045,0.6373,5.9483,24.9852
2,after,shadow,1,2,state_apply_ms,13633,0.1057,4.8245,6.5906,140.492
2,after,shadow,1,2,market_state_update_ms,13444,0.0371,0.3555,0.4628,1.8673
2,after,shadow,1,2,data_to_market_state_ready_ms,13444,7.5131,15.7713,23.5586,141.1886
2,after,shadow,1,2,market_state_to_handler_end_ms,13444,0.063,4.7778,6.5219,140.4628
2,after,shadow,1,2,context_build_ms,1897,0.1347,0.2092,0.2315,0.6883
2,after,shadow,1,2,strategy_pure_ms,3414,0.7547,1.4247,1.7079,12.9943
2,after,shadow,1,2,parent_worker_queue_ms,1895,0.0246,2.0172,13.077,41.6909
2,after,shadow,1,2,dispatch_to_predict_ms,1895,0.2693,2.2948,6.6188,11.8911
2,after,shadow,1,2,data_to_terminal_ms,1895,22.7517,45.4979,62.6118,182.7799
2,after,shadow,1,2,legacy_data_to_terminal_ms,1895,19.991,32.6845,45.8187,134.9737
2,after,shadow,1,2,source_queue_depth,13633,2,6,11,48
2,after,shadow,1,2,gc_pause_ms,97,4.0942,9.3665,18.6056,137.8184
2,after,shadow,1,2,state_ready_to_evaluation_including_trigger_wait_ms,1875,0.0435,25.4819,41.019,154.8764
2,after,off,4,0,heartbeat_sleep_ms,2464,5.1603,15.2907,16.5864,135.8778
2,after,off,4,0,event_loop_lateness_ms,2464,4.1603,14.2907,15.5864,134.8778
2,after,off,4,0,evaluate_runtime_ms,1897,3.974,5.941,13.5672,23.0752
2,after,off,4,0,handler_runtime_ms,13633,0.0739,4.6444,6.654,135.5221
2,after,off,4,0,source_to_state_ms,13633,11.291875,40.787825,122.621525,158.32845
2,after,off,4,0,generator_lateness_ms,13633,3.190275,12.330075,21.2199,133.7417
2,after,off,4,0,enqueue_wait_ms,13633,0.0018,0.0061,0.0122,0.1714
2,after,off,4,0,source_queue_wait_ms,13633,5.8242,32.5318,106.8049,157.0064
2,after,off,4,0,due_callbacks_ms,13633,0.003,0.5708,4.9745,15.4802
2,after,off,4,0,state_apply_ms,13633,0.0686,4.0799,5.5219,135.5185
2,after,off,4,0,market_state_update_ms,13444,0.0255,0.2973,0.3922,1.473
2,after,off,4,0,data_to_market_state_ready_ms,13444,10.784825,38.81805,121.7924,158.183075
2,after,off,4,0,market_state_to_handler_end_ms,13444,0.0402,4.0399,5.4771,135.4987
2,after,off,4,0,context_build_ms,1897,0.1131,0.1815,0.204,0.2879
2,after,off,4,0,strategy_pure_ms,3414,0.6391,1.0735,1.3541,10.3476
2,after,off,4,0,parent_worker_queue_ms,0,,,,
2,after,off,4,0,dispatch_to_predict_ms,0,,,,
2,after,off,4,0,data_to_terminal_ms,0,,,,
2,after,off,4,0,legacy_data_to_terminal_ms,0,,,,
2,after,off,4,0,source_queue_depth,13633,9,39,156,171
2,after,off,4,0,gc_pause_ms,96,2.5237,7.7703,11.1262,133.8769
2,after,off,4,0,state_ready_to_evaluation_including_trigger_wait_ms,1875,0.028,3.7312,12.1491,31.2788
2,after,shadow,4,0,heartbeat_sleep_ms,2507,5.4296,14.5359,17.024,141.4656
2,after,shadow,4,0,event_loop_lateness_ms,2507,4.4296,13.5359,16.024,140.4656
2,after,shadow,4,0,evaluate_runtime_ms,1897,4.1714,6.029,13.6634,21.9642
2,after,shadow,4,0,state_to_features_ms,1897,0.0495,0.069,0.077,0.1408
2,after,shadow,4,0,source_to_features_ms,1897,16.5432,71.596975,173.7644,189.375475
2,after,shadow,4,0,handler_runtime_ms,13633,0.0818,4.9282,6.9678,139.3414
2,after,shadow,4,0,source_to_state_ms,13633,13.2483,75.848275,173.902125,187.68595
2,after,shadow,4,0,worker_mailbox_depth,13633,0,1,2,3
2,after,shadow,4,0,worker_inflight,13633,1,1,1,1
2,after,shadow,4,0,queue_and_ipc_ms,1893,0.4106,6.3362,11.8859,25.0972
2,after,shadow,4,0,predict_ms,1893,0.5487,0.7765,0.8892,1.7841
2,after,shadow,4,0,return_delivery_ms,1893,2.6054,6.5481,14.8517,47.363
2,after,shadow,4,0,adapter_runtime_ms,1893,0.0116,0.015,0.0218,0.0577
2,after,shadow,4,0,data_to_adapter_ms,1893,21.1489,77.12155,181.08465,192.94985
2,after,shadow,4,0,legacy_data_to_adapter_ms,1893,20.0759,75.739425,179.1239,192.94985
2,after,shadow,4,0,generator_lateness_ms,13633,3.32545,12.20085,24.20695,140.650225
2,after,shadow,4,0,enqueue_wait_ms,13633,0.0019,0.0063,0.0108,0.1736
2,after,shadow,4,0,source_queue_wait_ms,13633,7.8403,68.3721,161.2988,186.7338
2,after,shadow,4,0,due_callbacks_ms,13633,0.0032,0.593,5.3037,16.3243
2,after,shadow,4,0,state_apply_ms,13633,0.0756,4.3845,5.8229,139.3385
2,after,shadow,4,0,market_state_update_ms,13444,0.0278,0.3149,0.4063,0.6269
2,after,shadow,4,0,data_to_market_state_ready_ms,13444,12.744025,75.346775,173.65515,187.5759
2,after,shadow,4,0,market_state_to_handler_end_ms,13444,0.0447,4.3458,5.785,139.3209
2,after,shadow,4,0,context_build_ms,1897,0.1171,0.1874,0.2221,0.3504
2,after,shadow,4,0,strategy_pure_ms,3414,0.6704,1.1399,1.4293,9.9989
2,after,shadow,4,0,parent_worker_queue_ms,1893,0.1356,4.9034,10.6622,19.4103
2,after,shadow,4,0,dispatch_to_predict_ms,1893,0.2713,4.1066,5.9046,14.2647
2,after,shadow,4,0,data_to_terminal_ms,1893,21.1489,77.12155,181.08465,192.94985
2,after,shadow,4,0,legacy_data_to_terminal_ms,1893,20.0759,75.739425,179.1239,192.94985
2,after,shadow,4,0,source_queue_depth,13633,11,85,210,228
2,after,shadow,4,0,gc_pause_ms,97,2.8109,8.1028,12.0402,137.0641
2,after,shadow,4,0,state_ready_to_evaluation_including_trigger_wait_ms,1875,0.0314,1.6646,9.9241,27.8732
2,after,shadow,4,1,heartbeat_sleep_ms,2478,5.3607,14.9297,18.0039,147.1512
2,after,shadow,4,1,event_loop_lateness_ms,2478,4.3607,13.9297,17.0039,146.1512
2,after,shadow,4,1,evaluate_runtime_ms,1897,4.2308,6.3822,13.8359,22.5475
2,after,shadow,4,1,state_to_features_ms,1897,0.0504,0.0707,0.087,0.145
2,after,shadow,4,1,source_to_features_ms,1897,18.59005,89.70635,185.707075,196.52715
2,after,shadow,4,1,handler_runtime_ms,13633,0.0818,5.0308,7.3802,144.8942
2,after,shadow,4,1,source_to_state_ms,13633,15.537175,94.25145,183.50775,195.143675
2,after,shadow,4,1,worker_mailbox_depth,13633,0,1,2,2
2,after,shadow,4,1,worker_inflight,13633,1,1,1,1
2,after,shadow,4,1,queue_and_ipc_ms,1893,0.4152,6.3655,11.0693,23.3792
2,after,shadow,4,1,predict_ms,1893,0.5642,0.7794,0.8845,1.6953
2,after,shadow,4,1,return_delivery_ms,1893,2.5258,7.0478,14.6956,39.6186
2,after,shadow,4,1,adapter_runtime_ms,1893,0.0114,0.0149,0.0212,0.2511
2,after,shadow,4,1,data_to_adapter_ms,1893,23.402575,95.69935,190.26275,200.04615
2,after,shadow,4,1,legacy_data_to_adapter_ms,1893,22.665725,92.14305,189.04735,200.04615
2,after,shadow,4,1,generator_lateness_ms,13633,3.3315,12.47595,26.731525,146.071325
2,after,shadow,4,1,enqueue_wait_ms,13633,0.0018,0.0061,0.0101,0.242
2,after,shadow,4,1,source_queue_wait_ms,13633,10.298,86.5181,175.1292,194.1176
2,after,shadow,4,1,due_callbacks_ms,13633,0.0032,0.6505,5.3522,15.5419
2,after,shadow,4,1,state_apply_ms,13633,0.076,4.4104,6.0868,144.8913
2,after,shadow,4,1,market_state_update_ms,13444,0.0279,0.3173,0.4177,1.0775
2,after,shadow,4,1,data_to_market_state_ready_ms,13444,14.9127,92.7564,183.244225,195.091975
2,after,shadow,4,1,market_state_to_handler_end_ms,13444,0.045,4.3796,6.0178,144.8759
2,after,shadow,4,1,context_build_ms,1897,0.1205,0.1919,0.2198,0.3227
2,after,shadow,4,1,strategy_pure_ms,3414,0.6737,1.1768,1.5397,11.0694
2,after,shadow,4,1,parent_worker_queue_ms,1893,0.1344,5.1468,9.567,15.3205
2,after,shadow,4,1,dispatch_to_predict_ms,1893,0.2712,4.1562,6.1013,11.5074
2,after,shadow,4,1,data_to_terminal_ms,1893,23.402575,95.69935,190.26275,200.04615
2,after,shadow,4,1,legacy_data_to_terminal_ms,1893,22.665725,92.14305,189.04735,200.04615
2,after,shadow,4,1,source_queue_depth,13633,13,108,219,237
2,after,shadow,4,1,gc_pause_ms,97,2.8011,8.0807,11.0159,142.4444
2,after,shadow,4,1,state_ready_to_evaluation_including_trigger_wait_ms,1875,0.0313,1.6033,10.8484,22.1031
2,after,off,4,1,heartbeat_sleep_ms,2443,5.2341,15.2066,16.6449,140.7151
2,after,off,4,1,event_loop_lateness_ms,2443,4.2341,14.2066,15.6449,139.7151
2,after,off,4,1,evaluate_runtime_ms,1897,4.1508,6.1722,14.1131,24.6325
2,after,off,4,1,handler_runtime_ms,13633,0.0769,4.805,6.7981,140.3649
2,after,off,4,1,source_to_state_ms,13633,11.705375,43.1498,128.033775,163.015175
2,after,off,4,1,generator_lateness_ms,13633,3.2863,12.30915,24.41565,138.1195
2,after,off,4,1,enqueue_wait_ms,13633,0.0019,0.0062,0.0125,0.3191
2,after,off,4,1,source_queue_wait_ms,13633,6.1889,34.7477,113.2351,159.9985
2,after,off,4,1,due_callbacks_ms,13633,0.003,0.6215,5.271,15.8621
2,after,off,4,1,state_apply_ms,13633,0.0715,4.2342,5.9278,140.3617
2,after,off,4,1,market_state_update_ms,13444,0.0265,0.3059,0.4036,0.9783
2,after,off,4,1,data_to_market_state_ready_ms,13444,11.103725,42.69205,127.884925,162.964575
2,after,off,4,1,market_state_to_handler_end_ms,13444,0.0418,4.1929,5.8823,140.3419
2,after,off,4,1,context_build_ms,1897,0.1164,0.1898,0.2269,0.331
2,after,off,4,1,strategy_pure_ms,3414,0.6541,1.1539,1.4672,12.3149
2,after,off,4,1,parent_worker_queue_ms,0,,,,
2,after,off,4,1,dispatch_to_predict_ms,0,,,,
2,after,off,4,1,data_to_terminal_ms,0,,,,
2,after,off,4,1,legacy_data_to_terminal_ms,0,,,,
2,after,off,4,1,source_queue_depth,13633,9,41,164,182
2,after,off,4,1,gc_pause_ms,96,2.6456,8.6465,12.1764,138.4155
2,after,off,4,1,state_ready_to_evaluation_including_trigger_wait_ms,1875,0.0293,3.7113,12.884,20.4968
2,after,off,4,2,heartbeat_sleep_ms,2442,5.3125,15.3088,17.2089,144.9639
2,after,off,4,2,event_loop_lateness_ms,2442,4.3125,14.3088,16.2089,143.9639
2,after,off,4,2,evaluate_runtime_ms,1897,4.1695,6.1526,14.3207,23.6809
2,after,off,4,2,handler_runtime_ms,13633,0.0758,4.8551,7.0948,144.2902
2,after,off,4,2,source_to_state_ms,13633,12.234675,47.49055,166.338975,181.655575
2,after,off,4,2,generator_lateness_ms,13633,3.276525,12.236275,22.8321,143.7175
2,after,off,4,2,enqueue_wait_ms,13633,0.0018,0.0062,0.0124,0.1517
2,after,off,4,2,source_queue_wait_ms,13633,6.5017,39.4931,152.5089,179.0376
2,after,off,4,2,due_callbacks_ms,13633,0.003,0.6289,5.3137,15.8516
2,after,off,4,2,state_apply_ms,13633,0.0707,4.2748,5.8133,144.2863
2,after,off,4,2,market_state_update_ms,13444,0.0261,0.3046,0.4017,0.8738
2,after,off,4,2,data_to_market_state_ready_ms,13444,11.616075,46.063925,166.29355,180.90675
2,after,off,4,2,market_state_to_handler_end_ms,13444,0.0415,4.2402,5.7469,144.2645
2,after,off,4,2,context_build_ms,1897,0.1171,0.186,0.221,0.2997
2,after,off,4,2,strategy_pure_ms,3414,0.6627,1.1302,1.4452,13.0645
2,after,off,4,2,parent_worker_queue_ms,0,,,,
2,after,off,4,2,dispatch_to_predict_ms,0,,,,
2,after,off,4,2,data_to_terminal_ms,0,,,,
2,after,off,4,2,legacy_data_to_terminal_ms,0,,,,
2,after,off,4,2,source_queue_depth,13633,10,49,201,219
2,after,off,4,2,gc_pause_ms,96,2.7969,8.3792,10.155,142.3995
2,after,off,4,2,state_ready_to_evaluation_including_trigger_wait_ms,1875,0.0292,3.3941,10.8046,33.6756
2,after,shadow,4,2,heartbeat_sleep_ms,2473,5.4782,14.5643,17.3761,155.1886
2,after,shadow,4,2,event_loop_lateness_ms,2473,4.4782,13.5643,16.3761,154.1886
2,after,shadow,4,2,evaluate_runtime_ms,1897,4.2753,6.2461,13.1936,21.3161
2,after,shadow,4,2,state_to_features_ms,1897,0.0504,0.0702,0.084,0.205
2,after,shadow,4,2,source_to_features_ms,1897,18.283875,118.86495,211.739775,219.962575
2,after,shadow,4,2,handler_runtime_ms,13633,0.0821,5.0292,7.0891,152.263
2,after,shadow,4,2,source_to_state_ms,13633,15.38295,122.4284,209.736725,218.2537
2,after,shadow,4,2,worker_mailbox_depth,13633,0,1,1,3
2,after,shadow,4,2,worker_inflight,13633,1,1,1,1
2,after,shadow,4,2,queue_and_ipc_ms,1893,0.4068,6.0771,11.4709,17.6698
2,after,shadow,4,2,predict_ms,1893,0.5543,0.7643,0.8728,1.4878
2,after,shadow,4,2,return_delivery_ms,1893,2.3991,6.8369,15.2699,43.6884
2,after,shadow,4,2,adapter_runtime_ms,1893,0.0117,0.015,0.0214,0.056
2,after,shadow,4,2,data_to_adapter_ms,1893,23.01175,123.63255,216.01465,224.76
2,after,shadow,4,2,legacy_data_to_adapter_ms,1893,22.335875,121.085375,213.541925,223.56215
2,after,shadow,4,2,generator_lateness_ms,13633,3.3415,12.3756,27.647275,154.299525
2,after,shadow,4,2,enqueue_wait_ms,13633,0.0019,0.0061,0.0104,0.2602
2,after,shadow,4,2,source_queue_wait_ms,13633,10.184,114.9108,203.604,217.6238
2,after,shadow,4,2,due_callbacks_ms,13633,0.0032,0.6675,5.4171,16.6648
2,after,shadow,4,2,state_apply_ms,13633,0.076,4.4357,6.022,152.2593
2,after,shadow,4,2,market_state_update_ms,13444,0.0281,0.3137,0.408,1.1071
2,after,shadow,4,2,data_to_market_state_ready_ms,13444,14.6771,121.606625,209.292375,218.2062
2,after,shadow,4,2,market_state_to_handler_end_ms,13444,0.0451,4.3996,5.9674,152.2388
2,after,shadow,4,2,context_build_ms,1897,0.1201,0.195,0.226,0.3731
2,after,shadow,4,2,strategy_pure_ms,3414,0.6784,1.1798,1.4868,11.0384
2,after,shadow,4,2,parent_worker_queue_ms,1893,0.1322,4.7777,9.5748,16.1802
2,after,shadow,4,2,dispatch_to_predict_ms,1893,0.2718,4.0921,5.9509,13.3814
2,after,shadow,4,2,data_to_terminal_ms,1893,23.01175,123.63255,216.01465,224.76
2,after,shadow,4,2,legacy_data_to_terminal_ms,1893,22.335875,121.085375,213.541925,223.56215
2,after,shadow,4,2,source_queue_depth,13633,13,143,250,272
2,after,shadow,4,2,gc_pause_ms,97,2.7056,9.4615,11.1251,149.3996
2,after,shadow,4,2,state_ready_to_evaluation_including_trigger_wait_ms,1875,0.0317,1.5615,10.7665,20.7698
