execution,ready_status,ready_source_line,ready_source_sequence,ready_action,ready_regime,fill_regime,ready_flow_class,fill_flow_class,ready_micro_response_bps,fill_micro_response_bps,ready_tape_aligned,fill_tape_aligned,evidence
single_legacy-01,exact_source_sequence_and_episode,5037,9504989,long,bullish_impulse,bullish_impulse,strongly_aligned,strongly_aligned,,,,,"exact recorded decision, no nearest research quote or rebuilt future context"
single_legacy-02,exact_source_sequence_and_episode,6373,12420367,long,bearish_trend,bearish_trend,opposed,opposed,4.1073128838916215,4.1073128838916215,False,False,"exact recorded decision, no nearest research quote or rebuilt future context"
single_legacy-03,exact_source_sequence_and_episode,6528,12612153,long,bearish_impulse,bearish_impulse,mixed,mixed,2.6457651222009853,2.6457651222009853,True,True,"exact recorded decision, no nearest research quote or rebuilt future context"
single_legacy-04,exact_source_sequence_and_episode,6713,12962354,long,bearish_impulse,bearish_impulse,short_term_reversal,short_term_reversal,2.09801082348948,2.09801082348948,True,True,"exact recorded decision, no nearest research quote or rebuilt future context"
single_legacy-05,exact_source_sequence_and_episode,9520,19305694,short,bullish_impulse,bullish_impulse,opposed,opposed,4.534790344674298,4.534790344674298,False,False,"exact recorded decision, no nearest research quote or rebuilt future context"
parallel_legacy-01,exact_source_sequence_and_episode,5112,9504989,long,bullish_impulse,bullish_impulse,strongly_aligned,strongly_aligned,,,,,"exact recorded decision, no nearest research quote or rebuilt future context"
parallel_legacy-02,exact_source_sequence_and_episode,6527,12420367,long,bearish_trend,bearish_trend,opposed,opposed,4.1073128838916215,4.1073128838916215,False,False,"exact recorded decision, no nearest research quote or rebuilt future context"
parallel_legacy-03,exact_source_sequence_and_episode,6716,12612153,long,bearish_impulse,bearish_impulse,mixed,mixed,2.6457651222009853,2.6457651222009853,True,True,"exact recorded decision, no nearest research quote or rebuilt future context"
parallel_legacy-04,exact_source_sequence_and_episode,6923,12959241,long,bearish_impulse,bearish_impulse,short_term_reversal,short_term_reversal,1.648480307216989,1.648480307216989,True,True,"exact recorded decision, no nearest research quote or rebuilt future context"
parallel_legacy-05,exact_source_sequence_and_episode,9827,19305465,short,bullish_impulse,bullish_impulse,opposed,opposed,5.353133629959341,5.353133629959341,True,True,"exact recorded decision, no nearest research quote or rebuilt future context"
parallel_legacy-06,exact_source_sequence_and_episode,9879,19415233,long,bullish_impulse,bullish_impulse,strongly_aligned,aligned,,,,,"exact recorded decision, no nearest research quote or rebuilt future context"
parallel_legacy-07,exact_source_sequence_and_episode,10759,21024170,long,bullish_trend,bullish_trend,strongly_aligned,strongly_aligned,,,,,"exact recorded decision, no nearest research quote or rebuilt future context"
parallel_legacy-08,exact_source_sequence_and_episode,11874,23043398,short,bullish_impulse,bullish_impulse,mixed,mixed,7.250725834214618,7.250725834214618,False,False,"exact recorded decision, no nearest research quote or rebuilt future context"
parallel_quote_tape-01,exact_source_sequence_and_episode,5112,9504989,long,bullish_impulse,bullish_impulse,strongly_aligned,strongly_aligned,,,,,"exact recorded decision, no nearest research quote or rebuilt future context"
parallel_quote_tape-02,exact_source_sequence_and_episode,6527,12420367,long,bearish_trend,bearish_trend,opposed,opposed,4.1073128838916215,4.1073128838916215,False,False,"exact recorded decision, no nearest research quote or rebuilt future context"
parallel_quote_tape-03,exact_source_sequence_and_episode,6710,12612153,long,bearish_impulse,bearish_impulse,mixed,mixed,2.6457651222009853,2.6457651222009853,True,True,"exact recorded decision, no nearest research quote or rebuilt future context"
parallel_quote_tape-04,exact_source_sequence_and_episode,6917,12959241,long,bearish_impulse,bearish_impulse,short_term_reversal,short_term_reversal,1.648480307216989,1.648480307216989,True,True,"exact recorded decision, no nearest research quote or rebuilt future context"
parallel_quote_tape-05,exact_source_sequence_and_episode,9822,19306956,short,bullish_impulse,bullish_impulse,opposed,opposed,5.353133629959341,5.353133629959341,True,True,"exact recorded decision, no nearest research quote or rebuilt future context"
parallel_quote_tape-06,exact_source_sequence_and_episode,9874,19415233,long,bullish_impulse,bullish_impulse,strongly_aligned,aligned,,,,,"exact recorded decision, no nearest research quote or rebuilt future context"
parallel_quote_tape-07,exact_source_sequence_and_episode,10754,21024170,long,bullish_trend,bullish_trend,strongly_aligned,strongly_aligned,,,,,"exact recorded decision, no nearest research quote or rebuilt future context"
parallel_quote_tape-08,exact_source_sequence_and_episode,11869,23043398,short,bullish_impulse,bullish_impulse,mixed,mixed,7.250725834214618,7.250725834214618,False,False,"exact recorded decision, no nearest research quote or rebuilt future context"
