variant,dimension,group,ready,covered,positive_illustrative_60s,nonpositive_illustrative_60s,mean_illustrative_60s_bps,scope
single_legacy,owner,level_breakout,18,17,6,11,-2.6106407738405686,"predeclared complete ready groups; existing13bps top quote diagnostic, not individual ledger or portfolio"
single_legacy,side,long,19,18,4,14,-8.18359684108526,"predeclared complete ready groups; existing13bps top quote diagnostic, not individual ledger or portfolio"
single_legacy,effect,retained,26,26,6,20,-9.599567655320088,"predeclared complete ready groups; existing13bps top quote diagnostic, not individual ledger or portfolio"
single_legacy,coverage,covered_top_of_book,27,27,6,21,-10.570336777843508,"predeclared complete ready groups; existing13bps top quote diagnostic, not individual ledger or portfolio"
single_legacy,side,short,9,9,2,7,-15.34381665136,"predeclared complete ready groups; existing13bps top quote diagnostic, not individual ledger or portfolio"
single_legacy,owner,weak_level_rejection,10,10,0,10,-24.1018199846485,"predeclared complete ready groups; existing13bps top quote diagnostic, not individual ledger or portfolio"
single_legacy,effect,disappeared,2,1,0,1,-35.81033396345237,"predeclared complete ready groups; existing13bps top quote diagnostic, not individual ledger or portfolio"
single_legacy,coverage,quote_gap,1,0,0,0,,"predeclared complete ready groups; existing13bps top quote diagnostic, not individual ledger or portfolio"
parallel_legacy,owner,level_breakout,25,24,7,17,-2.9955593933269835,"predeclared complete ready groups; existing13bps top quote diagnostic, not individual ledger or portfolio"
parallel_legacy,side,long,25,24,5,19,-7.619324906183036,"predeclared complete ready groups; existing13bps top quote diagnostic, not individual ledger or portfolio"
parallel_legacy,effect,retained,26,26,6,20,-7.244182337996658,"predeclared complete ready groups; existing13bps top quote diagnostic, not individual ledger or portfolio"
parallel_legacy,coverage,covered_top_of_book,36,36,7,29,-10.595245312103195,"predeclared complete ready groups; existing13bps top quote diagnostic, not individual ledger or portfolio"
parallel_legacy,side,short,12,12,2,10,-16.547086123943515,"predeclared complete ready groups; existing13bps top quote diagnostic, not individual ledger or portfolio"
parallel_legacy,owner,weak_level_rejection,12,12,0,12,-25.794617149655622,"predeclared complete ready groups; existing13bps top quote diagnostic, not individual ledger or portfolio"
parallel_legacy,effect,new,11,10,1,9,-19.308009044780196,"predeclared complete ready groups; existing13bps top quote diagnostic, not individual ledger or portfolio"
parallel_legacy,coverage,quote_gap,1,0,0,0,,"predeclared complete ready groups; existing13bps top quote diagnostic, not individual ledger or portfolio"
parallel_quote_tape,owner,level_breakout,25,24,7,17,-2.9955593933269835,"predeclared complete ready groups; existing13bps top quote diagnostic, not individual ledger or portfolio"
parallel_quote_tape,side,long,24,23,5,18,-7.0116603531004795,"predeclared complete ready groups; existing13bps top quote diagnostic, not individual ledger or portfolio"
parallel_quote_tape,effect,retained,26,26,6,20,-7.244182337996658,"predeclared complete ready groups; existing13bps top quote diagnostic, not individual ledger or portfolio"
parallel_quote_tape,coverage,covered_top_of_book,35,35,7,28,-10.22513858480334,"predeclared complete ready groups; existing13bps top quote diagnostic, not individual ledger or portfolio"
parallel_quote_tape,side,short,12,12,2,10,-16.384305195567155,"predeclared complete ready groups; existing13bps top quote diagnostic, not individual ledger or portfolio"
parallel_quote_tape,owner,weak_level_rejection,11,11,0,11,-25.99876591166084,"predeclared complete ready groups; existing13bps top quote diagnostic, not individual ledger or portfolio"
parallel_quote_tape,effect,new,10,9,1,8,-18.836789964467087,"predeclared complete ready groups; existing13bps top quote diagnostic, not individual ledger or portfolio"
parallel_quote_tape,coverage,quote_gap,1,0,0,0,,"predeclared complete ready groups; existing13bps top quote diagnostic, not individual ledger or portfolio"
