identity,effect,single_net,parallel_net,delta_usdt,quantity_contribution_usdt,per_unit_path_contribution_usdt,unmatched_contribution_usdt,same_entry_time,mapping,interpretation
"[""ENAUSDT"", ""weak_level_rejection"", ""S:support:-2198:g1"", ""[\""structural_level\"",\""S:support:-2198:g1\""]:failed:quote:1790455207728:5"", ""long""]",retained,-7.036984945731149,-7.036984945731149,0.0,-0.0,0.0,0,True,exact symbol/owner/object/episode/side; unmatched episode may share economic excursion,"size/path is algebra, not independent causal portfolio interventions"
"[""ETHUSDT"", ""weak_level_rejection"", ""S:day_low:2026-09-26:g1"", ""[\""structural_level\"",\""S:day_low:2026-09-26:g1\""]:failed:quote:1790455274457:7"", ""long""]",retained,-8.425861547260759,-8.058923172092122,0.3669383751686368,-0.0,0.3669383751686368,0,False,exact symbol/owner/object/episode/side; unmatched episode may share economic excursion,"size/path is algebra, not independent causal portfolio interventions"
"[""XRPUSDT"", ""weak_level_rejection"", ""S:day_low:2026-09-26:g1"", ""[\""structural_level\"",\""S:day_low:2026-09-26:g1\""]:failed:quote:1790455238117:11"", ""long""]",retained,-9.08097398348157,-9.08097398348157,0.0,-0.0,0.0,0,True,exact symbol/owner/object/episode/side; unmatched episode may share economic excursion,"size/path is algebra, not independent causal portfolio interventions"
"[""ZECUSDT"", ""level_breakout"", ""R:day_high:2026-09-26:g1"", ""[\""structural_level\"",\""R:day_high:2026-09-26:g1\""]:cross:quote:1790456973024:4"", ""long""]",new,0,-0.33154152383903046,-0.33154152383903046,0,0,-0.33154152383903046,False,exact symbol/owner/object/episode/side; unmatched episode may share economic excursion,"size/path is algebra, not independent causal portfolio interventions"
"[""ZECUSDT"", ""level_breakout"", ""R:day_high:2026-09-26:g1"", ""[\""structural_level\"",\""R:day_high:2026-09-26:g1\""]:cross:quote:1790457439514:8"", ""long""]",new,0,-1.450048017948406,-1.450048017948406,0,0,-1.450048017948406,False,exact symbol/owner/object/episode/side; unmatched episode may share economic excursion,"size/path is algebra, not independent causal portfolio interventions"
"[""ZECUSDT"", ""level_breakout"", ""R:resistance:12273:g1"", ""[\""structural_level\"",\""R:resistance:12273:g1\""]:cross:quote:1790454314606:2"", ""long""]",retained,0.3418144027234109,0.3418144027234109,0.0,0.0,0.0,0,True,exact symbol/owner/object/episode/side; unmatched episode may share economic excursion,"size/path is algebra, not independent causal portfolio interventions"
"[""ZECUSDT"", ""weak_level_rejection"", ""R:day_high:2026-09-26:g1"", ""[\""structural_level\"",\""R:day_high:2026-09-26:g1\""]:failed:quote:1790456944082:3"", ""short""]",new,0,-11.223909135755429,-11.223909135755429,0,0,-11.223909135755429,False,exact symbol/owner/object/episode/side; unmatched episode may share economic excursion,"size/path is algebra, not independent causal portfolio interventions"
"[""ZECUSDT"", ""weak_level_rejection"", ""R:day_high:2026-09-26:g1"", ""[\""structural_level\"",\""R:day_high:2026-09-26:g1\""]:failed:quote:1790457899850:23"", ""short""]",new,0,-6.365810372716374,-6.365810372716374,0,0,-6.365810372716374,False,exact symbol/owner/object/episode/side; unmatched episode may share economic excursion,"size/path is algebra, not independent causal portfolio interventions"
"[""ZECUSDT"", ""weak_level_rejection"", ""R:resistance:12287:g1"", ""[\""structural_level\"",\""R:resistance:12287:g1\""]:failed:quote:1790456939576:2"", ""short""]",disappeared,-10.165085331358451,0,10.165085331358451,0,0,10.165085331358451,False,exact symbol/owner/object/episode/side; unmatched episode may share economic excursion,"size/path is algebra, not independent causal portfolio interventions"
