execution,variant,identity,routing_effect,symbol,side,strategy,object,episode,ready_sequence,fill_sequence,exit_sequence,ready_mono_ns,fill_mono_ns,exit_mono_ns,source,source_open_line,source_close_line,regime,flow_class,liquidity_state,trigger,attack_absorbed,flow_reversed,micro_response_bps,post_absorption_tape_bps,tape_aligned,signed_flow5,signed_move5_bps,market_wait_ms,ready_to_admission_ms,admission_to_send_ms,send_to_fill_logical_ms,historical_parse_to_strategy_ms,timing_scope,entry,initial_stop,final_stop,target,first_take,target_source,target_impulse_bps,target_bps,stop_bps,quantity,notional,gross,fees,funding,net,fee_bps,net_breakeven_taker_fill,breakeven_move_bps,actual_mfe_bps,actual_mae_bps,duration_s,partial_planned,partial_taken,partial_net_at_trigger,plan_net_at_target,plan_loss_at_stop,exit_reason,risk_scale,execution_modes,embedded_entry_slippage_usdt,actual_exit_quality,main_cause,secondary_factors,mapping,unique_execution_id,annotation_evidence,same_execution_in_variants
single_legacy-01,single_legacy,"[""ZECUSDT"", ""level_breakout"", ""R:resistance:12273:g1"", ""[\""structural_level\"",\""R:resistance:12273:g1\""]:cross:quote:1790454314606:2"", ""long""]",retained,ZECUSDT,long,level_breakout,R:resistance:12273:g1,"[""structural_level"",""R:resistance:12273:g1""]:cross:quote:1790454314606:2",9504989,9504989,9601506,561484746189101,561484746189101,561508139911800,G:\scalp-bot\data\pr58-completion\A\A.jsonl,5041,5082,bullish_impulse,strongly_aligned,removed,breakout_sustained_price_response,,,,,,0.7723058037947492,4.823620508003344,93259.5883969916,0.0,0.0,0.0,19.202301000000002,logical scheduler intervals; historical receipt trace separate; wall/exchange drift not processing lag,1576.5284627706421,1572.63,1578.57919592694,1587.83,1578.69,liquidity_ladder,20.12027527518297,71.68622385349202,24.72814708204343,1.09,1718.41602442,2.052519845000161,1.7107054422767503,0.0,0.3418144027234109,9.955129712283426,1578.2635984042886,11.006053329332646,12.188408105115576,1.3222899272991275,23.393722772598267,True,True,0.3200369299807571,8.039215002602427,6.418804404508761,stop,0.85,"{""name"": ""breakout_confirmation"", ""entry"": ""taker_market"", ""target_exit"": ""maker_limit"", ""stop_exit"": ""taker_market"", ""partial_exit"": ""maker_limit"", ""passive_entry_eligible"": false, ""baseEntry"": ""taker_market""}",0.17182442025791034,observed_depth,positive_control,"Aligned breakout; genuine post-entry partial pays, total net positive.",exact identity; see reconciliation uncertainty,5f6ebb749df9,ATTRIBUTION_NOTES.md + local trade-evidence.json + raw source sequence,single_legacy-01 | parallel_legacy-01 | parallel_quote_tape-01
single_legacy-02,single_legacy,"[""ENAUSDT"", ""weak_level_rejection"", ""S:support:-2198:g1"", ""[\""structural_level\"",\""S:support:-2198:g1\""]:failed:quote:1790455207728:5"", ""long""]",retained,ENAUSDT,long,weak_level_rejection,S:support:-2198:g1,"[""structural_level"",""S:support:-2198:g1""]:failed:quote:1790455207728:5",12420367,12420367,12501442,562381670307600,562381670307600,562393953031500,G:\scalp-bot\data\pr58-completion\A\A.jsonl,6377,6435,bearish_trend,opposed,lost_significance,rejection_absorption_micro_response,True,False,4.1073128838916215,1.493205913094837,False,-0.28462981425153006,12.706480304955788,9446.702699060552,0.0,0.0,0.0,102.11290000000001,logical scheduler intervals; historical receipt trace separate; wall/exchange drift not processing lag,0.2680265102443067,0.26749,0.26749,0.26948,0.26856,liquidity_ladder,31.01354507239598,54.22932807536303,20.01705890277965,7904.0,2118.481536971,-4.709245340000049,2.3277396057311,0.0,-7.036984945731149,10.987773861174627,0.26832150165084906,11.006053329332696,0.0,20.39015632478074,12.282723665237427,True,False,0.7880962101929009,7.716145332109538,6.779893325437593,stop,0.85,"{""name"": ""rejection_confirmation"", ""entry"": ""taker_market"", ""target_exit"": ""maker_limit"", ""stop_exit"": ""taker_market"", ""partial_exit"": ""maker_limit"", ""passive_entry_eligible"": false, ""baseEntry"": ""taker_market""}",0.21182697211626866,observed_depth,unconfirmed_direction_reversal,Reclaim/absorption within bearish trend and opposed flow; no durable executable rebound.,exact identity; see reconciliation uncertainty,7ad6f61f0f48,ATTRIBUTION_NOTES.md + local trade-evidence.json + raw source sequence,single_legacy-02 | parallel_legacy-02 | parallel_quote_tape-02
single_legacy-03,single_legacy,"[""XRPUSDT"", ""weak_level_rejection"", ""S:day_low:2026-09-26:g1"", ""[\""structural_level\"",\""S:day_low:2026-09-26:g1\""]:failed:quote:1790455238117:11"", ""long""]",retained,XRPUSDT,long,weak_level_rejection,S:day_low:2026-09-26:g1,"[""structural_level"",""S:day_low:2026-09-26:g1""]:failed:quote:1790455238117:11",12612153,12623897,12634139,562407288136701,562408584214600,562409264389300,G:\scalp-bot\data\pr58-completion\A\A.jsonl,6539,6542,bearish_impulse,mixed,unknown,rejection_absorption_micro_response,False,False,2.6457651222009853,2.6456776241812023,True,-0.4012926571588858,5.954743946009665,2059.8688010359183,1296.0778990527615,0.0,0.0,,logical scheduler intervals; historical receipt trace separate; wall/exchange drift not processing lag,1.5124512299999997,1.5115,1.5115,1.5165,1.5165,liquidity_ladder,13.884756520878131,26.769590448217343,6.289326763942244,3283.7,4966.436103950999,-3.6198852059987696,5.4610887774828,0.0,-9.08097398348157,10.995991216192806,1.514115841889539,11.006053329331944,0.0,6.289326763942244,0.6801748275756836,False,False,-0.18299223725176306,9.567459981827064,9.080973983482298,stop,1.0,"{""name"": ""rejection_confirmation"", ""entry"": ""taker_market"", ""target_exit"": ""maker_limit"", ""stop_exit"": ""taker_market"", ""partial_exit"": ""maker_limit"", ""passive_entry_eligible"": false, ""baseEntry"": ""taker_market""}",0.4965939509998249,observed_depth,unconfirmed_direction_reversal,Bearish impulse; 6.289bps stop narrower than round-trip fees; partial disabled as unprofitable.,exact identity; see reconciliation uncertainty,3e2ccc4bc874,ATTRIBUTION_NOTES.md + local trade-evidence.json + raw source sequence,single_legacy-03 | parallel_legacy-03 | parallel_quote_tape-03
single_legacy-04,single_legacy,"[""ETHUSDT"", ""weak_level_rejection"", ""S:day_low:2026-09-26:g1"", ""[\""structural_level\"",\""S:day_low:2026-09-26:g1\""]:failed:quote:1790455274457:7"", ""long""]",retained,ETHUSDT,long,weak_level_rejection,S:day_low:2026-09-26:g1,"[""structural_level"",""S:day_low:2026-09-26:g1""]:failed:quote:1790455274457:7",12962354,12962354,13484054,562458215265600,562458215265601,562560465521600,G:\scalp-bot\data\pr58-completion\A\A.jsonl,6717,6952,bearish_impulse,short_term_reversal,unknown,rejection_absorption_micro_response,True,False,2.09801082348948,2.060542484640274,True,0.9659349194121841,4.796756193624812,1733.110200962983,0.0,0.0,0.0,95.645301,logical scheduler intervals; historical receipt trace separate; wall/exchange drift not processing lag,2670.0362704076088,2668.67,2668.67,2677.86,2677.86,liquidity_ladder,3.7839123780773543,29.301959973738484,5.117048119350475,1.84,4912.86673755,-3.0233709900002577,5.4024905572605,0.0,-8.425861547260759,10.99661530806079,2672.9749265659448,11.006053329333236,6.193659654439233,5.154500794098941,102.25025606155396,False,False,-0.35281660032949,10.707967385568434,8.407639385027338,stop,0.65,"{""name"": ""rejection_confirmation"", ""entry"": ""taker_market"", ""target_exit"": ""maker_limit"", ""stop_exit"": ""taker_market"", ""partial_exit"": ""maker_limit"", ""passive_entry_eligible"": false, ""baseEntry"": ""taker_market""}",0.49123756657678314,observed_depth,unreliable_data,ETH gap prevents full-path conclusion; observed favorable move below taker break-even; target beyond frozen movement scale.,exact identity; see reconciliation uncertainty,182ccae0dbd9,ATTRIBUTION_NOTES.md + local trade-evidence.json + raw source sequence,single_legacy-04
single_legacy-05,single_legacy,"[""ZECUSDT"", ""weak_level_rejection"", ""R:resistance:12287:g1"", ""[\""structural_level\"",\""R:resistance:12287:g1\""]:failed:quote:1790456939576:2"", ""short""]",disappeared,ZECUSDT,short,weak_level_rejection,R:resistance:12287:g1,"[""structural_level"",""R:resistance:12287:g1""]:failed:quote:1790456939576:2",19305694,19305694,19314892,564113161607400,564113161607400,564115501227900,G:\scalp-bot\data\pr58-completion\A\A.jsonl,9524,9529,bullish_impulse,opposed,removed,rejection_absorption_micro_response,True,False,4.534790344674298,-0.6930399884081333,False,-0.79119151510064,10.25976723546549,25985.13189808,0.0,0.0,0.0,0.3934,logical scheduler intervals; historical receipt trace separate; wall/exchange drift not processing lag,1586.8413,1588.8,1588.8,1578.13,1584.89,liquidity_ladder,35.52632822170004,54.89710911859893,12.343389348386054,2.49,3951.2348370000004,-5.81552846999995,4.349556861358501,0.0,-10.165085331358451,11.008095040640331,1585.0967340812554,10.993953325670839,0.0,12.343389348386054,2.339620351791382,True,False,0.5688847858949599,13.68131915564985,9.622032546509658,stop,1.0,"{""name"": ""rejection_confirmation"", ""entry"": ""taker_market"", ""target_exit"": ""maker_limit"", ""stop_exit"": ""taker_market"", ""partial_exit"": ""maker_limit"", ""passive_entry_eligible"": false, ""baseEntry"": ""taker_market""}",0.3951629999998841,observed_depth,unconfirmed_direction_reversal,"Bullish impulse/opposed flow; brief short response fails. Nearby single/parallel objects differ, not independent opportunities.",exact identity; see reconciliation uncertainty,7c9ada87440a,ATTRIBUTION_NOTES.md + local trade-evidence.json + raw source sequence,single_legacy-05
parallel_legacy-01,parallel_legacy,"[""ZECUSDT"", ""level_breakout"", ""R:resistance:12273:g1"", ""[\""structural_level\"",\""R:resistance:12273:g1\""]:cross:quote:1790454314606:2"", ""long""]",retained,ZECUSDT,long,level_breakout,R:resistance:12273:g1,"[""structural_level"",""R:resistance:12273:g1""]:cross:quote:1790454314606:2",9504989,9504989,9601506,561484746189101,561484746189101,561508139911800,G:\scalp-bot\data\pr58-completion\B\B.jsonl,5116,5157,bullish_impulse,strongly_aligned,removed,breakout_sustained_price_response,,,,,,0.7723058037947492,4.823620508003344,93259.5883969916,0.0,0.0,0.0,19.202301000000002,logical scheduler intervals; historical receipt trace separate; wall/exchange drift not processing lag,1576.5284627706421,1572.63,1578.57919592694,1587.83,1578.69,liquidity_ladder,20.12027527518297,71.68622385349202,24.72814708204343,1.09,1718.41602442,2.052519845000161,1.7107054422767503,0.0,0.3418144027234109,9.955129712283426,1578.2635984042886,11.006053329332646,12.188408105115576,1.3222899272991275,23.393722772598267,True,True,0.3200369299807571,8.039215002602427,6.418804404508761,stop,0.85,"{""name"": ""breakout_confirmation"", ""entry"": ""taker_market"", ""target_exit"": ""maker_limit"", ""stop_exit"": ""taker_market"", ""partial_exit"": ""maker_limit"", ""passive_entry_eligible"": false, ""baseEntry"": ""taker_market""}",0.17182442025791034,observed_depth,positive_control,"Aligned breakout; genuine post-entry partial pays, total net positive.",exact identity; see reconciliation uncertainty,5f6ebb749df9,ATTRIBUTION_NOTES.md + local trade-evidence.json + raw source sequence,single_legacy-01 | parallel_legacy-01 | parallel_quote_tape-01
parallel_legacy-02,parallel_legacy,"[""ENAUSDT"", ""weak_level_rejection"", ""S:support:-2198:g1"", ""[\""structural_level\"",\""S:support:-2198:g1\""]:failed:quote:1790455207728:5"", ""long""]",retained,ENAUSDT,long,weak_level_rejection,S:support:-2198:g1,"[""structural_level"",""S:support:-2198:g1""]:failed:quote:1790455207728:5",12420367,12420367,12501442,562381670307600,562381670307600,562393953031500,G:\scalp-bot\data\pr58-completion\B\B.jsonl,6531,6601,bearish_trend,opposed,lost_significance,rejection_absorption_micro_response,True,False,4.1073128838916215,1.493205913094837,False,-0.28462981425153006,12.706480304955788,9446.702699060552,0.0,0.0,0.0,102.11290000000001,logical scheduler intervals; historical receipt trace separate; wall/exchange drift not processing lag,0.2680265102443067,0.26749,0.26749,0.26948,0.26856,liquidity_ladder,31.01354507239598,54.22932807536303,20.01705890277965,7904.0,2118.481536971,-4.709245340000049,2.3277396057311,0.0,-7.036984945731149,10.987773861174627,0.26832150165084906,11.006053329332696,0.0,20.39015632478074,12.282723665237427,True,False,0.7880962101929009,7.716145332109538,6.779893325437593,stop,0.85,"{""name"": ""rejection_confirmation"", ""entry"": ""taker_market"", ""target_exit"": ""maker_limit"", ""stop_exit"": ""taker_market"", ""partial_exit"": ""maker_limit"", ""passive_entry_eligible"": false, ""baseEntry"": ""taker_market""}",0.21182697211626866,observed_depth,unconfirmed_direction_reversal,Reclaim/absorption within bearish trend and opposed flow; no durable executable rebound.,exact identity; see reconciliation uncertainty,7ad6f61f0f48,ATTRIBUTION_NOTES.md + local trade-evidence.json + raw source sequence,single_legacy-02 | parallel_legacy-02 | parallel_quote_tape-02
parallel_legacy-03,parallel_legacy,"[""XRPUSDT"", ""weak_level_rejection"", ""S:day_low:2026-09-26:g1"", ""[\""structural_level\"",\""S:day_low:2026-09-26:g1\""]:failed:quote:1790455238117:11"", ""long""]",retained,XRPUSDT,long,weak_level_rejection,S:day_low:2026-09-26:g1,"[""structural_level"",""S:day_low:2026-09-26:g1""]:failed:quote:1790455238117:11",12612153,12623897,12634139,562407288136701,562408584214600,562409264389300,G:\scalp-bot\data\pr58-completion\B\B.jsonl,6727,6732,bearish_impulse,mixed,unknown,rejection_absorption_micro_response,False,False,2.6457651222009853,2.6456776241812023,True,-0.4012926571588858,5.954743946009665,761.342899990268,1296.0778990527615,0.0,0.0,,logical scheduler intervals; historical receipt trace separate; wall/exchange drift not processing lag,1.5124512299999997,1.5115,1.5115,1.5165,1.5165,liquidity_ladder,13.89026689155811,26.769590448217343,6.289326763942244,3283.7,4966.436103950999,-3.6198852059987696,5.4610887774828,0.0,-9.08097398348157,10.995991216192806,1.514115841889539,11.006053329331944,0.0,6.289326763942244,0.6801748275756836,False,False,-0.18299223725176306,9.567459981827064,9.080973983482298,stop,1.0,"{""name"": ""rejection_confirmation"", ""entry"": ""taker_market"", ""target_exit"": ""maker_limit"", ""stop_exit"": ""taker_market"", ""partial_exit"": ""maker_limit"", ""passive_entry_eligible"": false, ""baseEntry"": ""taker_market""}",0.4965939509998249,observed_depth,unconfirmed_direction_reversal,Bearish impulse; 6.289bps stop narrower than round-trip fees; partial disabled as unprofitable.,exact identity; see reconciliation uncertainty,3e2ccc4bc874,ATTRIBUTION_NOTES.md + local trade-evidence.json + raw source sequence,single_legacy-03 | parallel_legacy-03 | parallel_quote_tape-03
parallel_legacy-04,parallel_legacy,"[""ETHUSDT"", ""weak_level_rejection"", ""S:day_low:2026-09-26:g1"", ""[\""structural_level\"",\""S:day_low:2026-09-26:g1\""]:failed:quote:1790455274457:7"", ""long""]",retained,ETHUSDT,long,weak_level_rejection,S:day_low:2026-09-26:g1,"[""structural_level"",""S:day_low:2026-09-26:g1""]:failed:quote:1790455274457:7",12959241,12959241,13484054,562457768286804,562457768286804,562560465521600,G:\scalp-bot\data\pr58-completion\B\B.jsonl,6927,7174,bearish_impulse,short_term_reversal,unknown,rejection_absorption_micro_response,True,False,1.648480307216989,1.5360810451340117,True,0.964625337053213,5.02211228543642,2093.5302019352093,0.0,0.0,0.0,60.161404000000005,logical scheduler intervals; historical receipt trace separate; wall/exchange drift not processing lag,2669.836957,2668.67,2668.67,2677.86,2677.86,liquidity_ladder,3.7840116142938913,30.050685226169577,4.370892375807019,1.84,4912.50000088,-2.656634320000121,5.402288852092001,0.0,-8.058923172092122,10.997025651143536,2672.775393792936,11.006053329330872,6.940659785016493,4.408347846539041,102.6972348690033,False,False,-0.46344116414519115,11.075071639516263,8.040535131079507,stop,0.85,"{""name"": ""rejection_confirmation"", ""entry"": ""taker_market"", ""target_exit"": ""maker_limit"", ""stop_exit"": ""taker_market"", ""partial_exit"": ""maker_limit"", ""passive_entry_eligible"": false, ""baseEntry"": ""taker_market""}",0.49120087999966927,observed_depth,unreliable_data,ETH gap prevents full-path conclusion; observed favorable move below taker break-even; target beyond frozen movement scale.,exact identity; see reconciliation uncertainty,1717bd7a27d9,ATTRIBUTION_NOTES.md + local trade-evidence.json + raw source sequence,parallel_legacy-04 | parallel_quote_tape-04
parallel_legacy-05,parallel_legacy,"[""ZECUSDT"", ""weak_level_rejection"", ""R:day_high:2026-09-26:g1"", ""[\""structural_level\"",\""R:day_high:2026-09-26:g1\""]:failed:quote:1790456944082:3"", ""short""]",new,ZECUSDT,short,weak_level_rejection,R:day_high:2026-09-26:g1,"[""structural_level"",""R:day_high:2026-09-26:g1""]:failed:quote:1790456944082:3",19305465,19305465,19314892,564113098226603,564113098226603,564115501227900,G:\scalp-bot\data\pr58-completion\B\B.jsonl,9831,9836,bullish_impulse,opposed,removed,rejection_absorption_micro_response,True,False,5.353133629959341,-1.9528666192109965,True,-0.79119151510064,10.25976723546549,25971.751102013513,0.0,0.0,0.0,41.625603,logical scheduler intervals; historical receipt trace separate; wall/exchange drift not processing lag,1586.7747140666665,1588.57,1588.57,1578.13,1584.98,liquidity_ladder,35.51894501176155,54.479782101589755,11.314056856454055,2.7,4284.29172798,-6.507609049999928,4.716300085755501,0.0,-11.223909135755429,11.008354204626462,1585.0302213521861,10.993953325671264,0.0,12.763537982924506,2.403001308441162,True,False,0.4896809762866737,14.581359220955406,9.993017131688926,stop,1.0,"{""name"": ""rejection_confirmation"", ""entry"": ""taker_market"", ""target_exit"": ""maker_limit"", ""stop_exit"": ""taker_market"", ""partial_exit"": ""maker_limit"", ""passive_entry_eligible"": false, ""baseEntry"": ""taker_market""}",0.4284718990806596,observed_depth,unconfirmed_direction_reversal,"Bullish impulse/opposed flow; brief short response fails. Nearby single/parallel objects differ, not independent opportunities.",exact identity; see reconciliation uncertainty,4c53bf8d95da,ATTRIBUTION_NOTES.md + local trade-evidence.json + raw source sequence,parallel_legacy-05
parallel_legacy-06,parallel_legacy,"[""ZECUSDT"", ""level_breakout"", ""R:day_high:2026-09-26:g1"", ""[\""structural_level\"",\""R:day_high:2026-09-26:g1\""]:cross:quote:1790456973024:4"", ""long""]",new,ZECUSDT,long,level_breakout,R:day_high:2026-09-26:g1,"[""structural_level"",""R:day_high:2026-09-26:g1""]:cross:quote:1790456973024:4",19415233,19420876,19588124,564145889294501,564147165517701,564196485564900,G:\scalp-bot\data\pr58-completion\B\B.jsonl,9888,9973,bullish_impulse,aligned,removed,breakout_sustained_price_response,,,,,,0.35459769322122403,2.830206479286319,4582.262599025853,1276.2231999076903,0.0,0.0,2.1646009999999998,logical scheduler intervals; historical receipt trace separate; wall/exchange drift not processing lag,1590.5996711254124,1589.04,1592.6687079750488,1596.81,1592.15,liquidity_ladder,35.48040085304006,39.043946678257825,9.805554180134772,3.03,4819.517003509999,4.46584087000047,4.7973823938395,0.0,-0.33154152383903046,9.954072971099846,1592.350293606015,11.006053329332406,10.061166889688261,7.353648731643391,49.32004714012146,True,True,0.3245229955874013,10.96362654662436,10.506063247859391,stop,1.0,"{""name"": ""breakout_confirmation"", ""entry"": ""taker_market"", ""target_exit"": ""maker_limit"", ""stop_exit"": ""taker_market"", ""partial_exit"": ""maker_limit"", ""passive_entry_eligible"": false, ""baseEntry"": ""taker_market""}",0.48190352758034577,observed_depth,insufficient_scale_relative_to_costs,Paid partial exists; runner stop above current executable quote causes immediate taker close; complete fees exceed gross.,exact identity; see reconciliation uncertainty,c68f1a609921,ATTRIBUTION_NOTES.md + local trade-evidence.json + raw source sequence,parallel_legacy-06 | parallel_quote_tape-06
parallel_legacy-07,parallel_legacy,"[""ZECUSDT"", ""level_breakout"", ""R:day_high:2026-09-26:g1"", ""[\""structural_level\"",\""R:day_high:2026-09-26:g1\""]:cross:quote:1790457439514:8"", ""long""]",new,ZECUSDT,long,level_breakout,R:day_high:2026-09-26:g1,"[""structural_level"",""R:day_high:2026-09-26:g1""]:cross:quote:1790457439514:8",21024170,21024170,21025769,564618826303503,564618826303503,564618839351500,G:\scalp-bot\data\pr58-completion\B\B.jsonl,10763,10767,bullish_trend,strongly_aligned,removed,breakout_sustained_price_response,,,,,,0.9946808504147616,22.105467502457728,11045.742901973426,0.0,0.0,0.0,22.780303,logical scheduler intervals; historical receipt trace separate; wall/exchange drift not processing lag,1597.9735830330578,1595.41,1600.0522117968258,1616.27,1600.53,liquidity_ladder,37.655697852185526,114.49761849137938,16.042712221762088,1.21,1933.5480354699998,0.47376805699994384,1.9238160749483497,0.0,-1.450048017948406,9.94966786269013,1599.7323212804304,11.006053329331944,0.0,2.3378548746020384,0.013047933578491211,True,True,0.4925422612271298,14.970921181423774,5.420747993040591,stop,0.65,"{""name"": ""breakout_confirmation"", ""entry"": ""taker_market"", ""target_exit"": ""maker_limit"", ""stop_exit"": ""taker_market"", ""partial_exit"": ""maker_limit"", ""passive_entry_eligible"": false, ""baseEntry"": ""taker_market""}",0.1933355376873851,observed_depth,confirmed_technical_defect,"Raw21025769 received22.575003ms before position, retrospectively fills maker partial. Old ledger is not post-fix PnL.",exact identity; see reconciliation uncertainty,d8cad663d27b,ATTRIBUTION_NOTES.md + local trade-evidence.json + raw source sequence,parallel_legacy-07 | parallel_quote_tape-07
parallel_legacy-08,parallel_legacy,"[""ZECUSDT"", ""weak_level_rejection"", ""R:day_high:2026-09-26:g1"", ""[\""structural_level\"",\""R:day_high:2026-09-26:g1\""]:failed:quote:1790457899850:23"", ""short""]",new,ZECUSDT,short,weak_level_rejection,R:day_high:2026-09-26:g1,"[""structural_level"",""R:day_high:2026-09-26:g1""]:failed:quote:1790457899850:23",23043398,23043398,23087765,565110620098205,565110620098205,565120751301100,G:\scalp-bot\data\pr58-completion\B\B.jsonl,11878,11901,bullish_impulse,mixed,unknown,rejection_absorption_micro_response,True,False,7.250725834214618,-0.06097486616011333,False,0.5064032746679709,2.682190862263736,47443.43619607389,0.0,0.0,0.0,48.826005,logical scheduler intervals; historical receipt trace separate; wall/exchange drift not processing lag,1639.7282107799997,1643.79,1643.79,1578.16,1635.67,liquidity_ladder,42.22823937448693,375.478145556283,24.771112634990395,1.0,1639.7282107799997,-4.559601560000374,1.806208812716,0.0,-6.365810372716374,11.01529388127565,1637.9255012383894,10.993953325671916,0.0,24.832098351612505,10.131202936172485,True,False,0.8483528365801087,43.092894188600354,6.19643944605173,stop,0.85,"{""name"": ""rejection_confirmation"", ""entry"": ""taker_market"", ""target_exit"": ""maker_limit"", ""stop_exit"": ""taker_market"", ""partial_exit"": ""maker_limit"", ""passive_entry_eligible"": false, ""baseEntry"": ""taker_market""}",0.1639890815624767,observed_depth,unconfirmed_direction_reversal,Bullish impulse/mixed flow; 375bps distant target versus42bps frozen impulse; no favorable book excursion before loss.,exact identity; see reconciliation uncertainty,48fa2064402c,ATTRIBUTION_NOTES.md + local trade-evidence.json + raw source sequence,parallel_legacy-08 | parallel_quote_tape-08
parallel_quote_tape-01,parallel_quote_tape,"[""ZECUSDT"", ""level_breakout"", ""R:resistance:12273:g1"", ""[\""structural_level\"",\""R:resistance:12273:g1\""]:cross:quote:1790454314606:2"", ""long""]",retained,ZECUSDT,long,level_breakout,R:resistance:12273:g1,"[""structural_level"",""R:resistance:12273:g1""]:cross:quote:1790454314606:2",9504989,9504989,9601506,561484746189101,561484746189101,561508139911800,G:\scalp-bot\data\pr58-completion\C\C.jsonl,5116,5157,bullish_impulse,strongly_aligned,removed,breakout_sustained_price_response,,,,,,0.7723058037947492,4.823620508003344,93259.5883969916,0.0,0.0,0.0,19.202301000000002,logical scheduler intervals; historical receipt trace separate; wall/exchange drift not processing lag,1576.5284627706421,1572.63,1578.57919592694,1587.83,1578.69,liquidity_ladder,20.12027527518297,71.68622385349202,24.72814708204343,1.09,1718.41602442,2.052519845000161,1.7107054422767503,0.0,0.3418144027234109,9.955129712283426,1578.2635984042886,11.006053329332646,12.188408105115576,1.3222899272991275,23.393722772598267,True,True,0.3200369299807571,8.039215002602427,6.418804404508761,stop,0.85,"{""name"": ""breakout_confirmation"", ""entry"": ""taker_market"", ""target_exit"": ""maker_limit"", ""stop_exit"": ""taker_market"", ""partial_exit"": ""maker_limit"", ""passive_entry_eligible"": false, ""baseEntry"": ""taker_market""}",0.17182442025791034,observed_depth,positive_control,"Aligned breakout; genuine post-entry partial pays, total net positive.",exact identity; see reconciliation uncertainty,5f6ebb749df9,ATTRIBUTION_NOTES.md + local trade-evidence.json + raw source sequence,single_legacy-01 | parallel_legacy-01 | parallel_quote_tape-01
parallel_quote_tape-02,parallel_quote_tape,"[""ENAUSDT"", ""weak_level_rejection"", ""S:support:-2198:g1"", ""[\""structural_level\"",\""S:support:-2198:g1\""]:failed:quote:1790455207728:5"", ""long""]",retained,ENAUSDT,long,weak_level_rejection,S:support:-2198:g1,"[""structural_level"",""S:support:-2198:g1""]:failed:quote:1790455207728:5",12420367,12420367,12501442,562381670307600,562381670307600,562393953031500,G:\scalp-bot\data\pr58-completion\C\C.jsonl,6531,6601,bearish_trend,opposed,lost_significance,rejection_absorption_micro_response,True,False,4.1073128838916215,1.493205913094837,False,-0.28462981425153006,12.706480304955788,9446.702699060552,0.0,0.0,0.0,102.11290000000001,logical scheduler intervals; historical receipt trace separate; wall/exchange drift not processing lag,0.2680265102443067,0.26749,0.26749,0.26948,0.26856,liquidity_ladder,31.01354507239598,54.22932807536303,20.01705890277965,7904.0,2118.481536971,-4.709245340000049,2.3277396057311,0.0,-7.036984945731149,10.987773861174627,0.26832150165084906,11.006053329332696,0.0,20.39015632478074,12.282723665237427,True,False,0.7880962101929009,7.716145332109538,6.779893325437593,stop,0.85,"{""name"": ""rejection_confirmation"", ""entry"": ""taker_market"", ""target_exit"": ""maker_limit"", ""stop_exit"": ""taker_market"", ""partial_exit"": ""maker_limit"", ""passive_entry_eligible"": false, ""baseEntry"": ""taker_market""}",0.21182697211626866,observed_depth,unconfirmed_direction_reversal,Reclaim/absorption within bearish trend and opposed flow; no durable executable rebound.,exact identity; see reconciliation uncertainty,7ad6f61f0f48,ATTRIBUTION_NOTES.md + local trade-evidence.json + raw source sequence,single_legacy-02 | parallel_legacy-02 | parallel_quote_tape-02
parallel_quote_tape-03,parallel_quote_tape,"[""XRPUSDT"", ""weak_level_rejection"", ""S:day_low:2026-09-26:g1"", ""[\""structural_level\"",\""S:day_low:2026-09-26:g1\""]:failed:quote:1790455238117:11"", ""long""]",retained,XRPUSDT,long,weak_level_rejection,S:day_low:2026-09-26:g1,"[""structural_level"",""S:day_low:2026-09-26:g1""]:failed:quote:1790455238117:11",12612153,12623897,12634139,562407288136701,562408584214600,562409264389300,G:\scalp-bot\data\pr58-completion\C\C.jsonl,6721,6726,bearish_impulse,mixed,unknown,rejection_absorption_micro_response,False,False,2.6457651222009853,2.6456776241812023,True,-0.4012926571588858,5.954743946009665,2878.5070999292657,1296.0778990527615,0.0,0.0,,logical scheduler intervals; historical receipt trace separate; wall/exchange drift not processing lag,1.5124512299999997,1.5115,1.5115,1.5165,1.5165,liquidity_ladder,13.88842961542418,26.769590448217343,6.289326763942244,3283.7,4966.436103950999,-3.6198852059987696,5.4610887774828,0.0,-9.08097398348157,10.995991216192806,1.514115841889539,11.006053329331944,0.0,6.289326763942244,0.6801748275756836,False,False,-0.18299223725176306,9.567459981827064,9.080973983482298,stop,1.0,"{""name"": ""rejection_confirmation"", ""entry"": ""taker_market"", ""target_exit"": ""maker_limit"", ""stop_exit"": ""taker_market"", ""partial_exit"": ""maker_limit"", ""passive_entry_eligible"": false, ""baseEntry"": ""taker_market""}",0.4965939509998249,observed_depth,unconfirmed_direction_reversal,Bearish impulse; 6.289bps stop narrower than round-trip fees; partial disabled as unprofitable.,exact identity; see reconciliation uncertainty,3e2ccc4bc874,ATTRIBUTION_NOTES.md + local trade-evidence.json + raw source sequence,single_legacy-03 | parallel_legacy-03 | parallel_quote_tape-03
parallel_quote_tape-04,parallel_quote_tape,"[""ETHUSDT"", ""weak_level_rejection"", ""S:day_low:2026-09-26:g1"", ""[\""structural_level\"",\""S:day_low:2026-09-26:g1\""]:failed:quote:1790455274457:7"", ""long""]",retained,ETHUSDT,long,weak_level_rejection,S:day_low:2026-09-26:g1,"[""structural_level"",""S:day_low:2026-09-26:g1""]:failed:quote:1790455274457:7",12959241,12959241,13484054,562457768286804,562457768286804,562560465521600,G:\scalp-bot\data\pr58-completion\C\C.jsonl,6921,7168,bearish_impulse,short_term_reversal,unknown,rejection_absorption_micro_response,True,False,1.648480307216989,1.5360810451340117,True,0.964625337053213,5.02211228543642,2093.5302019352093,0.0,0.0,0.0,60.161404000000005,logical scheduler intervals; historical receipt trace separate; wall/exchange drift not processing lag,2669.836957,2668.67,2668.67,2677.86,2677.86,liquidity_ladder,3.7840116142938913,30.050685226169577,4.370892375807019,1.84,4912.50000088,-2.656634320000121,5.402288852092001,0.0,-8.058923172092122,10.997025651143536,2672.775393792936,11.006053329330872,6.940659785016493,4.408347846539041,102.6972348690033,False,False,-0.46344116414519115,11.075071639516263,8.040535131079507,stop,0.85,"{""name"": ""rejection_confirmation"", ""entry"": ""taker_market"", ""target_exit"": ""maker_limit"", ""stop_exit"": ""taker_market"", ""partial_exit"": ""maker_limit"", ""passive_entry_eligible"": false, ""baseEntry"": ""taker_market""}",0.49120087999966927,observed_depth,unreliable_data,ETH gap prevents full-path conclusion; observed favorable move below taker break-even; target beyond frozen movement scale.,exact identity; see reconciliation uncertainty,1717bd7a27d9,ATTRIBUTION_NOTES.md + local trade-evidence.json + raw source sequence,parallel_legacy-04 | parallel_quote_tape-04
parallel_quote_tape-05,parallel_quote_tape,"[""ZECUSDT"", ""weak_level_rejection"", ""R:day_high:2026-09-26:g1"", ""[\""structural_level\"",\""R:day_high:2026-09-26:g1\""]:failed:quote:1790456944082:3"", ""short""]",new,ZECUSDT,short,weak_level_rejection,R:day_high:2026-09-26:g1,"[""structural_level"",""R:day_high:2026-09-26:g1""]:failed:quote:1790456944082:3",19306956,19306956,19314892,564113494248000,564113494248000,564115501227900,G:\scalp-bot\data\pr58-completion\C\C.jsonl,9826,9831,bullish_impulse,opposed,removed,rejection_absorption_micro_response,True,False,5.353133629959341,-2.519827895755293,True,-0.791270225324419,10.889132268338546,26367.77249898296,0.0,0.0,0.0,0.136,logical scheduler intervals; historical receipt trace separate; wall/exchange drift not processing lag,1586.8413000000003,1588.57,1588.57,1578.13,1585.12,liquidity_ladder,35.51894501176155,54.89710911860035,10.89396904403523,2.82,4474.892466,-6.621540590000058,4.9260235599245,0.0,-11.547564149924558,11.008138401877073,1585.0967340812556,10.993953325670837,0.0,12.34338934838462,2.0069801807403564,True,False,0.4496602391101316,15.299887115700006,10.248220053506401,stop,1.0,"{""name"": ""rejection_confirmation"", ""entry"": ""taker_market"", ""target_exit"": ""maker_limit"", ""stop_exit"": ""taker_market"", ""partial_exit"": ""maker_limit"", ""passive_entry_eligible"": false, ""baseEntry"": ""taker_market""}",0.44753399999986865,observed_depth,unconfirmed_direction_reversal,"Bullish impulse/opposed flow; brief short response fails. Nearby single/parallel objects differ, not independent opportunities.",exact identity; see reconciliation uncertainty,d30897771fb4,ATTRIBUTION_NOTES.md + local trade-evidence.json + raw source sequence,parallel_quote_tape-05
parallel_quote_tape-06,parallel_quote_tape,"[""ZECUSDT"", ""level_breakout"", ""R:day_high:2026-09-26:g1"", ""[\""structural_level\"",\""R:day_high:2026-09-26:g1\""]:cross:quote:1790456973024:4"", ""long""]",new,ZECUSDT,long,level_breakout,R:day_high:2026-09-26:g1,"[""structural_level"",""R:day_high:2026-09-26:g1""]:cross:quote:1790456973024:4",19415233,19420876,19588124,564145889294501,564147165517701,564196485564900,G:\scalp-bot\data\pr58-completion\C\C.jsonl,9883,9968,bullish_impulse,aligned,removed,breakout_sustained_price_response,,,,,,0.35459769322122403,2.830206479286319,4582.262599025853,1276.2231999076903,0.0,0.0,2.1646009999999998,logical scheduler intervals; historical receipt trace separate; wall/exchange drift not processing lag,1590.5996711254124,1589.04,1592.6687079750488,1596.81,1592.15,liquidity_ladder,35.48040085304006,39.043946678257825,9.805554180134772,3.03,4819.517003509999,4.46584087000047,4.7973823938395,0.0,-0.33154152383903046,9.954072971099846,1592.350293606015,11.006053329332406,10.061166889688261,7.353648731643391,49.32004714012146,True,True,0.32453804564605226,10.963676713486532,10.50601308099722,stop,1.0,"{""name"": ""breakout_confirmation"", ""entry"": ""taker_market"", ""target_exit"": ""maker_limit"", ""stop_exit"": ""taker_market"", ""partial_exit"": ""maker_limit"", ""passive_entry_eligible"": false, ""baseEntry"": ""taker_market""}",0.4819035225669131,observed_depth,insufficient_scale_relative_to_costs,Paid partial exists; runner stop above current executable quote causes immediate taker close; complete fees exceed gross.,exact identity; see reconciliation uncertainty,c68f1a609921,ATTRIBUTION_NOTES.md + local trade-evidence.json + raw source sequence,parallel_legacy-06 | parallel_quote_tape-06
parallel_quote_tape-07,parallel_quote_tape,"[""ZECUSDT"", ""level_breakout"", ""R:day_high:2026-09-26:g1"", ""[\""structural_level\"",\""R:day_high:2026-09-26:g1\""]:cross:quote:1790457439514:8"", ""long""]",new,ZECUSDT,long,level_breakout,R:day_high:2026-09-26:g1,"[""structural_level"",""R:day_high:2026-09-26:g1""]:cross:quote:1790457439514:8",21024170,21024170,21025769,564618826303503,564618826303503,564618839351500,G:\scalp-bot\data\pr58-completion\C\C.jsonl,10758,10762,bullish_trend,strongly_aligned,removed,breakout_sustained_price_response,,,,,,0.9946808504147616,22.105467502457728,11045.742901973426,0.0,0.0,0.0,22.780303,logical scheduler intervals; historical receipt trace separate; wall/exchange drift not processing lag,1597.9735830330578,1595.41,1600.0522117968258,1616.27,1600.53,liquidity_ladder,37.655697852185526,114.49761849137938,16.042712221762088,1.21,1933.5480354699998,0.47376805699994384,1.9238160749483497,0.0,-1.450048017948406,9.94966786269013,1599.7323212804304,11.006053329331944,0.0,2.3378548746020384,0.013047933578491211,True,True,0.4925508464600688,14.970949798866904,5.420719375597461,stop,0.65,"{""name"": ""breakout_confirmation"", ""entry"": ""taker_market"", ""target_exit"": ""maker_limit"", ""stop_exit"": ""taker_market"", ""partial_exit"": ""maker_limit"", ""passive_entry_eligible"": false, ""baseEntry"": ""taker_market""}",0.19333553482749039,observed_depth,confirmed_technical_defect,"Raw21025769 received22.575003ms before position, retrospectively fills maker partial. Old ledger is not post-fix PnL.",exact identity; see reconciliation uncertainty,d8cad663d27b,ATTRIBUTION_NOTES.md + local trade-evidence.json + raw source sequence,parallel_legacy-07 | parallel_quote_tape-07
parallel_quote_tape-08,parallel_quote_tape,"[""ZECUSDT"", ""weak_level_rejection"", ""R:day_high:2026-09-26:g1"", ""[\""structural_level\"",\""R:day_high:2026-09-26:g1\""]:failed:quote:1790457899850:23"", ""short""]",new,ZECUSDT,short,weak_level_rejection,R:day_high:2026-09-26:g1,"[""structural_level"",""R:day_high:2026-09-26:g1""]:failed:quote:1790457899850:23",23043398,23043398,23087765,565110620098205,565110620098205,565120751301100,G:\scalp-bot\data\pr58-completion\C\C.jsonl,11873,11896,bullish_impulse,mixed,unknown,rejection_absorption_micro_response,True,False,7.250725834214618,-0.06097486616011333,False,0.5064032746679709,2.682190862263736,47443.43619607389,0.0,0.0,0.0,48.826005,logical scheduler intervals; historical receipt trace separate; wall/exchange drift not processing lag,1639.7282107799997,1643.79,1643.79,1578.16,1635.67,liquidity_ladder,42.22823937448693,375.478145556283,24.771112634990395,1.0,1639.7282107799997,-4.559601560000374,1.806208812716,0.0,-6.365810372716374,11.01529388127565,1637.9255012383894,10.993953325671916,0.0,24.832098351612505,10.131202936172485,True,False,0.8483988658712014,43.09304761957066,6.196286016696434,stop,0.85,"{""name"": ""rejection_confirmation"", ""entry"": ""taker_market"", ""target_exit"": ""maker_limit"", ""stop_exit"": ""taker_market"", ""partial_exit"": ""maker_limit"", ""passive_entry_eligible"": false, ""baseEntry"": ""taker_market""}",0.1639890969154294,observed_depth,unconfirmed_direction_reversal,Bullish impulse/mixed flow; 375bps distant target versus42bps frozen impulse; no favorable book excursion before loss.,exact identity; see reconciliation uncertainty,48fa2064402c,ATTRIBUTION_NOTES.md + local trade-evidence.json + raw source sequence,parallel_legacy-08 | parallel_quote_tape-08
