execution,origin,horizon_s,status,entry,quote_count,observed_until_s,observed_mfe_bps,observed_mae_bps,mfe_first_s,mae_first_s,markout_bps,first_barrier,scope,first_take_first_s,stop_first_s
single_legacy-01,ready,5,covered,1576.37,151,4.990351098938845,5.328698211715179,-0.06343688347273106,4.457953498931602,0,4.2502711926773085,,top_quote_bound; no depth/fill guarantee; censored prefix extrema are not full-horizon extrema,,
single_legacy-01,ready,15,covered,1576.37,410,14.97370209894143,5.328698211715179,-0.31718441736365527,4.457953498931602,10.146617898950353,1.5224852033469878,,top_quote_bound; no depth/fill guarantee; censored prefix extrema are not full-horizon extrema,,
single_legacy-01,ready,30,covered,1576.37,959,29.993863699026406,15.542036450833534,-0.31718441736365527,23.57433479896281,10.146617898950353,10.34021200606526,,top_quote_bound; no depth/fill guarantee; censored prefix extrema are not full-horizon extrema,23.57433479896281,
single_legacy-01,ready,60,covered,1576.37,1849,59.97306759899948,15.986094635144093,-0.31718441736365527,45.733606399036944,10.146617898950353,15.605473334306264,,top_quote_bound; no depth/fill guarantee; censored prefix extrema are not full-horizon extrema,23.57433479896281,
single_legacy-01,ready,120,covered,1576.37,3751,119.95283489895519,26.643491058571566,-0.31718441736365527,75.61943489895202,10.146617898950353,11.101454607738031,,top_quote_bound; no depth/fill guarantee; censored prefix extrema are not full-horizon extrema,23.57433479896281,
single_legacy-01,fill,5,covered,1576.5284627706421,151,4.990351098938845,4.323025213005954,-1.0685678985216303,4.457953498931602,0,3.244706590700148,,top_quote_bound; no depth/fill guarantee; censored prefix extrema are not full-horizon extrema,,
single_legacy-01,fill,15,covered,1576.5284627706421,410,14.97370209894143,4.323025213005954,-1.3222899272991275,4.457953498931602,10.146617898950353,0.5171947813391691,,top_quote_bound; no depth/fill guarantee; censored prefix extrema are not full-horizon extrema,,
single_legacy-01,fill,30,covered,1576.5284627706421,959,29.993863699026406,14.535336871308866,-1.3222899272991275,23.57433479896281,10.146617898950353,9.334035281365848,,top_quote_bound; no depth/fill guarantee; censored prefix extrema are not full-horizon extrema,23.57433479896281,
single_legacy-01,fill,60,covered,1576.5284627706421,1849,59.97306759899948,14.97935042167093,-1.3222899272991275,45.733606399036944,10.146617898950353,14.598767378503242,,top_quote_bound; no depth/fill guarantee; censored prefix extrema are not full-horizon extrema,23.57433479896281,
single_legacy-01,fill,120,covered,1576.5284627706421,3751,119.95283489895519,25.635675630334465,-1.3222899272991275,75.61943489895202,10.146617898950353,10.09520136769834,,top_quote_bound; no depth/fill guarantee; censored prefix extrema are not full-horizon extrema,23.57433479896281,
single_legacy-02,ready,5,covered,0.26793,226,4.9882267999928445,1.4929272571188181,-4.105549957078304,4.761950699961744,2.933568899985403,1.4929272571188181,,top_quote_bound; no depth/fill guarantee; censored prefix extrema are not full-horizon extrema,,
single_legacy-02,ready,15,covered,0.26793,662,14.987017699982971,1.4929272571188181,-22.020677042510336,4.761950699961744,12.470073999953456,-18.661590713992478,stop,top_quote_bound; no depth/fill guarantee; censored prefix extrema are not full-horizon extrema,,12.282723899930716
single_legacy-02,ready,30,covered,0.26793,1406,29.991066099959426,1.4929272571188181,-55.98477214197743,4.761950699961744,27.557645899942145,-36.20348598514636,stop,top_quote_bound; no depth/fill guarantee; censored prefix extrema are not full-horizon extrema,,12.282723899930716
single_legacy-02,ready,60,covered,0.26793,2810,59.99259909999091,1.4929272571188181,-55.98477214197743,4.761950699961744,27.557645899942145,-34.71055872802547,stop,top_quote_bound; no depth/fill guarantee; censored prefix extrema are not full-horizon extrema,,12.282723899930716
single_legacy-02,ready,120,covered,0.26793,5586,119.99398219992872,1.4929272571188181,-55.98477214197743,4.761950699961744,27.557645899942145,-28.738849699548123,stop,top_quote_bound; no depth/fill guarantee; censored prefix extrema are not full-horizon extrema,,12.282723899930716
single_legacy-02,fill,5,covered,0.2680265102443067,226,4.9882267999928445,-2.1083826467458913,-7.704843976756053,4.761950699961744,2.933568899985403,-2.1083826467458913,,top_quote_bound; no depth/fill guarantee; censored prefix extrema are not full-horizon extrema,,
single_legacy-02,fill,15,covered,0.2680265102443067,662,14.987017699982971,-2.1083826467458913,-25.613520232789813,4.761950699961744,12.470073999953456,-22.25564343478413,stop,top_quote_bound; no depth/fill guarantee; censored prefix extrema are not full-horizon extrema,,12.282723899930716
single_legacy-02,fill,30,covered,0.2680265102443067,1406,29.991066099959426,-2.1083826467458913,-59.56538563485602,4.761950699961744,27.557645899942145,-39.79122226881887,stop,top_quote_bound; no depth/fill guarantee; censored prefix extrema are not full-horizon extrema,,12.282723899930716
single_legacy-02,fill,60,covered,0.2680265102443067,2810,59.99259909999091,-2.1083826467458913,-59.56538563485602,4.761950699961744,27.557645899942145,-38.298832580814505,stop,top_quote_bound; no depth/fill guarantee; censored prefix extrema are not full-horizon extrema,,12.282723899930716
single_legacy-02,fill,120,covered,0.2680265102443067,5586,119.99398219992872,-2.1083826467458913,-59.56538563485602,4.761950699961744,27.557645899942145,-32.32927382880325,stop,top_quote_bound; no depth/fill guarantee; censored prefix extrema are not full-horizon extrema,,12.282723899930716
single_legacy-03,ready,5,covered,1.5123,235,4.965316599002108,0.6612444620775573,-5.951200158698016,0.94959049904719,2.532021099003032,-3.3062223103877866,stop,top_quote_bound; no depth/fill guarantee; censored prefix extrema are not full-horizon extrema,,1.9762525990372524
single_legacy-03,ready,15,covered,1.5123,714,14.983444198966026,2.644977848310229,-15.869867089862842,6.986183398985304,14.674209299031645,-15.869867089862842,stop,top_quote_bound; no depth/fill guarantee; censored prefix extrema are not full-horizon extrema,,1.9762525990372524
single_legacy-03,ready,30,covered,1.5123,1403,29.90721419895999,2.644977848310229,-27.77226740726034,6.986183398985304,22.93886969902087,-20.498578324405745,stop,top_quote_bound; no depth/fill guarantee; censored prefix extrema are not full-horizon extrema,,1.9762525990372524
single_legacy-03,ready,60,covered,1.5123,2755,59.958293399075046,2.644977848310229,-34.38471202803591,6.986183398985304,37.81158109905664,-7.934933544930687,stop,top_quote_bound; no depth/fill guarantee; censored prefix extrema are not full-horizon extrema,,1.9762525990372524
single_legacy-03,ready,120,covered,1.5123,5254,119.99437499896158,2.644977848310229,-39.674667724657844,6.986183398985304,118.61858319898602,-33.72346756595836,stop,top_quote_bound; no depth/fill guarantee; censored prefix extrema are not full-horizon extrema,,1.9762525990372524
single_legacy-03,fill,5,covered,1.5124512299999997,256,4.993007099954411,-0.33872166575404655,-6.950505108185378,4.298367999959737,1.2359431999502704,-0.33872166575404655,stop,top_quote_bound; no depth/fill guarantee; censored prefix extrema are not full-horizon extrema,,0.6801746999844909
single_legacy-03,fill,15,covered,1.5124512299999997,726,14.988914599991404,1.6448133669753526,-19.512893648806372,5.690105499932542,14.507127000018954,-16.86818027183384,stop,top_quote_bound; no depth/fill guarantee; censored prefix extrema are not full-horizon extrema,,0.6801746999844909
single_legacy-03,fill,30,covered,1.5124512299999997,1414,29.965915599954315,1.6448133669753526,-28.769390468211704,5.690105499932542,21.64279179996811,-15.545823583347575,stop,top_quote_bound; no depth/fill guarantee; censored prefix extrema are not full-horizon extrema,,0.6801746999844909
single_legacy-03,fill,60,covered,1.5124512299999997,2750,59.9539114999352,1.6448133669753526,-35.381173910643035,5.690105499932542,36.51550320000388,-8.934040140914776,stop,top_quote_bound; no depth/fill guarantee; censored prefix extrema are not full-horizon extrema,,0.6801746999844909
single_legacy-03,fill,120,covered,1.5124512299999997,5258,119.8809537999332,1.6448133669753526,-40.67060066458957,5.690105499932542,117.32250529993325,-32.07528218942737,stop,top_quote_bound; no depth/fill guarantee; censored prefix extrema are not full-horizon extrema,,0.6801746999844909
single_legacy-04,ready,5,covered,2669.76,170,4.995739600039087,2.7343281793103626,-0.03745655040235182,4.993149399990216,0,2.7343281793103626,,top_quote_bound; no depth/fill guarantee; censored prefix extrema are not full-horizon extrema,,
single_legacy-04,ready,15,covered,2669.76,521,14.959133299998939,3.371089536136717,-0.03745655040235182,5.392136899987236,0,2.5470454273037135,,top_quote_bound; no depth/fill guarantee; censored prefix extrema are not full-horizon extrema,,
single_legacy-04,ready,30,covered,2669.76,1098,29.99897089996375,7.22911422749549,-0.03745655040235182,24.955992999952286,0,6.4425266690631355,,top_quote_bound; no depth/fill guarantee; censored prefix extrema are not full-horizon extrema,,
single_legacy-04,ready,60,covered,2669.76,1921,59.97092530003283,7.22911422749549,-0.03745655040235182,24.955992999952286,0,5.655939110630781,,top_quote_bound; no depth/fill guarantee; censored prefix extrema are not full-horizon extrema,,
single_legacy-04,ready,120,covered,2669.76,3934,119.96923749998678,7.22911422749549,-4.1202205441701265,24.955992999952286,102.25025599997025,2.0226537216827114,stop,top_quote_bound; no depth/fill guarantee; censored prefix extrema are not full-horizon extrema,,102.25025599997025
single_legacy-04,fill,5,covered,2670.0362704076088,170,4.995739599107765,1.6993386847204188,-1.0721592466047352,4.993149399058893,0,1.6993386847204188,,top_quote_bound; no depth/fill guarantee; censored prefix extrema are not full-horizon extrema,,
single_legacy-04,fill,15,covered,2670.0362704076088,521,14.959133299067616,2.3360341554307116,-1.0721592466047352,5.392136899055913,0,1.5120753109831993,,top_quote_bound; no depth/fill guarantee; censored prefix extrema are not full-horizon extrema,,
single_legacy-04,fill,30,covered,2670.0362704076088,1098,29.99897089903243,6.193659654439233,-1.0721592466047352,24.955992999020964,0,5.407153484738483,,top_quote_bound; no depth/fill guarantee; censored prefix extrema are not full-horizon extrema,,
single_legacy-04,fill,60,covered,2670.0362704076088,1921,59.97092529910151,6.193659654439233,-1.0721592466047352,24.955992999020964,0,4.620647315037733,,top_quote_bound; no depth/fill guarantee; censored prefix extrema are not full-horizon extrema,,
single_legacy-04,fill,120,covered,2670.0362704076088,3934,119.96923749905545,6.193659654439233,-5.154500794098941,24.955992999020964,102.25025599903893,0.9877378645166006,stop,top_quote_bound; no depth/fill guarantee; censored prefix extrema are not full-horizon extrema,,102.25025599903893
single_legacy-05,ready,5,covered,1587.0,158,4.9710875999880955,-0.06301197227467488,-13.673597983617347,0,3.117065600003116,-13.673597983617347,stop,top_quote_bound; no depth/fill guarantee; censored prefix extrema are not full-horizon extrema,,2.3396204999880865
single_legacy-05,ready,15,covered,1587.0,493,14.953722200007178,-0.06301197227467488,-16.25708884688045,0,7.971659999922849,-13.673597983617347,stop,top_quote_bound; no depth/fill guarantee; censored prefix extrema are not full-horizon extrema,,2.3396204999880865
single_legacy-05,ready,30,covered,1587.0,961,29.994095899979584,-0.06301197227467488,-18.90359168241966,0,28.136172899976373,-18.840579710144986,stop,top_quote_bound; no depth/fill guarantee; censored prefix extrema are not full-horizon extrema,,2.3396204999880865
single_legacy-05,ready,60,covered,1587.0,1953,59.973779699997976,-0.06301197227467488,-27.97731568998144,0,47.49283060000744,-22.810333963452372,stop,top_quote_bound; no depth/fill guarantee; censored prefix extrema are not full-horizon extrema,,2.3396204999880865
single_legacy-05,ready,120,covered,1587.0,3730,119.99326449993532,-0.06301197227467488,-37.30308758664192,0,85.38122370000929,-25.58286074354093,stop,top_quote_bound; no depth/fill guarantee; censored prefix extrema are not full-horizon extrema,,2.3396204999880865
single_legacy-05,fill,5,covered,1586.8413,158,4.9710875999880955,-1.0631182841027917,-14.675065490166068,0,3.117065600003116,-14.675065490166068,stop,top_quote_bound; no depth/fill guarantee; censored prefix extrema are not full-horizon extrema,,2.3396204999880865
single_legacy-05,fill,15,covered,1586.8413,493,14.953722200007178,-1.0631182841027917,-17.25881472835299,0,7.971659999922849,-14.675065490166068,stop,top_quote_bound; no depth/fill guarantee; censored prefix extrema are not full-horizon extrema,,2.3396204999880865
single_legacy-05,fill,30,covered,1586.8413,961,29.994095899979584,-1.0631182841027917,-19.90558224064343,0,28.136172899976373,-19.842563966541345,stop,top_quote_bound; no depth/fill guarantee; censored prefix extrema are not full-horizon extrema,,2.3396204999880865
single_legacy-05,fill,60,covered,1586.8413,1953,59.973779699997976,-1.0631182841027917,-28.98021371135228,0,47.49283060000744,-23.812715234975574,stop,top_quote_bound; no depth/fill guarantee; censored prefix extrema are not full-horizon extrema,,2.3396204999880865
single_legacy-05,fill,120,covered,1586.8413,3730,119.99326449993532,-1.0631182841027917,-38.306918278469475,0,85.38122370000929,-26.58551929547018,stop,top_quote_bound; no depth/fill guarantee; censored prefix extrema are not full-horizon extrema,,2.3396204999880865
parallel_legacy-01,ready,5,covered,1576.37,151,4.990351098938845,5.328698211715179,-0.06343688347273106,4.457953498931602,0,4.2502711926773085,,top_quote_bound; no depth/fill guarantee; censored prefix extrema are not full-horizon extrema,,
parallel_legacy-01,ready,15,covered,1576.37,410,14.97370209894143,5.328698211715179,-0.31718441736365527,4.457953498931602,10.146617898950353,1.5224852033469878,,top_quote_bound; no depth/fill guarantee; censored prefix extrema are not full-horizon extrema,,
parallel_legacy-01,ready,30,covered,1576.37,959,29.993863699026406,15.542036450833534,-0.31718441736365527,23.57433479896281,10.146617898950353,10.34021200606526,,top_quote_bound; no depth/fill guarantee; censored prefix extrema are not full-horizon extrema,23.57433479896281,
parallel_legacy-01,ready,60,covered,1576.37,1849,59.97306759899948,15.986094635144093,-0.31718441736365527,45.733606399036944,10.146617898950353,15.605473334306264,,top_quote_bound; no depth/fill guarantee; censored prefix extrema are not full-horizon extrema,23.57433479896281,
parallel_legacy-01,ready,120,covered,1576.37,3751,119.95283489895519,26.643491058571566,-0.31718441736365527,75.61943489895202,10.146617898950353,11.101454607738031,,top_quote_bound; no depth/fill guarantee; censored prefix extrema are not full-horizon extrema,23.57433479896281,
parallel_legacy-01,fill,5,covered,1576.5284627706421,151,4.990351098938845,4.323025213005954,-1.0685678985216303,4.457953498931602,0,3.244706590700148,,top_quote_bound; no depth/fill guarantee; censored prefix extrema are not full-horizon extrema,,
parallel_legacy-01,fill,15,covered,1576.5284627706421,410,14.97370209894143,4.323025213005954,-1.3222899272991275,4.457953498931602,10.146617898950353,0.5171947813391691,,top_quote_bound; no depth/fill guarantee; censored prefix extrema are not full-horizon extrema,,
parallel_legacy-01,fill,30,covered,1576.5284627706421,959,29.993863699026406,14.535336871308866,-1.3222899272991275,23.57433479896281,10.146617898950353,9.334035281365848,,top_quote_bound; no depth/fill guarantee; censored prefix extrema are not full-horizon extrema,23.57433479896281,
parallel_legacy-01,fill,60,covered,1576.5284627706421,1849,59.97306759899948,14.97935042167093,-1.3222899272991275,45.733606399036944,10.146617898950353,14.598767378503242,,top_quote_bound; no depth/fill guarantee; censored prefix extrema are not full-horizon extrema,23.57433479896281,
parallel_legacy-01,fill,120,covered,1576.5284627706421,3751,119.95283489895519,25.635675630334465,-1.3222899272991275,75.61943489895202,10.146617898950353,10.09520136769834,,top_quote_bound; no depth/fill guarantee; censored prefix extrema are not full-horizon extrema,23.57433479896281,
parallel_legacy-02,ready,5,covered,0.26793,226,4.9882267999928445,1.4929272571188181,-4.105549957078304,4.761950699961744,2.933568899985403,1.4929272571188181,,top_quote_bound; no depth/fill guarantee; censored prefix extrema are not full-horizon extrema,,
parallel_legacy-02,ready,15,covered,0.26793,662,14.987017699982971,1.4929272571188181,-22.020677042510336,4.761950699961744,12.470073999953456,-18.661590713992478,stop,top_quote_bound; no depth/fill guarantee; censored prefix extrema are not full-horizon extrema,,12.282723899930716
parallel_legacy-02,ready,30,covered,0.26793,1406,29.991066099959426,1.4929272571188181,-55.98477214197743,4.761950699961744,27.557645899942145,-36.20348598514636,stop,top_quote_bound; no depth/fill guarantee; censored prefix extrema are not full-horizon extrema,,12.282723899930716
parallel_legacy-02,ready,60,covered,0.26793,2810,59.99259909999091,1.4929272571188181,-55.98477214197743,4.761950699961744,27.557645899942145,-34.71055872802547,stop,top_quote_bound; no depth/fill guarantee; censored prefix extrema are not full-horizon extrema,,12.282723899930716
parallel_legacy-02,ready,120,covered,0.26793,5586,119.99398219992872,1.4929272571188181,-55.98477214197743,4.761950699961744,27.557645899942145,-28.738849699548123,stop,top_quote_bound; no depth/fill guarantee; censored prefix extrema are not full-horizon extrema,,12.282723899930716
parallel_legacy-02,fill,5,covered,0.2680265102443067,226,4.9882267999928445,-2.1083826467458913,-7.704843976756053,4.761950699961744,2.933568899985403,-2.1083826467458913,,top_quote_bound; no depth/fill guarantee; censored prefix extrema are not full-horizon extrema,,
parallel_legacy-02,fill,15,covered,0.2680265102443067,662,14.987017699982971,-2.1083826467458913,-25.613520232789813,4.761950699961744,12.470073999953456,-22.25564343478413,stop,top_quote_bound; no depth/fill guarantee; censored prefix extrema are not full-horizon extrema,,12.282723899930716
parallel_legacy-02,fill,30,covered,0.2680265102443067,1406,29.991066099959426,-2.1083826467458913,-59.56538563485602,4.761950699961744,27.557645899942145,-39.79122226881887,stop,top_quote_bound; no depth/fill guarantee; censored prefix extrema are not full-horizon extrema,,12.282723899930716
parallel_legacy-02,fill,60,covered,0.2680265102443067,2810,59.99259909999091,-2.1083826467458913,-59.56538563485602,4.761950699961744,27.557645899942145,-38.298832580814505,stop,top_quote_bound; no depth/fill guarantee; censored prefix extrema are not full-horizon extrema,,12.282723899930716
parallel_legacy-02,fill,120,covered,0.2680265102443067,5586,119.99398219992872,-2.1083826467458913,-59.56538563485602,4.761950699961744,27.557645899942145,-32.32927382880325,stop,top_quote_bound; no depth/fill guarantee; censored prefix extrema are not full-horizon extrema,,12.282723899930716
parallel_legacy-03,ready,5,covered,1.5123,235,4.965316599002108,0.6612444620775573,-5.951200158698016,0.94959049904719,2.532021099003032,-3.3062223103877866,stop,top_quote_bound; no depth/fill guarantee; censored prefix extrema are not full-horizon extrema,,1.9762525990372524
parallel_legacy-03,ready,15,covered,1.5123,714,14.983444198966026,2.644977848310229,-15.869867089862842,6.986183398985304,14.674209299031645,-15.869867089862842,stop,top_quote_bound; no depth/fill guarantee; censored prefix extrema are not full-horizon extrema,,1.9762525990372524
parallel_legacy-03,ready,30,covered,1.5123,1403,29.90721419895999,2.644977848310229,-27.77226740726034,6.986183398985304,22.93886969902087,-20.498578324405745,stop,top_quote_bound; no depth/fill guarantee; censored prefix extrema are not full-horizon extrema,,1.9762525990372524
parallel_legacy-03,ready,60,covered,1.5123,2755,59.958293399075046,2.644977848310229,-34.38471202803591,6.986183398985304,37.81158109905664,-7.934933544930687,stop,top_quote_bound; no depth/fill guarantee; censored prefix extrema are not full-horizon extrema,,1.9762525990372524
parallel_legacy-03,ready,120,covered,1.5123,5254,119.99437499896158,2.644977848310229,-39.674667724657844,6.986183398985304,118.61858319898602,-33.72346756595836,stop,top_quote_bound; no depth/fill guarantee; censored prefix extrema are not full-horizon extrema,,1.9762525990372524
parallel_legacy-03,fill,5,covered,1.5124512299999997,256,4.993007099954411,-0.33872166575404655,-6.950505108185378,4.298367999959737,1.2359431999502704,-0.33872166575404655,stop,top_quote_bound; no depth/fill guarantee; censored prefix extrema are not full-horizon extrema,,0.6801746999844909
parallel_legacy-03,fill,15,covered,1.5124512299999997,726,14.988914599991404,1.6448133669753526,-19.512893648806372,5.690105499932542,14.507127000018954,-16.86818027183384,stop,top_quote_bound; no depth/fill guarantee; censored prefix extrema are not full-horizon extrema,,0.6801746999844909
parallel_legacy-03,fill,30,covered,1.5124512299999997,1414,29.965915599954315,1.6448133669753526,-28.769390468211704,5.690105499932542,21.64279179996811,-15.545823583347575,stop,top_quote_bound; no depth/fill guarantee; censored prefix extrema are not full-horizon extrema,,0.6801746999844909
parallel_legacy-03,fill,60,covered,1.5124512299999997,2750,59.9539114999352,1.6448133669753526,-35.381173910643035,5.690105499932542,36.51550320000388,-8.934040140914776,stop,top_quote_bound; no depth/fill guarantee; censored prefix extrema are not full-horizon extrema,,0.6801746999844909
parallel_legacy-03,fill,120,covered,1.5124512299999997,5258,119.8809537999332,1.6448133669753526,-40.67060066458957,5.690105499932542,117.32250529993325,-32.07528218942737,stop,top_quote_bound; no depth/fill guarantee; censored prefix extrema are not full-horizon extrema,,0.6801746999844909
parallel_legacy-04,ready,5,covered,2669.57,173,4.93095239601098,1.9853384627477284,-0.03745921627909468,4.929051396087743,0,1.9853384627477284,,top_quote_bound; no depth/fill guarantee; censored prefix extrema are not full-horizon extrema,,
parallel_legacy-04,ready,15,covered,2669.57,531,14.9968025960261,4.083054574331038,-0.03745921627909468,5.839115696027875,0,3.2589518162096924,,top_quote_bound; no depth/fill guarantee; censored prefix extrema are not full-horizon extrema,,
parallel_legacy-04,ready,30,covered,2669.57,1097,29.962787396041676,7.94135385099432,-0.03745921627909468,25.402971795992926,0,7.154710309150366,,top_quote_bound; no depth/fill guarantee; censored prefix extrema are not full-horizon extrema,,
parallel_legacy-04,ready,60,covered,2669.57,1933,59.993732596049085,7.94135385099432,-0.03745921627909468,25.402971795992926,0,6.368066767306412,,top_quote_bound; no depth/fill guarantee; censored prefix extrema are not full-horizon extrema,,
parallel_legacy-04,ready,120,covered,2669.57,3943,119.99323919601738,7.94135385099432,-3.4087886813243675,25.402971795992926,102.69723479601089,2.734522788314291,stop,top_quote_bound; no depth/fill guarantee; censored prefix extrema are not full-horizon extrema,,102.69723479601089
parallel_legacy-04,fill,5,covered,2669.836957,173,4.93095239601098,0.9852399387545263,-1.0373554807303482,4.929051396087743,0,0.9852399387545263,,top_quote_bound; no depth/fill guarantee; censored prefix extrema are not full-horizon extrema,,
parallel_legacy-04,fill,15,covered,2669.836957,531,14.9968025960261,3.0827462997017405,-1.0373554807303482,5.839115696027875,0,2.258725943616004,,top_quote_bound; no depth/fill guarantee; censored prefix extrema are not full-horizon extrema,,
parallel_legacy-04,fill,30,covered,2669.836957,1097,29.962787396041676,6.940659785016493,-1.0373554807303482,25.402971795992926,0,6.154094899661074,,top_quote_bound; no depth/fill guarantee; censored prefix extrema are not full-horizon extrema,,
parallel_legacy-04,fill,60,covered,2669.836957,1933,59.993732596049085,6.940659785016493,-1.0373554807303482,25.402971795992926,0,5.367530014305656,,top_quote_bound; no depth/fill guarantee; censored prefix extrema are not full-horizon extrema,,
parallel_legacy-04,fill,120,covered,2669.836957,3943,119.99323919601738,6.940659785016493,-4.408347846539041,25.402971795992926,102.69723479601089,1.7343493533796264,stop,top_quote_bound; no depth/fill guarantee; censored prefix extrema are not full-horizon extrema,,102.69723479601089
parallel_legacy-05,ready,5,covered,1587.0,160,4.997245296952315,-0.06301197227467488,-13.673597983617347,0,3.18044639704749,-13.673597983617347,stop,top_quote_bound; no depth/fill guarantee; censored prefix extrema are not full-horizon extrema,,2.4030012970324606
parallel_legacy-05,ready,15,covered,1587.0,495,14.996930597000755,-0.06301197227467488,-16.25708884688045,0,8.035040796967223,-13.673597983617347,stop,top_quote_bound; no depth/fill guarantee; censored prefix extrema are not full-horizon extrema,,2.4030012970324606
parallel_legacy-05,ready,30,covered,1587.0,961,29.99715719697997,-0.06301197227467488,-18.90359168241966,0,28.199553697020747,-18.840579710144986,stop,top_quote_bound; no depth/fill guarantee; censored prefix extrema are not full-horizon extrema,,2.4030012970324606
parallel_legacy-05,ready,60,covered,1587.0,1954,59.977268896996975,-0.06301197227467488,-27.97731568998144,0,47.55621139705181,-22.810333963452372,stop,top_quote_bound; no depth/fill guarantee; censored prefix extrema are not full-horizon extrema,,2.4030012970324606
parallel_legacy-05,ready,120,covered,1587.0,3730,119.93592199694831,-0.06301197227467488,-37.30308758664192,0,85.44460449705366,-25.58286074354093,stop,top_quote_bound; no depth/fill guarantee; censored prefix extrema are not full-horizon extrema,,2.4030012970324606
parallel_legacy-05,fill,5,covered,1586.7747140666665,160,4.997245296952315,-1.4827935638729768,-15.09531196898623,0,3.18044639704749,-15.09531196898623,stop,top_quote_bound; no depth/fill guarantee; censored prefix extrema are not full-horizon extrema,,2.4030012970324606
parallel_legacy-05,fill,15,covered,1586.7747140666665,495,14.996930597000755,-1.4827935638729768,-17.679169629215046,0,8.035040796967223,-15.09531196898623,stop,top_quote_bound; no depth/fill guarantee; censored prefix extrema are not full-horizon extrema,,2.4030012970324606
parallel_legacy-05,fill,30,covered,1586.7747140666665,961,29.99715719697997,-1.4827935638729768,-20.326048207987427,0,28.199553697020747,-20.263027289445294,stop,top_quote_bound; no depth/fill guarantee; censored prefix extrema are not full-horizon extrema,,2.4030012970324606
parallel_legacy-05,fill,60,covered,1586.7747140666665,1954,59.977268896996975,-1.4827935638729768,-29.401060478062927,0,47.55621139705181,-24.233345157602432,stop,top_quote_bound; no depth/fill guarantee; censored prefix extrema are not full-horizon extrema,,2.4030012970324606
parallel_legacy-05,fill,120,covered,1586.7747140666665,3730,119.93592199694831,-1.4827935638729768,-38.72815642230696,0,85.44460449705366,-27.006265573459075,stop,top_quote_bound; no depth/fill guarantee; censored prefix extrema are not full-horizon extrema,,2.4030012970324606
parallel_legacy-06,ready,5,covered,1591.0,186,4.998585899011232,-1.2570710245131709,-4.714016341923319,4.865542298997752,0.11204359889961779,-1.2570710245131709,,top_quote_bound; no depth/fill guarantee; censored prefix extrema are not full-horizon extrema,,
parallel_legacy-06,ready,15,covered,1591.0,559,14.987837099004537,2.2627278441225642,-5.405405405404776,14.765143499011174,12.38583219901193,0.06285355122558708,,top_quote_bound; no depth/fill guarantee; censored prefix extrema are not full-horizon extrema,,
parallel_legacy-06,ready,30,covered,1591.0,1006,29.98650869890116,2.2627278441225642,-6.285355122564425,14.765143499011174,23.365763298934326,-4.336895034569796,,top_quote_bound; no depth/fill guarantee; censored prefix extrema are not full-horizon extrema,,
parallel_legacy-06,ready,60,covered,1591.0,1986,59.9716147989966,11.439346323066854,-9.868007542425747,52.684989998932,41.84444059897214,7.793840351979944,,top_quote_bound; no depth/fill guarantee; censored prefix extrema are not full-horizon extrema,50.54556759900879,
parallel_legacy-06,ready,120,covered,1591.0,3675,119.96537789900322,11.439346323066854,-15.461973601508713,52.684989998932,99.23356489895377,-3.3940917661845607,stop,top_quote_bound; no depth/fill guarantee; censored prefix extrema are not full-horizon extrema,50.54556759900879,99.22989289893303
parallel_legacy-06,fill,5,covered,1590.5996711254124,184,4.97627209906932,2.2024955804230224,-1.695405388973278,4.909781999071129,4.552711899043061,2.2024955804230224,,top_quote_bound; no depth/fill guarantee; censored prefix extrema are not full-horizon extrema,,
parallel_legacy-06,fill,15,covered,1590.5996711254124,559,14.949328099028207,4.780139769861106,-2.8899234279805075,13.488920299103484,11.109608999104239,-0.7523648318608779,,top_quote_bound; no depth/fill guarantee; censored prefix extrema are not full-horizon extrema,,
parallel_legacy-06,fill,30,covered,1590.5996711254124,989,29.950150399003178,4.780139769861106,-3.770094614618843,13.488920299103484,22.089540099026635,-0.6894954613868133,,top_quote_bound; no depth/fill guarantee; censored prefix extrema are not full-horizon extrema,,
parallel_legacy-06,fill,60,covered,1590.5996711254124,1976,59.989056799095124,13.95906785908313,-7.353648731643391,51.408766799024306,40.56821739906445,6.8548289955081,,top_quote_bound; no depth/fill guarantee; censored prefix extrema are not full-horizon extrema,49.2693443991011,
parallel_legacy-06,fill,120,covered,1590.5996711254124,3634,119.98831789905671,13.95906785908313,-12.949022703840868,51.408766799024306,97.95734169904608,-0.8781035728090073,stop,top_quote_bound; no depth/fill guarantee; censored prefix extrema are not full-horizon extrema,49.2693443991011,97.95366969902534
parallel_legacy-07,ready,5,covered,1597.68,247,4.986886997008696,52.01291873216129,-0.5007260527774937,0.9668171970406547,0,35.48895899053531,,top_quote_bound; no depth/fill guarantee; censored prefix extrema are not full-horizon extrema,0.1953660970320925,
parallel_legacy-07,ready,15,covered,1597.68,696,14.998748696991242,52.01291873216129,-0.5007260527774937,0.9668171970406547,0,16.836913524609603,,top_quote_bound; no depth/fill guarantee; censored prefix extrema are not full-horizon extrema,0.1953660970320925,
parallel_legacy-07,ready,30,covered,1597.68,1394,29.987334997043945,52.01291873216129,-0.5007260527774937,0.9668171970406547,0,37.49186320164244,,top_quote_bound; no depth/fill guarantee; censored prefix extrema are not full-horizon extrema,0.1953660970320925,
parallel_legacy-07,ready,60,covered,1597.68,2829,59.986309997038916,100.2703920684992,-0.5007260527774937,51.66466479701921,0,89.9429172299828,,top_quote_bound; no depth/fill guarantee; censored prefix extrema are not full-horizon extrema,0.1953660970320925,
parallel_legacy-07,ready,120,covered,1597.68,5344,119.98596759699285,103.27474838515846,-0.5007260527774937,62.54314559698105,0,91.44509538831242,,top_quote_bound; no depth/fill guarantee; censored prefix extrema are not full-horizon extrema,0.1953660970320925,
parallel_legacy-07,fill,5,covered,1597.9735830330578,247,4.986886997008696,50.1661419942031,-2.3378548746020384,0.9668171970406547,0,33.64521806885755,,top_quote_bound; no depth/fill guarantee; censored prefix extrema are not full-horizon extrema,0.1953660970320925,
parallel_legacy-07,fill,15,covered,1597.9735830330578,696,14.998748696991242,50.1661419942031,-2.3378548746020384,0.9668171970406547,0,14.996599395551424,,top_quote_bound; no depth/fill guarantee; censored prefix extrema are not full-horizon extrema,0.1953660970320925,
parallel_legacy-07,fill,30,covered,1597.9735830330578,1394,29.987334997043945,50.1661419942031,-2.3378548746020384,0.9668171970406547,0,35.647754302233714,,top_quote_bound; no depth/fill guarantee; censored prefix extrema are not full-horizon extrema,0.1953660970320925,
parallel_legacy-07,fill,60,covered,1597.9735830330578,2829,59.986309997038916,98.41474936708566,-2.3378548746020384,51.66466479701921,0,88.08917191374452,,top_quote_bound; no depth/fill guarantee; censored prefix extrema are not full-horizon extrema,0.1953660970320925,
parallel_legacy-07,fill,120,covered,1597.9735830330578,5344,119.98596759699285,101.4185537171485,-2.3378548746020384,62.54314559698105,0,89.59107408877594,,top_quote_bound; no depth/fill guarantee; censored prefix extrema are not full-horizon extrema,0.1953660970320925,
parallel_legacy-08,ready,5,covered,1640.02,238,4.992197794956155,1.2804721893637663,-5.731637419056198,0.45792149496264756,3.4018205949105322,-3.719466835771072,,top_quote_bound; no depth/fill guarantee; censored prefix extrema are not full-horizon extrema,,
parallel_legacy-08,ready,15,covered,1640.02,680,14.986695694969967,1.2804721893637663,-33.29227692345238,0.45792149496264756,11.194813194917515,-30.36548334776416,stop,top_quote_bound; no depth/fill guarantee; censored prefix extrema are not full-horizon extrema,,10.131202894961461
parallel_legacy-08,ready,30,covered,1640.02,1372,29.419548094971105,1.2804721893637663,-69.08452335947078,0.45792149496264756,26.564174294937402,-61.21876562480923,stop,top_quote_bound; no depth/fill guarantee; censored prefix extrema are not full-horizon extrema,,10.131202894961461
parallel_legacy-08,ready,60,covered,1640.02,2839,59.98127799492795,1.2804721893637663,-73.0478896598823,0.45792149496264756,30.56721819494851,-34.633723978976256,stop,top_quote_bound; no depth/fill guarantee; censored prefix extrema are not full-horizon extrema,,10.131202894961461
parallel_legacy-08,ready,120,covered,1640.02,5408,119.9859915949637,1.2804721893637663,-73.0478896598823,0.45792149496264756,30.56721819494851,-34.450799380495916,stop,top_quote_bound; no depth/fill guarantee; censored prefix extrema are not full-horizon extrema,,10.131202894961461
parallel_legacy-08,fill,5,covered,1639.7282107799997,238,4.992197794956155,-0.4987974193682985,-7.512154830917919,0.45792149496264756,3.4018205949105322,-5.4996261823868915,,top_quote_bound; no depth/fill guarantee; censored prefix extrema are not full-horizon extrema,,
parallel_legacy-08,fill,15,covered,1639.7282107799997,680,14.986695694969967,-0.4987974193682985,-35.07769874413675,0.45792149496264756,11.194813194917515,-32.15038434627267,stop,top_quote_bound; no depth/fill guarantee; censored prefix extrema are not full-horizon extrema,,10.131202894961461
parallel_legacy-08,fill,30,covered,1639.7282107799997,1372,29.419548094971105,-0.4987974193682985,-70.8763144013474,0.45792149496264756,26.564174294937402,-63.00915695708824,stop,top_quote_bound; no depth/fill guarantee; censored prefix extrema are not full-horizon extrema,,10.131202894961461
parallel_legacy-08,fill,60,covered,1639.7282107799997,2839,59.98127799492795,-0.4987974193682985,-74.84038598178873,0.45792149496264756,30.56721819494851,-36.41938450982456,stop,top_quote_bound; no depth/fill guarantee; censored prefix extrema are not full-horizon extrema,,10.131202894961461
parallel_legacy-08,fill,120,covered,1639.7282107799997,5408,119.9859915949637,-0.4987974193682985,-74.84038598178873,0.45792149496264756,30.56721819494851,-36.23642735995823,stop,top_quote_bound; no depth/fill guarantee; censored prefix extrema are not full-horizon extrema,,10.131202894961461
parallel_quote_tape-01,ready,5,covered,1576.37,151,4.990351098938845,5.328698211715179,-0.06343688347273106,4.457953498931602,0,4.2502711926773085,,top_quote_bound; no depth/fill guarantee; censored prefix extrema are not full-horizon extrema,,
parallel_quote_tape-01,ready,15,covered,1576.37,410,14.97370209894143,5.328698211715179,-0.31718441736365527,4.457953498931602,10.146617898950353,1.5224852033469878,,top_quote_bound; no depth/fill guarantee; censored prefix extrema are not full-horizon extrema,,
parallel_quote_tape-01,ready,30,covered,1576.37,959,29.993863699026406,15.542036450833534,-0.31718441736365527,23.57433479896281,10.146617898950353,10.34021200606526,,top_quote_bound; no depth/fill guarantee; censored prefix extrema are not full-horizon extrema,23.57433479896281,
parallel_quote_tape-01,ready,60,covered,1576.37,1849,59.97306759899948,15.986094635144093,-0.31718441736365527,45.733606399036944,10.146617898950353,15.605473334306264,,top_quote_bound; no depth/fill guarantee; censored prefix extrema are not full-horizon extrema,23.57433479896281,
parallel_quote_tape-01,ready,120,covered,1576.37,3751,119.95283489895519,26.643491058571566,-0.31718441736365527,75.61943489895202,10.146617898950353,11.101454607738031,,top_quote_bound; no depth/fill guarantee; censored prefix extrema are not full-horizon extrema,23.57433479896281,
parallel_quote_tape-01,fill,5,covered,1576.5284627706421,151,4.990351098938845,4.323025213005954,-1.0685678985216303,4.457953498931602,0,3.244706590700148,,top_quote_bound; no depth/fill guarantee; censored prefix extrema are not full-horizon extrema,,
parallel_quote_tape-01,fill,15,covered,1576.5284627706421,410,14.97370209894143,4.323025213005954,-1.3222899272991275,4.457953498931602,10.146617898950353,0.5171947813391691,,top_quote_bound; no depth/fill guarantee; censored prefix extrema are not full-horizon extrema,,
parallel_quote_tape-01,fill,30,covered,1576.5284627706421,959,29.993863699026406,14.535336871308866,-1.3222899272991275,23.57433479896281,10.146617898950353,9.334035281365848,,top_quote_bound; no depth/fill guarantee; censored prefix extrema are not full-horizon extrema,23.57433479896281,
parallel_quote_tape-01,fill,60,covered,1576.5284627706421,1849,59.97306759899948,14.97935042167093,-1.3222899272991275,45.733606399036944,10.146617898950353,14.598767378503242,,top_quote_bound; no depth/fill guarantee; censored prefix extrema are not full-horizon extrema,23.57433479896281,
parallel_quote_tape-01,fill,120,covered,1576.5284627706421,3751,119.95283489895519,25.635675630334465,-1.3222899272991275,75.61943489895202,10.146617898950353,10.09520136769834,,top_quote_bound; no depth/fill guarantee; censored prefix extrema are not full-horizon extrema,23.57433479896281,
parallel_quote_tape-02,ready,5,covered,0.26793,226,4.9882267999928445,1.4929272571188181,-4.105549957078304,4.761950699961744,2.933568899985403,1.4929272571188181,,top_quote_bound; no depth/fill guarantee; censored prefix extrema are not full-horizon extrema,,
parallel_quote_tape-02,ready,15,covered,0.26793,662,14.987017699982971,1.4929272571188181,-22.020677042510336,4.761950699961744,12.470073999953456,-18.661590713992478,stop,top_quote_bound; no depth/fill guarantee; censored prefix extrema are not full-horizon extrema,,12.282723899930716
parallel_quote_tape-02,ready,30,covered,0.26793,1406,29.991066099959426,1.4929272571188181,-55.98477214197743,4.761950699961744,27.557645899942145,-36.20348598514636,stop,top_quote_bound; no depth/fill guarantee; censored prefix extrema are not full-horizon extrema,,12.282723899930716
parallel_quote_tape-02,ready,60,covered,0.26793,2810,59.99259909999091,1.4929272571188181,-55.98477214197743,4.761950699961744,27.557645899942145,-34.71055872802547,stop,top_quote_bound; no depth/fill guarantee; censored prefix extrema are not full-horizon extrema,,12.282723899930716
parallel_quote_tape-02,ready,120,covered,0.26793,5586,119.99398219992872,1.4929272571188181,-55.98477214197743,4.761950699961744,27.557645899942145,-28.738849699548123,stop,top_quote_bound; no depth/fill guarantee; censored prefix extrema are not full-horizon extrema,,12.282723899930716
parallel_quote_tape-02,fill,5,covered,0.2680265102443067,226,4.9882267999928445,-2.1083826467458913,-7.704843976756053,4.761950699961744,2.933568899985403,-2.1083826467458913,,top_quote_bound; no depth/fill guarantee; censored prefix extrema are not full-horizon extrema,,
parallel_quote_tape-02,fill,15,covered,0.2680265102443067,662,14.987017699982971,-2.1083826467458913,-25.613520232789813,4.761950699961744,12.470073999953456,-22.25564343478413,stop,top_quote_bound; no depth/fill guarantee; censored prefix extrema are not full-horizon extrema,,12.282723899930716
parallel_quote_tape-02,fill,30,covered,0.2680265102443067,1406,29.991066099959426,-2.1083826467458913,-59.56538563485602,4.761950699961744,27.557645899942145,-39.79122226881887,stop,top_quote_bound; no depth/fill guarantee; censored prefix extrema are not full-horizon extrema,,12.282723899930716
parallel_quote_tape-02,fill,60,covered,0.2680265102443067,2810,59.99259909999091,-2.1083826467458913,-59.56538563485602,4.761950699961744,27.557645899942145,-38.298832580814505,stop,top_quote_bound; no depth/fill guarantee; censored prefix extrema are not full-horizon extrema,,12.282723899930716
parallel_quote_tape-02,fill,120,covered,0.2680265102443067,5586,119.99398219992872,-2.1083826467458913,-59.56538563485602,4.761950699961744,27.557645899942145,-32.32927382880325,stop,top_quote_bound; no depth/fill guarantee; censored prefix extrema are not full-horizon extrema,,12.282723899930716
parallel_quote_tape-03,ready,5,covered,1.5123,235,4.965316599002108,0.6612444620775573,-5.951200158698016,0.94959049904719,2.532021099003032,-3.3062223103877866,stop,top_quote_bound; no depth/fill guarantee; censored prefix extrema are not full-horizon extrema,,1.9762525990372524
parallel_quote_tape-03,ready,15,covered,1.5123,714,14.983444198966026,2.644977848310229,-15.869867089862842,6.986183398985304,14.674209299031645,-15.869867089862842,stop,top_quote_bound; no depth/fill guarantee; censored prefix extrema are not full-horizon extrema,,1.9762525990372524
parallel_quote_tape-03,ready,30,covered,1.5123,1403,29.90721419895999,2.644977848310229,-27.77226740726034,6.986183398985304,22.93886969902087,-20.498578324405745,stop,top_quote_bound; no depth/fill guarantee; censored prefix extrema are not full-horizon extrema,,1.9762525990372524
parallel_quote_tape-03,ready,60,covered,1.5123,2755,59.958293399075046,2.644977848310229,-34.38471202803591,6.986183398985304,37.81158109905664,-7.934933544930687,stop,top_quote_bound; no depth/fill guarantee; censored prefix extrema are not full-horizon extrema,,1.9762525990372524
parallel_quote_tape-03,ready,120,covered,1.5123,5254,119.99437499896158,2.644977848310229,-39.674667724657844,6.986183398985304,118.61858319898602,-33.72346756595836,stop,top_quote_bound; no depth/fill guarantee; censored prefix extrema are not full-horizon extrema,,1.9762525990372524
parallel_quote_tape-03,fill,5,covered,1.5124512299999997,256,4.993007099954411,-0.33872166575404655,-6.950505108185378,4.298367999959737,1.2359431999502704,-0.33872166575404655,stop,top_quote_bound; no depth/fill guarantee; censored prefix extrema are not full-horizon extrema,,0.6801746999844909
parallel_quote_tape-03,fill,15,covered,1.5124512299999997,726,14.988914599991404,1.6448133669753526,-19.512893648806372,5.690105499932542,14.507127000018954,-16.86818027183384,stop,top_quote_bound; no depth/fill guarantee; censored prefix extrema are not full-horizon extrema,,0.6801746999844909
parallel_quote_tape-03,fill,30,covered,1.5124512299999997,1414,29.965915599954315,1.6448133669753526,-28.769390468211704,5.690105499932542,21.64279179996811,-15.545823583347575,stop,top_quote_bound; no depth/fill guarantee; censored prefix extrema are not full-horizon extrema,,0.6801746999844909
parallel_quote_tape-03,fill,60,covered,1.5124512299999997,2750,59.9539114999352,1.6448133669753526,-35.381173910643035,5.690105499932542,36.51550320000388,-8.934040140914776,stop,top_quote_bound; no depth/fill guarantee; censored prefix extrema are not full-horizon extrema,,0.6801746999844909
parallel_quote_tape-03,fill,120,covered,1.5124512299999997,5258,119.8809537999332,1.6448133669753526,-40.67060066458957,5.690105499932542,117.32250529993325,-32.07528218942737,stop,top_quote_bound; no depth/fill guarantee; censored prefix extrema are not full-horizon extrema,,0.6801746999844909
parallel_quote_tape-04,ready,5,covered,2669.57,173,4.93095239601098,1.9853384627477284,-0.03745921627909468,4.929051396087743,0,1.9853384627477284,,top_quote_bound; no depth/fill guarantee; censored prefix extrema are not full-horizon extrema,,
parallel_quote_tape-04,ready,15,covered,2669.57,531,14.9968025960261,4.083054574331038,-0.03745921627909468,5.839115696027875,0,3.2589518162096924,,top_quote_bound; no depth/fill guarantee; censored prefix extrema are not full-horizon extrema,,
parallel_quote_tape-04,ready,30,covered,2669.57,1097,29.962787396041676,7.94135385099432,-0.03745921627909468,25.402971795992926,0,7.154710309150366,,top_quote_bound; no depth/fill guarantee; censored prefix extrema are not full-horizon extrema,,
parallel_quote_tape-04,ready,60,covered,2669.57,1933,59.993732596049085,7.94135385099432,-0.03745921627909468,25.402971795992926,0,6.368066767306412,,top_quote_bound; no depth/fill guarantee; censored prefix extrema are not full-horizon extrema,,
parallel_quote_tape-04,ready,120,covered,2669.57,3943,119.99323919601738,7.94135385099432,-3.4087886813243675,25.402971795992926,102.69723479601089,2.734522788314291,stop,top_quote_bound; no depth/fill guarantee; censored prefix extrema are not full-horizon extrema,,102.69723479601089
parallel_quote_tape-04,fill,5,covered,2669.836957,173,4.93095239601098,0.9852399387545263,-1.0373554807303482,4.929051396087743,0,0.9852399387545263,,top_quote_bound; no depth/fill guarantee; censored prefix extrema are not full-horizon extrema,,
parallel_quote_tape-04,fill,15,covered,2669.836957,531,14.9968025960261,3.0827462997017405,-1.0373554807303482,5.839115696027875,0,2.258725943616004,,top_quote_bound; no depth/fill guarantee; censored prefix extrema are not full-horizon extrema,,
parallel_quote_tape-04,fill,30,covered,2669.836957,1097,29.962787396041676,6.940659785016493,-1.0373554807303482,25.402971795992926,0,6.154094899661074,,top_quote_bound; no depth/fill guarantee; censored prefix extrema are not full-horizon extrema,,
parallel_quote_tape-04,fill,60,covered,2669.836957,1933,59.993732596049085,6.940659785016493,-1.0373554807303482,25.402971795992926,0,5.367530014305656,,top_quote_bound; no depth/fill guarantee; censored prefix extrema are not full-horizon extrema,,
parallel_quote_tape-04,fill,120,covered,2669.836957,3943,119.99323919601738,6.940659785016493,-4.408347846539041,25.402971795992926,102.69723479601089,1.7343493533796264,stop,top_quote_bound; no depth/fill guarantee; censored prefix extrema are not full-horizon extrema,,102.69723479601089
parallel_quote_tape-05,ready,5,covered,1587.0,152,4.947114799986593,-0.06301197227467488,-13.673597983617347,0,2.784425000078045,-13.673597983617347,stop,top_quote_bound; no depth/fill guarantee; censored prefix extrema are not full-horizon extrema,,2.0069799000630155
parallel_quote_tape-05,ready,15,covered,1587.0,489,14.988710400066338,-0.06301197227467488,-16.25708884688045,0,7.639019399997778,-12.665406427221114,stop,top_quote_bound; no depth/fill guarantee; censored prefix extrema are not full-horizon extrema,,2.0069799000630155
parallel_quote_tape-05,ready,30,covered,1587.0,958,29.961724000051618,-0.06301197227467488,-18.90359168241966,0,27.8035323000513,-18.840579710144986,stop,top_quote_bound; no depth/fill guarantee; censored prefix extrema are not full-horizon extrema,,2.0069799000630155
parallel_quote_tape-05,ready,60,covered,1587.0,1955,59.991034500068054,-0.06301197227467488,-27.97731568998144,0,47.160190000082366,-20.856962822936016,stop,top_quote_bound; no depth/fill guarantee; censored prefix extrema are not full-horizon extrema,,2.0069799000630155
parallel_quote_tape-05,ready,120,covered,1587.0,3731,119.9798450000817,-0.06301197227467488,-37.30308758664192,0,85.04858310008422,-25.58286074354093,stop,top_quote_bound; no depth/fill guarantee; censored prefix extrema are not full-horizon extrema,,2.0069799000630155
parallel_quote_tape-05,fill,5,covered,1586.8413000000003,152,4.947114799986593,-1.0631182841013587,-14.675065490164632,0,2.784425000078045,-14.675065490164632,stop,top_quote_bound; no depth/fill guarantee; censored prefix extrema are not full-horizon extrema,,2.0069799000630155
parallel_quote_tape-05,fill,15,covered,1586.8413000000003,489,14.988710400066338,-1.0631182841013587,-17.258814728351556,0,7.639019399997778,-13.66677310452984,stop,top_quote_bound; no depth/fill guarantee; censored prefix extrema are not full-horizon extrema,,2.0069799000630155
parallel_quote_tape-05,fill,30,covered,1586.8413000000003,958,29.961724000051618,-1.0631182841013587,-19.905582240641994,0,27.8035323000513,-19.84256396653991,stop,top_quote_bound; no depth/fill guarantee; censored prefix extrema are not full-horizon extrema,,2.0069799000630155
parallel_quote_tape-05,fill,60,covered,1586.8413000000003,1955,59.991034500068054,-1.0631182841013587,-28.980213711350842,0,47.160190000082366,-21.859148737808066,stop,top_quote_bound; no depth/fill guarantee; censored prefix extrema are not full-horizon extrema,,2.0069799000630155
parallel_quote_tape-05,fill,120,covered,1586.8413000000003,3731,119.9798450000817,-1.0631182841013587,-38.30691827846803,0,85.04858310008422,-26.585519295468746,stop,top_quote_bound; no depth/fill guarantee; censored prefix extrema are not full-horizon extrema,,2.0069799000630155
parallel_quote_tape-06,ready,5,covered,1591.0,186,4.998585899011232,-1.2570710245131709,-4.714016341923319,4.865542298997752,0.11204359889961779,-1.2570710245131709,,top_quote_bound; no depth/fill guarantee; censored prefix extrema are not full-horizon extrema,,
parallel_quote_tape-06,ready,15,covered,1591.0,559,14.987837099004537,2.2627278441225642,-5.405405405404776,14.765143499011174,12.38583219901193,0.06285355122558708,,top_quote_bound; no depth/fill guarantee; censored prefix extrema are not full-horizon extrema,,
parallel_quote_tape-06,ready,30,covered,1591.0,1006,29.98650869890116,2.2627278441225642,-6.285355122564425,14.765143499011174,23.365763298934326,-4.336895034569796,,top_quote_bound; no depth/fill guarantee; censored prefix extrema are not full-horizon extrema,,
parallel_quote_tape-06,ready,60,covered,1591.0,1986,59.9716147989966,11.439346323066854,-9.868007542425747,52.684989998932,41.84444059897214,7.793840351979944,,top_quote_bound; no depth/fill guarantee; censored prefix extrema are not full-horizon extrema,50.54556759900879,
parallel_quote_tape-06,ready,120,covered,1591.0,3675,119.96537789900322,11.439346323066854,-15.461973601508713,52.684989998932,99.23356489895377,-3.3940917661845607,stop,top_quote_bound; no depth/fill guarantee; censored prefix extrema are not full-horizon extrema,50.54556759900879,99.22989289893303
parallel_quote_tape-06,fill,5,covered,1590.5996711254124,184,4.97627209906932,2.2024955804230224,-1.695405388973278,4.909781999071129,4.552711899043061,2.2024955804230224,,top_quote_bound; no depth/fill guarantee; censored prefix extrema are not full-horizon extrema,,
parallel_quote_tape-06,fill,15,covered,1590.5996711254124,559,14.949328099028207,4.780139769861106,-2.8899234279805075,13.488920299103484,11.109608999104239,-0.7523648318608779,,top_quote_bound; no depth/fill guarantee; censored prefix extrema are not full-horizon extrema,,
parallel_quote_tape-06,fill,30,covered,1590.5996711254124,989,29.950150399003178,4.780139769861106,-3.770094614618843,13.488920299103484,22.089540099026635,-0.6894954613868133,,top_quote_bound; no depth/fill guarantee; censored prefix extrema are not full-horizon extrema,,
parallel_quote_tape-06,fill,60,covered,1590.5996711254124,1976,59.989056799095124,13.95906785908313,-7.353648731643391,51.408766799024306,40.56821739906445,6.8548289955081,,top_quote_bound; no depth/fill guarantee; censored prefix extrema are not full-horizon extrema,49.2693443991011,
parallel_quote_tape-06,fill,120,covered,1590.5996711254124,3634,119.98831789905671,13.95906785908313,-12.949022703840868,51.408766799024306,97.95734169904608,-0.8781035728090073,stop,top_quote_bound; no depth/fill guarantee; censored prefix extrema are not full-horizon extrema,49.2693443991011,97.95366969902534
parallel_quote_tape-07,ready,5,covered,1597.68,247,4.986886997008696,52.01291873216129,-0.5007260527774937,0.9668171970406547,0,35.48895899053531,,top_quote_bound; no depth/fill guarantee; censored prefix extrema are not full-horizon extrema,0.1953660970320925,
parallel_quote_tape-07,ready,15,covered,1597.68,696,14.998748696991242,52.01291873216129,-0.5007260527774937,0.9668171970406547,0,16.836913524609603,,top_quote_bound; no depth/fill guarantee; censored prefix extrema are not full-horizon extrema,0.1953660970320925,
parallel_quote_tape-07,ready,30,covered,1597.68,1394,29.987334997043945,52.01291873216129,-0.5007260527774937,0.9668171970406547,0,37.49186320164244,,top_quote_bound; no depth/fill guarantee; censored prefix extrema are not full-horizon extrema,0.1953660970320925,
parallel_quote_tape-07,ready,60,covered,1597.68,2829,59.986309997038916,100.2703920684992,-0.5007260527774937,51.66466479701921,0,89.9429172299828,,top_quote_bound; no depth/fill guarantee; censored prefix extrema are not full-horizon extrema,0.1953660970320925,
parallel_quote_tape-07,ready,120,covered,1597.68,5344,119.98596759699285,103.27474838515846,-0.5007260527774937,62.54314559698105,0,91.44509538831242,,top_quote_bound; no depth/fill guarantee; censored prefix extrema are not full-horizon extrema,0.1953660970320925,
parallel_quote_tape-07,fill,5,covered,1597.9735830330578,247,4.986886997008696,50.1661419942031,-2.3378548746020384,0.9668171970406547,0,33.64521806885755,,top_quote_bound; no depth/fill guarantee; censored prefix extrema are not full-horizon extrema,0.1953660970320925,
parallel_quote_tape-07,fill,15,covered,1597.9735830330578,696,14.998748696991242,50.1661419942031,-2.3378548746020384,0.9668171970406547,0,14.996599395551424,,top_quote_bound; no depth/fill guarantee; censored prefix extrema are not full-horizon extrema,0.1953660970320925,
parallel_quote_tape-07,fill,30,covered,1597.9735830330578,1394,29.987334997043945,50.1661419942031,-2.3378548746020384,0.9668171970406547,0,35.647754302233714,,top_quote_bound; no depth/fill guarantee; censored prefix extrema are not full-horizon extrema,0.1953660970320925,
parallel_quote_tape-07,fill,60,covered,1597.9735830330578,2829,59.986309997038916,98.41474936708566,-2.3378548746020384,51.66466479701921,0,88.08917191374452,,top_quote_bound; no depth/fill guarantee; censored prefix extrema are not full-horizon extrema,0.1953660970320925,
parallel_quote_tape-07,fill,120,covered,1597.9735830330578,5344,119.98596759699285,101.4185537171485,-2.3378548746020384,62.54314559698105,0,89.59107408877594,,top_quote_bound; no depth/fill guarantee; censored prefix extrema are not full-horizon extrema,0.1953660970320925,
parallel_quote_tape-08,ready,5,covered,1640.02,238,4.992197794956155,1.2804721893637663,-5.731637419056198,0.45792149496264756,3.4018205949105322,-3.719466835771072,,top_quote_bound; no depth/fill guarantee; censored prefix extrema are not full-horizon extrema,,
parallel_quote_tape-08,ready,15,covered,1640.02,680,14.986695694969967,1.2804721893637663,-33.29227692345238,0.45792149496264756,11.194813194917515,-30.36548334776416,stop,top_quote_bound; no depth/fill guarantee; censored prefix extrema are not full-horizon extrema,,10.131202894961461
parallel_quote_tape-08,ready,30,covered,1640.02,1372,29.419548094971105,1.2804721893637663,-69.08452335947078,0.45792149496264756,26.564174294937402,-61.21876562480923,stop,top_quote_bound; no depth/fill guarantee; censored prefix extrema are not full-horizon extrema,,10.131202894961461
parallel_quote_tape-08,ready,60,covered,1640.02,2839,59.98127799492795,1.2804721893637663,-73.0478896598823,0.45792149496264756,30.56721819494851,-34.633723978976256,stop,top_quote_bound; no depth/fill guarantee; censored prefix extrema are not full-horizon extrema,,10.131202894961461
parallel_quote_tape-08,ready,120,covered,1640.02,5408,119.9859915949637,1.2804721893637663,-73.0478896598823,0.45792149496264756,30.56721819494851,-34.450799380495916,stop,top_quote_bound; no depth/fill guarantee; censored prefix extrema are not full-horizon extrema,,10.131202894961461
parallel_quote_tape-08,fill,5,covered,1639.7282107799997,238,4.992197794956155,-0.4987974193682985,-7.512154830917919,0.45792149496264756,3.4018205949105322,-5.4996261823868915,,top_quote_bound; no depth/fill guarantee; censored prefix extrema are not full-horizon extrema,,
parallel_quote_tape-08,fill,15,covered,1639.7282107799997,680,14.986695694969967,-0.4987974193682985,-35.07769874413675,0.45792149496264756,11.194813194917515,-32.15038434627267,stop,top_quote_bound; no depth/fill guarantee; censored prefix extrema are not full-horizon extrema,,10.131202894961461
parallel_quote_tape-08,fill,30,covered,1639.7282107799997,1372,29.419548094971105,-0.4987974193682985,-70.8763144013474,0.45792149496264756,26.564174294937402,-63.00915695708824,stop,top_quote_bound; no depth/fill guarantee; censored prefix extrema are not full-horizon extrema,,10.131202894961461
parallel_quote_tape-08,fill,60,covered,1639.7282107799997,2839,59.98127799492795,-0.4987974193682985,-74.84038598178873,0.45792149496264756,30.56721819494851,-36.41938450982456,stop,top_quote_bound; no depth/fill guarantee; censored prefix extrema are not full-horizon extrema,,10.131202894961461
parallel_quote_tape-08,fill,120,covered,1639.7282107799997,5408,119.9859915949637,-0.4987974193682985,-74.84038598178873,0.45792149496264756,30.56721819494851,-36.23642735995823,stop,top_quote_bound; no depth/fill guarantee; censored prefix extrema are not full-horizon extrema,,10.131202894961461
