scenario_id,symbol,owner,side,object,initial_episode,last_episode,prepared,ready,admitted,filled,A_exact_episode_matches,A_same_object_candidates,A_status,A_ready_exact,B_exact_episode_matches,B_same_object_candidates,B_status,B_ready_exact,C_exact_episode_matches,C_same_object_candidates,C_status,C_ready_exact
SOLUSDT:scenario:1,SOLUSDT,level_breakout,long,R:resistance:7998:g1,"[""structural_level"",""R:resistance:7998:g1""]:approach","[""structural_level"",""R:resistance:7998:g1""]:approach",True,False,False,False,1,1,exact_episode,0,1,1,exact_episode,0,1,1,exact_episode,0
ENAUSDT:scenario:1,ENAUSDT,level_breakout,long,R:resistance:-2164:g1,"[""structural_level"",""R:resistance:-2164:g1""]:approach","[""structural_level"",""R:resistance:-2164:g1""]:cross:quote:1790451074432:1",True,False,False,False,1,5,exact_episode,0,1,5,exact_episode,0,1,5,exact_episode,0
BTCUSDT:scenario:1,BTCUSDT,level_breakout,short,S:support:18903:g1,"[""structural_level"",""S:support:18903:g1""]:approach","[""structural_level"",""S:support:18903:g1""]:approach",True,False,False,False,1,5,exact_episode,0,1,5,exact_episode,0,1,5,exact_episode,0
SOLUSDT:scenario:2,SOLUSDT,level_breakout,short,S:support:7995:g1,"[""structural_level"",""S:support:7995:g1""]:approach","[""structural_level"",""S:support:7995:g1""]:approach",True,False,False,False,1,3,exact_episode,0,1,3,exact_episode,0,1,3,exact_episode,0
NEARUSDT:scenario:1,NEARUSDT,level_breakout,short,S:support:2620:g1,"[""structural_level"",""S:support:2620:g1""]:approach","[""structural_level"",""S:support:2620:g1""]:cross:quote:1790451113345:1",True,True,False,False,1,2,exact_episode,0,1,2,exact_episode,0,1,2,exact_episode,0
NEARUSDT:scenario:2,NEARUSDT,weak_level_rejection,short,R:resistance:2618:g1,"[""structural_level"",""R:resistance:2618:g1""]:failed:quote:1790451112722:1","[""structural_level"",""R:resistance:2618:g1""]:failed:quote:1790451112722:1",False,False,False,False,1,1,exact_episode,0,0,0,not_reconstructed,0,0,0,not_reconstructed,0
SOLUSDT:scenario:3,SOLUSDT,level_breakout,long,R:resistance:7998:g1,"[""structural_level"",""R:resistance:7998:g1""]:approach","[""structural_level"",""R:resistance:7998:g1""]:approach",True,False,False,False,1,1,exact_episode,0,1,1,exact_episode,0,1,1,exact_episode,0
ENAUSDT:scenario:2,ENAUSDT,level_breakout,short,S:support:-2168:g1,"[""structural_level"",""S:support:-2168:g1""]:cross:quote:1790451301271:1","[""structural_level"",""S:support:-2168:g1""]:cross:quote:1790451374896:4",True,True,False,False,0,5,object_only_not_proven_same_excursion,0,0,5,object_only_not_proven_same_excursion,0,0,5,object_only_not_proven_same_excursion,0
NEARUSDT:scenario:3,NEARUSDT,weak_level_rejection,short,R:resistance:2619:g1,"[""structural_level"",""R:resistance:2619:g1""]:failed:quote:1790451112722:1","[""structural_level"",""R:resistance:2619:g1""]:failed:quote:1790451112722:1",False,False,False,False,1,1,exact_episode,0,1,2,exact_episode,0,1,2,exact_episode,0
BTCUSDT:scenario:2,BTCUSDT,level_breakout,long,R:resistance:18902:g1,"[""structural_level"",""R:resistance:18902:g1""]:approach","[""structural_level"",""R:resistance:18902:g1""]:approach",True,False,False,False,1,2,exact_episode,0,1,2,exact_episode,0,1,2,exact_episode,0
ENAUSDT:scenario:3,ENAUSDT,level_breakout,short,S:support:-2168:g1,"[""structural_level"",""S:support:-2168:g1""]:cross:quote:1790451418265:5","[""structural_level"",""S:support:-2168:g1""]:cross:quote:1790451418265:5",True,True,False,False,0,5,object_only_not_proven_same_excursion,0,0,5,object_only_not_proven_same_excursion,0,0,5,object_only_not_proven_same_excursion,0
SOLUSDT:scenario:4,SOLUSDT,level_breakout,short,S:support:7995:g1,"[""structural_level"",""S:support:7995:g1""]:approach","[""structural_level"",""S:support:7995:g1""]:failed:bar:1790451600000",True,False,False,False,1,3,exact_episode,0,1,3,exact_episode,0,1,3,exact_episode,0
ZECUSDT:scenario:1,ZECUSDT,level_breakout,short,S:support:12245:g1,"[""structural_level"",""S:support:12245:g1""]:approach","[""structural_level"",""S:support:12245:g1""]:approach",True,False,False,False,1,1,exact_episode,0,1,1,exact_episode,0,1,1,exact_episode,0
BTCUSDT:scenario:3,BTCUSDT,level_breakout,long,R:resistance:18902:g1,"[""structural_level"",""R:resistance:18902:g1""]:approach","[""structural_level"",""R:resistance:18902:g1""]:approach",True,False,False,False,1,2,exact_episode,0,1,2,exact_episode,0,1,2,exact_episode,0
NEARUSDT:scenario:4,NEARUSDT,level_breakout,short,S:support:2615:g1,"[""structural_level"",""S:support:2615:g1""]:cross:quote:1790451504233:1","[""structural_level"",""S:support:2615:g1""]:failed:quote:1790451505213:2",True,False,False,False,0,3,object_only_not_proven_same_excursion,0,0,1,object_only_not_proven_same_excursion,0,0,1,object_only_not_proven_same_excursion,0
XRPUSDT:scenario:1,XRPUSDT,weak_level_rejection,long,S:support:697:g1,"[""structural_level"",""S:support:697:g1""]:failed:bar:1790451480000","[""structural_level"",""S:support:697:g1""]:failed:quote:1790451604357:3",True,False,False,False,1,4,exact_episode,0,1,4,exact_episode,0,1,4,exact_episode,0
ENAUSDT:scenario:4,ENAUSDT,level_breakout,long,R:resistance:-2164:g1,"[""structural_level"",""R:resistance:-2164:g1""]:failed:quote:1790451074432:1","[""structural_level"",""R:resistance:-2164:g1""]:failed:quote:1790451074432:1",True,False,False,False,0,5,object_only_not_proven_same_excursion,0,0,5,object_only_not_proven_same_excursion,0,0,5,object_only_not_proven_same_excursion,0
NEARUSDT:scenario:5,NEARUSDT,level_breakout,long,R:resistance:2625:g1,"[""structural_level"",""R:resistance:2625:g1""]:approach","[""structural_level"",""R:resistance:2625:g1""]:cross:quote:1790451933107:1",True,True,False,False,1,2,exact_episode,0,1,2,exact_episode,0,1,2,exact_episode,0
BTCUSDT:scenario:4,BTCUSDT,level_breakout,long,R:resistance:18902:g1,"[""structural_level"",""R:resistance:18902:g1""]:approach","[""structural_level"",""R:resistance:18902:g1""]:approach",True,False,False,False,1,2,exact_episode,0,1,2,exact_episode,0,1,2,exact_episode,0
SOLUSDT:scenario:5,SOLUSDT,level_breakout,long,R:resistance:7998:g1,"[""structural_level"",""R:resistance:7998:g1""]:approach","[""structural_level"",""R:resistance:7998:g1""]:approach",True,False,False,False,1,1,exact_episode,0,1,1,exact_episode,0,1,1,exact_episode,0
ZECUSDT:scenario:2,ZECUSDT,level_breakout,long,R:resistance:12258:g1,"[""structural_level"",""R:resistance:12258:g1""]:approach","[""structural_level"",""R:resistance:12258:g1""]:approach",True,False,False,False,1,3,exact_episode,0,1,3,exact_episode,0,1,3,exact_episode,0
NEARUSDT:scenario:6,NEARUSDT,level_breakout,long,R:resistance:2627:g1,"[""structural_level"",""R:resistance:2627:g1""]:approach","[""structural_level"",""R:resistance:2627:g1""]:failed:quote:1790452088038:2",True,False,False,False,1,5,exact_episode,0,1,6,exact_episode,0,1,6,exact_episode,0
ZECUSDT:scenario:3,ZECUSDT,level_breakout,long,R:resistance:12261:g1,"[""structural_level"",""R:resistance:12261:g1""]:approach","[""structural_level"",""R:resistance:12261:g1""]:approach",True,False,False,False,1,10,exact_episode,0,1,10,exact_episode,0,1,10,exact_episode,0
BTCUSDT:scenario:5,BTCUSDT,level_breakout,short,S:support:18903:g1,"[""structural_level"",""S:support:18903:g1""]:cross:quote:1790451475157:1","[""structural_level"",""S:support:18903:g1""]:cross:quote:1790451475157:1",True,False,False,False,1,5,exact_episode,0,1,5,exact_episode,0,1,5,exact_episode,0
XRPUSDT:scenario:2,XRPUSDT,weak_level_rejection,short,R:resistance:702:g1,"[""structural_level"",""R:resistance:702:g1""]:approach","[""structural_level"",""R:resistance:702:g1""]:approach",False,False,False,False,1,1,exact_episode,0,1,1,exact_episode,0,1,1,exact_episode,0
NEARUSDT:scenario:7,NEARUSDT,level_breakout,short,S:support:2622:g1,"[""structural_level"",""S:support:2622:g1""]:approach","[""structural_level"",""S:support:2622:g1""]:approach",True,False,False,False,1,1,exact_episode,0,1,1,exact_episode,0,1,1,exact_episode,0
SOLUSDT:scenario:6,SOLUSDT,level_breakout,short,S:support:7995:g1,"[""structural_level"",""S:support:7995:g1""]:failed:bar:1790451600000","[""structural_level"",""S:support:7995:g1""]:failed:bar:1790451600000",True,False,False,False,0,3,object_only_not_proven_same_excursion,0,0,3,object_only_not_proven_same_excursion,0,0,3,object_only_not_proven_same_excursion,0
BTCUSDT:scenario:6,BTCUSDT,level_breakout,long,R:resistance:18902:g1,"[""structural_level"",""R:resistance:18902:g1""]:approach","[""structural_level"",""R:resistance:18902:g1""]:approach",True,False,False,False,1,2,exact_episode,0,1,2,exact_episode,0,1,2,exact_episode,0
ZECUSDT:scenario:4,ZECUSDT,level_breakout,long,R:resistance:12258:g1,"[""structural_level"",""R:resistance:12258:g1""]:cross:quote:1790452433579:2","[""structural_level"",""R:resistance:12258:g1""]:cross:quote:1790452468546:3",True,False,False,False,0,3,object_only_not_proven_same_excursion,0,0,3,object_only_not_proven_same_excursion,0,0,3,object_only_not_proven_same_excursion,0
ZECUSDT:scenario:5,ZECUSDT,level_breakout,long,R:resistance:12265:g1,"[""structural_level"",""R:resistance:12265:g1""]:approach","[""structural_level"",""R:resistance:12265:g1""]:cross:quote:1790452691558:3",True,True,False,False,1,4,exact_episode,0,1,4,exact_episode,0,1,4,exact_episode,0
SOLUSDT:scenario:7,SOLUSDT,level_breakout,long,R:resistance:7998:g1,"[""structural_level"",""R:resistance:7998:g1""]:approach","[""structural_level"",""R:resistance:7998:g1""]:approach",True,False,False,False,1,1,exact_episode,0,1,1,exact_episode,0,1,1,exact_episode,0
NEARUSDT:scenario:8,NEARUSDT,weak_level_rejection,short,R:resistance:2629:g1,"[""structural_level"",""R:resistance:2629:g1""]:approach","[""structural_level"",""R:resistance:2629:g1""]:approach",False,False,False,False,1,1,exact_episode,0,1,1,exact_episode,0,1,1,exact_episode,0
ZECUSDT:scenario:6,ZECUSDT,level_breakout,long,R:resistance:12273:g1,"[""structural_level"",""R:resistance:12273:g1""]:approach","[""structural_level"",""R:resistance:12273:g1""]:approach",True,False,False,False,1,3,exact_episode,0,1,3,exact_episode,0,1,3,exact_episode,0
XRPUSDT:scenario:3,XRPUSDT,weak_level_rejection,long,S:support:697:g1,"[""structural_level"",""S:support:697:g1""]:failed:quote:1790451604357:3","[""structural_level"",""S:support:697:g1""]:failed:quote:1790451604357:3",False,False,False,False,0,4,object_only_not_proven_same_excursion,0,0,4,object_only_not_proven_same_excursion,0,0,4,object_only_not_proven_same_excursion,0
ZECUSDT:scenario:7,ZECUSDT,level_breakout,long,R:resistance:12261:g1,"[""structural_level"",""R:resistance:12261:g1""]:cross:quote:1790452599697:3","[""structural_level"",""R:resistance:12261:g1""]:cross:quote:1790453126291:10",True,False,False,False,0,10,object_only_not_proven_same_excursion,0,0,10,object_only_not_proven_same_excursion,0,0,10,object_only_not_proven_same_excursion,0
NEARUSDT:scenario:9,NEARUSDT,level_breakout,long,R:resistance:2628:g1,"[""structural_level"",""R:resistance:2628:g1""]:approach","[""structural_level"",""R:resistance:2628:g1""]:cross:quote:1790452918667:1",True,True,False,False,1,2,exact_episode,0,1,2,exact_episode,0,1,2,exact_episode,0
ENAUSDT:scenario:5,ENAUSDT,level_breakout,long,R:resistance:-2164:g1,"[""structural_level"",""R:resistance:-2164:g1""]:failed:quote:1790451074432:1","[""structural_level"",""R:resistance:-2164:g1""]:failed:quote:1790452981127:2",True,False,False,False,0,5,object_only_not_proven_same_excursion,0,0,5,object_only_not_proven_same_excursion,0,0,5,object_only_not_proven_same_excursion,0
BTCUSDT:scenario:7,BTCUSDT,level_breakout,short,S:support:18903:g1,"[""structural_level"",""S:support:18903:g1""]:cross:quote:1790452337376:4","[""structural_level"",""S:support:18903:g1""]:cross:quote:1790452337376:4",True,False,False,False,0,5,object_only_not_proven_same_excursion,0,0,5,object_only_not_proven_same_excursion,0,0,5,object_only_not_proven_same_excursion,0
ETHUSDT:scenario:1,ETHUSDT,level_breakout,short,S:support:13162:g1,"[""structural_level"",""S:support:13162:g1""]:cross:quote:1790451811107:6","[""structural_level"",""S:support:13162:g1""]:cross:quote:1790451811107:6",True,False,False,False,0,1,object_only_not_proven_same_excursion,0,0,1,object_only_not_proven_same_excursion,0,0,1,object_only_not_proven_same_excursion,0
SOLUSDT:scenario:8,SOLUSDT,level_breakout,long,R:resistance:7998:g1,"[""structural_level"",""R:resistance:7998:g1""]:approach","[""structural_level"",""R:resistance:7998:g1""]:approach",True,False,False,False,1,1,exact_episode,0,1,1,exact_episode,0,1,1,exact_episode,0
ZECUSDT:scenario:8,ZECUSDT,weak_level_rejection,short,R:resistance:12269:g1,"[""structural_level"",""R:resistance:12269:g1""]:approach","[""structural_level"",""R:resistance:12269:g1""]:approach",False,False,False,False,1,1,exact_episode,0,1,1,exact_episode,0,1,1,exact_episode,0
ENAUSDT:scenario:6,ENAUSDT,weak_level_rejection,long,S:support:-2178:g1,"[""structural_level"",""S:support:-2178:g1""]:approach","[""structural_level"",""S:support:-2178:g1""]:approach",False,False,False,False,1,2,exact_episode,0,1,2,exact_episode,0,1,2,exact_episode,0
ETHUSDT:scenario:2,ETHUSDT,level_breakout,short,S:support:13162:g1,"[""structural_level"",""S:support:13162:g1""]:cross:quote:1790451811107:6","[""structural_level"",""S:support:13162:g1""]:cross:quote:1790451811107:6",True,False,False,False,0,1,object_only_not_proven_same_excursion,0,0,1,object_only_not_proven_same_excursion,0,0,1,object_only_not_proven_same_excursion,0
BTCUSDT:scenario:8,BTCUSDT,level_breakout,short,S:support:18903:g1,"[""structural_level"",""S:support:18903:g1""]:cross:quote:1790452337376:4","[""structural_level"",""S:support:18903:g1""]:cross:quote:1790452337376:4",True,False,False,False,0,5,object_only_not_proven_same_excursion,0,0,5,object_only_not_proven_same_excursion,0,0,5,object_only_not_proven_same_excursion,0
XRPUSDT:scenario:4,XRPUSDT,weak_level_rejection,long,S:support:697:g1,"[""structural_level"",""S:support:697:g1""]:failed:quote:1790451604357:3","[""structural_level"",""S:support:697:g1""]:failed:quote:1790451604357:3",False,False,False,False,0,4,object_only_not_proven_same_excursion,0,0,4,object_only_not_proven_same_excursion,0,0,4,object_only_not_proven_same_excursion,0
ENAUSDT:scenario:7,ENAUSDT,weak_level_rejection,long,S:support:-2178:g1,"[""structural_level"",""S:support:-2178:g1""]:failed:quote:1790453314424:1","[""structural_level"",""S:support:-2178:g1""]:failed:quote:1790453314424:1",True,True,False,False,0,2,object_only_not_proven_same_excursion,0,0,2,object_only_not_proven_same_excursion,0,0,2,object_only_not_proven_same_excursion,0
XRPUSDT:scenario:5,XRPUSDT,level_breakout,short,S:previous_day_low:696:g1,"[""structural_level"",""S:previous_day_low:696:g1""]:approach","[""structural_level"",""S:previous_day_low:696:g1""]:cross:quote:1790453348145:1",True,False,False,False,1,2,exact_episode,0,1,4,exact_episode,0,1,4,exact_episode,0
SOLUSDT:scenario:9,SOLUSDT,level_breakout,short,S:support:7993:g1,"[""structural_level"",""S:support:7993:g1""]:approach","[""structural_level"",""S:support:7993:g1""]:approach",True,False,False,False,1,6,exact_episode,0,1,6,exact_episode,0,1,6,exact_episode,0
BTCUSDT:scenario:9,BTCUSDT,level_breakout,long,R:resistance:18902:g1,"[""structural_level"",""R:resistance:18902:g1""]:cross:quote:1790453164478:1","[""structural_level"",""R:resistance:18902:g1""]:cross:quote:1790453164478:1",True,False,False,False,0,2,object_only_not_proven_same_excursion,0,0,2,object_only_not_proven_same_excursion,0,0,2,object_only_not_proven_same_excursion,0
XRPUSDT:scenario:6,XRPUSDT,weak_level_rejection,long,S:previous_day_low:696:g1,"[""structural_level"",""S:previous_day_low:696:g1""]:failed:quote:1790453348145:1","[""structural_level"",""S:previous_day_low:696:g1""]:failed:quote:1790453348145:1",True,False,False,False,0,1,object_only_not_proven_same_excursion,0,0,2,object_only_not_proven_same_excursion,0,0,2,object_only_not_proven_same_excursion,0
ZECUSDT:scenario:9,ZECUSDT,level_breakout,long,R:resistance:12266:g1,"[""structural_level"",""R:resistance:12266:g1""]:approach","[""structural_level"",""R:resistance:12266:g1""]:approach",True,False,False,False,1,1,exact_episode,0,1,1,exact_episode,0,1,1,exact_episode,0
ETHUSDT:scenario:3,ETHUSDT,level_breakout,short,S:support:13159:g1,"[""structural_level"",""S:support:13159:g1""]:approach","[""structural_level"",""S:support:13159:g1""]:approach",True,False,False,False,1,1,exact_episode,0,1,1,exact_episode,0,1,1,exact_episode,0
XRPUSDT:scenario:7,XRPUSDT,level_breakout,short,S:day_low:2026-09-26:g1,"[""structural_level"",""S:day_low:2026-09-26:g1""]:cross:quote:1790453356853:3","[""structural_level"",""S:day_low:2026-09-26:g1""]:cross:quote:1790453356853:3",True,True,False,False,0,4,object_only_not_proven_same_excursion,0,0,26,object_only_not_proven_same_excursion,0,0,26,object_only_not_proven_same_excursion,0
SOLUSDT:scenario:10,SOLUSDT,weak_level_rejection,long,S:support:7992:g1,"[""structural_level"",""S:support:7992:g1""]:failed:quote:1790453360167:1","[""structural_level"",""S:support:7992:g1""]:failed:quote:1790453360167:1",True,False,False,False,0,1,object_only_not_proven_same_excursion,0,0,1,object_only_not_proven_same_excursion,0,0,1,object_only_not_proven_same_excursion,0
ZECUSDT:scenario:10,ZECUSDT,level_breakout,long,R:resistance:12266:g1,"[""structural_level"",""R:resistance:12266:g1""]:approach","[""structural_level"",""R:resistance:12266:g1""]:approach",True,False,False,False,1,1,exact_episode,0,1,1,exact_episode,0,1,1,exact_episode,0
BTCUSDT:scenario:10,BTCUSDT,level_breakout,long,R:resistance:18902:g1,"[""structural_level"",""R:resistance:18902:g1""]:cross:quote:1790453164478:1","[""structural_level"",""R:resistance:18902:g1""]:cross:quote:1790453164478:1",True,False,False,False,0,2,object_only_not_proven_same_excursion,0,0,2,object_only_not_proven_same_excursion,0,0,2,object_only_not_proven_same_excursion,0
SOLUSDT:scenario:11,SOLUSDT,level_breakout,short,S:support:7993:g1,"[""structural_level"",""S:support:7993:g1""]:cross:quote:1790453368413:4","[""structural_level"",""S:support:7993:g1""]:cross:quote:1790453368413:4",True,False,False,False,0,6,object_only_not_proven_same_excursion,0,0,6,object_only_not_proven_same_excursion,0,0,6,object_only_not_proven_same_excursion,0
ENAUSDT:scenario:8,ENAUSDT,weak_level_rejection,long,S:support:-2183:g1,"[""structural_level"",""S:support:-2183:g1""]:approach","[""structural_level"",""S:support:-2183:g1""]:approach",False,False,False,False,1,1,exact_episode,0,1,1,exact_episode,0,1,1,exact_episode,0
ETHUSDT:scenario:4,ETHUSDT,level_breakout,short,S:support:13159:g1,"[""structural_level"",""S:support:13159:g1""]:approach","[""structural_level"",""S:support:13159:g1""]:approach",True,False,False,False,1,1,exact_episode,0,1,1,exact_episode,0,1,1,exact_episode,0
ENAUSDT:scenario:9,ENAUSDT,weak_level_rejection,short,R:resistance:-2175:g1,"[""structural_level"",""R:resistance:-2175:g1""]:approach","[""structural_level"",""R:resistance:-2175:g1""]:approach",False,False,False,False,1,1,exact_episode,0,1,1,exact_episode,0,1,1,exact_episode,0
NEARUSDT:scenario:10,NEARUSDT,level_breakout,long,R:resistance:2632:g1,"[""structural_level"",""R:resistance:2632:g1""]:failed:quote:1790453267609:11","[""structural_level"",""R:resistance:2632:g1""]:failed:quote:1790453267609:11",True,False,False,False,0,1,object_only_not_proven_same_excursion,0,0,1,object_only_not_proven_same_excursion,0,0,1,object_only_not_proven_same_excursion,0
ZECUSDT:scenario:11,ZECUSDT,weak_level_rejection,short,R:resistance:12267:g1,"[""structural_level"",""R:resistance:12267:g1""]:approach","[""structural_level"",""R:resistance:12267:g1""]:approach",True,False,False,False,1,1,exact_episode,0,0,0,not_reconstructed,0,0,0,not_reconstructed,0
SOLUSDT:scenario:12,SOLUSDT,weak_level_rejection,short,R:resistance:7995:g1,"[""structural_level"",""R:resistance:7995:g1""]:cross:quote:1790453709261:1","[""structural_level"",""R:resistance:7995:g1""]:cross:quote:1790453709261:1",True,False,False,False,0,1,object_only_not_proven_same_excursion,0,0,2,object_only_not_proven_same_excursion,0,0,2,object_only_not_proven_same_excursion,0
ENAUSDT:scenario:10,ENAUSDT,weak_level_rejection,long,S:support:-2188:g1,"[""structural_level"",""S:support:-2188:g1""]:approach","[""structural_level"",""S:support:-2188:g1""]:approach",False,False,False,False,1,1,exact_episode,0,1,1,exact_episode,0,1,1,exact_episode,0
BTCUSDT:scenario:11,BTCUSDT,level_breakout,short,S:support:18903:g1,"[""structural_level"",""S:support:18903:g1""]:cross:quote:1790453361765:5","[""structural_level"",""S:support:18903:g1""]:cross:quote:1790453361765:5",True,False,False,False,0,5,object_only_not_proven_same_excursion,0,0,5,object_only_not_proven_same_excursion,0,0,5,object_only_not_proven_same_excursion,0
ENAUSDT:scenario:11,ENAUSDT,weak_level_rejection,short,R:resistance:-2175:g1,"[""structural_level"",""R:resistance:-2175:g1""]:approach","[""structural_level"",""R:resistance:-2175:g1""]:approach",False,False,False,False,1,1,exact_episode,0,1,1,exact_episode,0,1,1,exact_episode,0
NEARUSDT:scenario:11,NEARUSDT,level_breakout,short,S:support:2621:g1,"[""structural_level"",""S:support:2621:g1""]:approach","[""structural_level"",""S:support:2621:g1""]:approach",True,False,False,False,1,1,exact_episode,0,1,1,exact_episode,0,1,1,exact_episode,0
ZECUSDT:scenario:12,ZECUSDT,weak_level_rejection,short,R:resistance:12269:g1,"[""structural_level"",""R:resistance:12269:g1""]:approach","[""structural_level"",""R:resistance:12269:g1""]:approach",False,False,False,False,1,1,exact_episode,0,1,1,exact_episode,0,1,1,exact_episode,0
SOLUSDT:scenario:13,SOLUSDT,level_breakout,short,S:support:7993:g1,"[""structural_level"",""S:support:7993:g1""]:failed:quote:1790453368413:4","[""structural_level"",""S:support:7993:g1""]:failed:quote:1790453368413:4",True,False,False,False,0,6,object_only_not_proven_same_excursion,0,0,6,object_only_not_proven_same_excursion,0,0,6,object_only_not_proven_same_excursion,0
BTCUSDT:scenario:12,BTCUSDT,level_breakout,short,S:support:18903:g1,"[""structural_level"",""S:support:18903:g1""]:failed:quote:1790453361765:5","[""structural_level"",""S:support:18903:g1""]:failed:quote:1790453361765:5",True,False,False,False,0,5,object_only_not_proven_same_excursion,0,0,5,object_only_not_proven_same_excursion,0,0,5,object_only_not_proven_same_excursion,0
XRPUSDT:scenario:8,XRPUSDT,weak_level_rejection,short,R:resistance:699:g1,"[""structural_level"",""R:resistance:699:g1""]:approach","[""structural_level"",""R:resistance:699:g1""]:approach",False,False,False,False,1,1,exact_episode,0,1,1,exact_episode,0,1,1,exact_episode,0
ZECUSDT:scenario:13,ZECUSDT,level_breakout,long,R:resistance:12261:g1,"[""structural_level"",""R:resistance:12261:g1""]:cross:quote:1790453993591:15","[""structural_level"",""R:resistance:12261:g1""]:cross:quote:1790453993591:15",True,False,False,False,0,10,object_only_not_proven_same_excursion,0,0,10,object_only_not_proven_same_excursion,0,0,10,object_only_not_proven_same_excursion,0
ENAUSDT:scenario:12,ENAUSDT,weak_level_rejection,long,S:support:-2188:g1,"[""structural_level"",""S:support:-2188:g1""]:approach","[""structural_level"",""S:support:-2188:g1""]:approach",False,False,False,False,1,1,exact_episode,0,1,1,exact_episode,0,1,1,exact_episode,0
NEARUSDT:scenario:12,NEARUSDT,level_breakout,short,S:support:2624:g1,"[""structural_level"",""S:support:2624:g1""]:failed:quote:1790454057669:3","[""structural_level"",""S:support:2624:g1""]:failed:quote:1790454403867:5",True,False,False,False,0,5,object_only_not_proven_same_excursion,0,0,5,object_only_not_proven_same_excursion,0,0,5,object_only_not_proven_same_excursion,0
ZECUSDT:scenario:14,ZECUSDT,level_breakout,long,R:resistance:12273:g1,"[""structural_level"",""R:resistance:12273:g1""]:approach","[""structural_level"",""R:resistance:12273:g1""]:cross:quote:1790454314621:2",True,True,True,True,1,3,exact_episode,0,1,3,exact_episode,0,1,3,exact_episode,0
SOLUSDT:scenario:14,SOLUSDT,level_breakout,long,R:resistance:7996:g1,"[""structural_level"",""R:resistance:7996:g1""]:failed:bar:1790451000000","[""structural_level"",""R:resistance:7996:g1""]:cross:quote:1790454307151:1",True,True,False,False,1,2,exact_episode,0,1,2,exact_episode,0,1,2,exact_episode,0
XRPUSDT:scenario:9,XRPUSDT,weak_level_rejection,short,R:resistance:698:g1,"[""structural_level"",""R:resistance:698:g1""]:approach","[""structural_level"",""R:resistance:698:g1""]:cross:quote:1790454479082:6",True,False,False,False,1,7,exact_episode,0,1,7,exact_episode,0,1,7,exact_episode,0
ENAUSDT:scenario:13,ENAUSDT,weak_level_rejection,short,R:resistance:-2180:g1,"[""structural_level"",""R:resistance:-2180:g1""]:approach","[""structural_level"",""R:resistance:-2180:g1""]:failed:quote:1790454472978:2",True,False,False,False,1,4,exact_episode,0,1,4,exact_episode,0,1,4,exact_episode,0
SOLUSDT:scenario:15,SOLUSDT,level_breakout,long,R:resistance:7998:g1,"[""structural_level"",""R:resistance:7998:g1""]:approach","[""structural_level"",""R:resistance:7998:g1""]:approach",True,False,False,False,1,1,exact_episode,0,1,1,exact_episode,0,1,1,exact_episode,0
SOLUSDT:scenario:16,SOLUSDT,level_breakout,long,R:resistance:8001:g1,"[""structural_level"",""R:resistance:8001:g1""]:approach","[""structural_level"",""R:resistance:8001:g1""]:failed:quote:1790454622315:1",True,False,False,False,1,5,exact_episode,0,1,5,exact_episode,0,1,5,exact_episode,0
ZECUSDT:scenario:15,ZECUSDT,level_breakout,long,R:day_high:2026-09-26:g1,"[""structural_level"",""R:day_high:2026-09-26:g1""]:approach","[""structural_level"",""R:day_high:2026-09-26:g1""]:approach",True,False,False,False,1,12,exact_episode,0,1,26,exact_episode,0,1,26,exact_episode,0
NEARUSDT:scenario:13,NEARUSDT,level_breakout,short,S:support:2624:g1,"[""structural_level"",""S:support:2624:g1""]:cross:quote:1790454525769:6","[""structural_level"",""S:support:2624:g1""]:cross:quote:1790454525769:6",True,False,False,False,0,5,object_only_not_proven_same_excursion,0,0,5,object_only_not_proven_same_excursion,0,0,5,object_only_not_proven_same_excursion,0
ENAUSDT:scenario:14,ENAUSDT,weak_level_rejection,long,S:support:-2191:g1,"[""structural_level"",""S:support:-2191:g1""]:approach","[""structural_level"",""S:support:-2191:g1""]:approach",False,False,False,False,1,1,exact_episode,0,1,1,exact_episode,0,1,1,exact_episode,0
BTCUSDT:scenario:13,BTCUSDT,level_breakout,long,R:resistance:18904:g1,"[""structural_level"",""R:resistance:18904:g1""]:approach","[""structural_level"",""R:resistance:18904:g1""]:approach",True,False,False,False,1,1,exact_episode,0,1,1,exact_episode,0,1,1,exact_episode,0
NEARUSDT:scenario:14,NEARUSDT,level_breakout,short,S:support:2617:g1,"[""structural_level"",""S:support:2617:g1""]:failed:quote:1790451505213:2","[""structural_level"",""S:support:2617:g1""]:cross:quote:1790454855185:3",True,False,False,False,0,6,object_only_not_proven_same_excursion,0,0,12,object_only_not_proven_same_excursion,0,0,12,object_only_not_proven_same_excursion,0
ZECUSDT:scenario:16,ZECUSDT,level_breakout,long,R:day_high:2026-09-26:g1,"[""structural_level"",""R:day_high:2026-09-26:g1""]:approach","[""structural_level"",""R:day_high:2026-09-26:g1""]:approach",True,False,False,False,1,12,exact_episode,0,1,26,exact_episode,0,1,26,exact_episode,0
ZECUSDT:scenario:17,ZECUSDT,weak_level_rejection,short,R:resistance:12283:g1,"[""structural_level"",""R:resistance:12283:g1""]:failed:quote:1790454782886:2","[""structural_level"",""R:resistance:12283:g1""]:failed:quote:1790454782886:2",False,False,False,False,0,1,object_only_not_proven_same_excursion,0,0,1,object_only_not_proven_same_excursion,0,0,1,object_only_not_proven_same_excursion,0
NEARUSDT:scenario:15,NEARUSDT,weak_level_rejection,long,S:support:2614:g1,"[""structural_level"",""S:support:2614:g1""]:failed:quote:1790454851876:2","[""structural_level"",""S:support:2614:g1""]:failed:quote:1790454851876:2",False,False,False,False,0,1,object_only_not_proven_same_excursion,0,0,2,object_only_not_proven_same_excursion,0,0,2,object_only_not_proven_same_excursion,0
NEARUSDT:scenario:16,NEARUSDT,weak_level_rejection,long,S:support:2611:g1,"[""structural_level"",""S:support:2611:g1""]:approach","[""structural_level"",""S:support:2611:g1""]:approach",False,False,False,False,1,1,exact_episode,0,1,1,exact_episode,0,1,1,exact_episode,0
NEARUSDT:scenario:17,NEARUSDT,level_breakout,short,S:support:2617:g1,"[""structural_level"",""S:support:2617:g1""]:cross:quote:1790455102852:6","[""structural_level"",""S:support:2617:g1""]:cross:quote:1790455158851:9",True,False,False,False,0,6,object_only_not_proven_same_excursion,0,0,12,object_only_not_proven_same_excursion,0,0,12,object_only_not_proven_same_excursion,0
ENAUSDT:scenario:15,ENAUSDT,level_breakout,short,S:support:-2191:g1,"[""structural_level"",""S:support:-2191:g1""]:cross:quote:1790455160786:1","[""structural_level"",""S:support:-2191:g1""]:cross:quote:1790455167508:3",True,True,False,False,0,4,object_only_not_proven_same_excursion,0,0,5,object_only_not_proven_same_excursion,0,0,5,object_only_not_proven_same_excursion,0
BTCUSDT:scenario:14,BTCUSDT,level_breakout,short,S:support:18903:g1,"[""structural_level"",""S:support:18903:g1""]:failed:quote:1790453361765:5","[""structural_level"",""S:support:18903:g1""]:failed:quote:1790453361765:5",True,False,False,False,0,5,object_only_not_proven_same_excursion,0,0,5,object_only_not_proven_same_excursion,0,0,5,object_only_not_proven_same_excursion,0
ETHUSDT:scenario:5,ETHUSDT,level_breakout,short,S:support:13158:g1,"[""structural_level"",""S:support:13158:g1""]:approach","[""structural_level"",""S:support:13158:g1""]:approach",True,False,False,False,1,1,exact_episode,0,1,1,exact_episode,0,1,1,exact_episode,0
ENAUSDT:scenario:16,ENAUSDT,level_breakout,short,S:support:-2191:g1,"[""structural_level"",""S:support:-2191:g1""]:cross:quote:1790455186766:4","[""structural_level"",""S:support:-2191:g1""]:cross:quote:1790455186766:4",True,True,False,False,0,4,object_only_not_proven_same_excursion,0,0,5,object_only_not_proven_same_excursion,0,0,5,object_only_not_proven_same_excursion,0
SOLUSDT:scenario:17,SOLUSDT,level_breakout,short,S:support:7993:g1,"[""structural_level"",""S:support:7993:g1""]:failed:quote:1790453368413:4","[""structural_level"",""S:support:7993:g1""]:cross:quote:1790455218954:7",True,False,False,False,0,6,object_only_not_proven_same_excursion,0,0,6,object_only_not_proven_same_excursion,0,0,6,object_only_not_proven_same_excursion,0
ETHUSDT:scenario:6,ETHUSDT,level_breakout,short,S:day_low:2026-09-26:g1,"[""structural_level"",""S:day_low:2026-09-26:g1""]:cross:quote:1790455189985:1","[""structural_level"",""S:day_low:2026-09-26:g1""]:cross:quote:1790455189985:1",True,False,False,False,0,3,object_only_not_proven_same_excursion,0,0,8,object_only_not_proven_same_excursion,0,0,8,object_only_not_proven_same_excursion,0
XRPUSDT:scenario:10,XRPUSDT,weak_level_rejection,long,S:day_low:2026-09-26:g1,"[""structural_level"",""S:day_low:2026-09-26:g1""]:failed:quote:1790453356853:3","[""structural_level"",""S:day_low:2026-09-26:g1""]:failed:quote:1790455206111:7",True,True,False,False,0,15,object_only_not_proven_same_excursion,0,0,15,object_only_not_proven_same_excursion,0,0,15,object_only_not_proven_same_excursion,0
ETHUSDT:scenario:7,ETHUSDT,weak_level_rejection,long,S:day_low:2026-09-26:g1,"[""structural_level"",""S:day_low:2026-09-26:g1""]:failed:quote:1790455189985:1","[""structural_level"",""S:day_low:2026-09-26:g1""]:failed:quote:1790455204508:2",True,True,False,False,0,8,object_only_not_proven_same_excursion,0,0,10,object_only_not_proven_same_excursion,0,0,10,object_only_not_proven_same_excursion,0
ENAUSDT:scenario:17,ENAUSDT,weak_level_rejection,long,S:support:-2198:g1,"[""structural_level"",""S:support:-2198:g1""]:failed:quote:1790455203762:1","[""structural_level"",""S:support:-2198:g1""]:failed:quote:1790455207746:4",True,True,True,True,0,4,object_only_not_proven_same_excursion,0,0,4,object_only_not_proven_same_excursion,0,0,4,object_only_not_proven_same_excursion,0
BTCUSDT:scenario:15,BTCUSDT,level_breakout,short,S:support:18901:g1,"[""structural_level"",""S:support:18901:g1""]:approach","[""structural_level"",""S:support:18901:g1""]:approach",True,False,False,False,1,2,exact_episode,0,1,2,exact_episode,0,1,2,exact_episode,0
ETHUSDT:scenario:8,ETHUSDT,weak_level_rejection,long,S:day_low:2026-09-26:g1,"[""structural_level"",""S:day_low:2026-09-26:g1""]:failed:quote:1790455204508:2","[""structural_level"",""S:day_low:2026-09-26:g1""]:failed:quote:1790455204508:2",True,False,False,False,0,8,object_only_not_proven_same_excursion,0,0,10,object_only_not_proven_same_excursion,0,0,10,object_only_not_proven_same_excursion,0
XRPUSDT:scenario:11,XRPUSDT,level_breakout,short,S:day_low:2026-09-26:g1,"[""structural_level"",""S:day_low:2026-09-26:g1""]:cross:quote:1790455223467:8","[""structural_level"",""S:day_low:2026-09-26:g1""]:cross:quote:1790455223467:8",True,True,False,False,0,4,object_only_not_proven_same_excursion,0,0,26,object_only_not_proven_same_excursion,0,0,26,object_only_not_proven_same_excursion,0
XRPUSDT:scenario:12,XRPUSDT,level_breakout,short,S:day_low:2026-09-26:g1,"[""structural_level"",""S:day_low:2026-09-26:g1""]:cross:quote:1790455223467:8","[""structural_level"",""S:day_low:2026-09-26:g1""]:cross:quote:1790455223467:8",True,False,False,False,0,4,object_only_not_proven_same_excursion,0,0,26,object_only_not_proven_same_excursion,0,0,26,object_only_not_proven_same_excursion,0
ENAUSDT:scenario:18,ENAUSDT,weak_level_rejection,long,S:support:-2198:g1,"[""structural_level"",""S:support:-2198:g1""]:failed:quote:1790455225479:5","[""structural_level"",""S:support:-2198:g1""]:failed:quote:1790455235599:7",True,False,False,False,0,4,object_only_not_proven_same_excursion,0,0,4,object_only_not_proven_same_excursion,0,0,4,object_only_not_proven_same_excursion,0
ETHUSDT:scenario:9,ETHUSDT,weak_level_rejection,long,S:day_low:2026-09-26:g1,"[""structural_level"",""S:day_low:2026-09-26:g1""]:failed:quote:1790455225459:3","[""structural_level"",""S:day_low:2026-09-26:g1""]:failed:quote:1790455233775:4",True,True,False,False,0,8,object_only_not_proven_same_excursion,0,0,10,object_only_not_proven_same_excursion,0,0,10,object_only_not_proven_same_excursion,0
BTCUSDT:scenario:16,BTCUSDT,level_breakout,short,S:support:18901:g1,"[""structural_level"",""S:support:18901:g1""]:approach","[""structural_level"",""S:support:18901:g1""]:approach",True,False,False,False,1,2,exact_episode,0,1,2,exact_episode,0,1,2,exact_episode,0
XRPUSDT:scenario:13,XRPUSDT,weak_level_rejection,long,S:day_low:2026-09-26:g1,"[""structural_level"",""S:day_low:2026-09-26:g1""]:failed:quote:1790455223467:8","[""structural_level"",""S:day_low:2026-09-26:g1""]:failed:quote:1790455238123:11",True,True,True,True,0,15,object_only_not_proven_same_excursion,0,0,15,object_only_not_proven_same_excursion,0,0,15,object_only_not_proven_same_excursion,0
ETHUSDT:scenario:10,ETHUSDT,weak_level_rejection,long,S:day_low:2026-09-26:g1,"[""structural_level"",""S:day_low:2026-09-26:g1""]:failed:quote:1790455233775:4","[""structural_level"",""S:day_low:2026-09-26:g1""]:failed:quote:1790455233775:4",True,False,False,False,0,8,object_only_not_proven_same_excursion,0,0,10,object_only_not_proven_same_excursion,0,0,10,object_only_not_proven_same_excursion,0
XRPUSDT:scenario:14,XRPUSDT,level_breakout,short,S:day_low:2026-09-26:g1,"[""structural_level"",""S:day_low:2026-09-26:g1""]:cross:quote:1790455241089:12","[""structural_level"",""S:day_low:2026-09-26:g1""]:cross:quote:1790455241089:12",True,False,False,False,0,4,object_only_not_proven_same_excursion,0,0,26,object_only_not_proven_same_excursion,0,0,26,object_only_not_proven_same_excursion,0
XRPUSDT:scenario:15,XRPUSDT,weak_level_rejection,long,S:day_low:2026-09-26:g1,"[""structural_level"",""S:day_low:2026-09-26:g1""]:failed:quote:1790455241089:12","[""structural_level"",""S:day_low:2026-09-26:g1""]:failed:quote:1790455249874:13",True,False,False,False,0,15,object_only_not_proven_same_excursion,0,0,15,object_only_not_proven_same_excursion,0,0,15,object_only_not_proven_same_excursion,0
ETHUSDT:scenario:11,ETHUSDT,weak_level_rejection,long,S:day_low:2026-09-26:g1,"[""structural_level"",""S:day_low:2026-09-26:g1""]:failed:quote:1790455233775:4","[""structural_level"",""S:day_low:2026-09-26:g1""]:failed:quote:1790455233775:4",True,False,False,False,0,8,object_only_not_proven_same_excursion,0,0,10,object_only_not_proven_same_excursion,0,0,10,object_only_not_proven_same_excursion,0
ETHUSDT:scenario:12,ETHUSDT,weak_level_rejection,long,S:day_low:2026-09-26:g1,"[""structural_level"",""S:day_low:2026-09-26:g1""]:failed:quote:1790455249899:5","[""structural_level"",""S:day_low:2026-09-26:g1""]:failed:quote:1790455249899:5",False,False,False,False,0,8,object_only_not_proven_same_excursion,0,0,10,object_only_not_proven_same_excursion,0,0,10,object_only_not_proven_same_excursion,0
ETHUSDT:scenario:13,ETHUSDT,weak_level_rejection,long,S:day_low:2026-09-26:g1,"[""structural_level"",""S:day_low:2026-09-26:g1""]:failed:bar:1790455260000","[""structural_level"",""S:day_low:2026-09-26:g1""]:failed:quote:1790455272916:6",True,False,False,False,1,8,exact_episode,0,1,10,exact_episode,0,1,10,exact_episode,0
BTCUSDT:scenario:17,BTCUSDT,level_breakout,short,S:support:18900:g1,"[""structural_level"",""S:support:18900:g1""]:approach","[""structural_level"",""S:support:18900:g1""]:approach",True,False,False,False,1,2,exact_episode,0,1,2,exact_episode,0,1,2,exact_episode,0
SOLUSDT:scenario:18,SOLUSDT,level_breakout,short,S:support:7984:g1,"[""structural_level"",""S:support:7984:g1""]:approach","[""structural_level"",""S:support:7984:g1""]:approach",True,False,False,False,1,4,exact_episode,0,1,4,exact_episode,0,1,4,exact_episode,0
XRPUSDT:scenario:16,XRPUSDT,weak_level_rejection,long,S:day_low:2026-09-26:g1,"[""structural_level"",""S:day_low:2026-09-26:g1""]:failed:quote:1790455249874:13","[""structural_level"",""S:day_low:2026-09-26:g1""]:failed:quote:1790455249874:13",False,False,False,False,0,15,object_only_not_proven_same_excursion,0,0,15,object_only_not_proven_same_excursion,0,0,15,object_only_not_proven_same_excursion,0
ETHUSDT:scenario:14,ETHUSDT,weak_level_rejection,long,S:previous_day_low:13151:g1,"[""structural_level"",""S:previous_day_low:13151:g1""]:failed:bar:1790455260000","[""structural_level"",""S:previous_day_low:13151:g1""]:failed:quote:1790455276933:1",True,False,False,False,1,3,exact_episode,0,1,3,exact_episode,0,1,3,exact_episode,0
ETHUSDT:scenario:15,ETHUSDT,level_breakout,short,S:support:13151:g1,"[""structural_level"",""S:support:13151:g1""]:approach","[""structural_level"",""S:support:13151:g1""]:approach",True,False,False,False,1,3,exact_episode,0,1,3,exact_episode,0,1,3,exact_episode,0
ETHUSDT:scenario:16,ETHUSDT,level_breakout,short,S:day_low:2026-09-26:g1,"[""structural_level"",""S:day_low:2026-09-26:g1""]:cross:quote:1790455274415:7","[""structural_level"",""S:day_low:2026-09-26:g1""]:cross:quote:1790455274415:7",True,False,False,False,0,3,object_only_not_proven_same_excursion,0,0,8,object_only_not_proven_same_excursion,0,0,8,object_only_not_proven_same_excursion,0
BTCUSDT:scenario:18,BTCUSDT,level_breakout,short,S:support:18900:g1,"[""structural_level"",""S:support:18900:g1""]:approach","[""structural_level"",""S:support:18900:g1""]:approach",True,False,False,False,1,2,exact_episode,0,1,2,exact_episode,0,1,2,exact_episode,0
ETHUSDT:scenario:17,ETHUSDT,weak_level_rejection,long,S:day_low:2026-09-26:g1,"[""structural_level"",""S:day_low:2026-09-26:g1""]:failed:quote:1790455274415:7","[""structural_level"",""S:day_low:2026-09-26:g1""]:failed:quote:1790455274415:7",True,True,True,True,0,8,object_only_not_proven_same_excursion,0,0,10,object_only_not_proven_same_excursion,0,0,10,object_only_not_proven_same_excursion,0
XRPUSDT:scenario:17,XRPUSDT,weak_level_rejection,long,S:day_low:2026-09-26:g1,"[""structural_level"",""S:day_low:2026-09-26:g1""]:failed:quote:1790455249874:13","[""structural_level"",""S:day_low:2026-09-26:g1""]:failed:quote:1790455366606:17",True,True,False,False,0,15,object_only_not_proven_same_excursion,0,0,15,object_only_not_proven_same_excursion,0,0,15,object_only_not_proven_same_excursion,0
BTCUSDT:scenario:19,BTCUSDT,level_breakout,short,S:support:18900:g1,"[""structural_level"",""S:support:18900:g1""]:approach","[""structural_level"",""S:support:18900:g1""]:approach",True,False,False,False,1,2,exact_episode,0,1,2,exact_episode,0,1,2,exact_episode,0
NEARUSDT:scenario:18,NEARUSDT,level_breakout,short,S:day_low:2026-09-26:g1,"[""structural_level"",""S:day_low:2026-09-26:g1""]:approach","[""structural_level"",""S:day_low:2026-09-26:g1""]:approach",True,False,False,False,1,2,exact_episode,0,1,2,exact_episode,0,1,2,exact_episode,0
SOLUSDT:scenario:19,SOLUSDT,level_breakout,short,S:support:7984:g1,"[""structural_level"",""S:support:7984:g1""]:approach","[""structural_level"",""S:support:7984:g1""]:approach",True,False,False,False,1,4,exact_episode,0,1,4,exact_episode,0,1,4,exact_episode,0
NEARUSDT:scenario:19,NEARUSDT,level_breakout,short,S:day_low:2026-09-26:g1,"[""structural_level"",""S:day_low:2026-09-26:g1""]:approach","[""structural_level"",""S:day_low:2026-09-26:g1""]:cross:quote:1790455432697:1",True,True,False,False,1,2,exact_episode,0,1,2,exact_episode,0,1,2,exact_episode,0
BTCUSDT:scenario:20,BTCUSDT,level_breakout,short,S:support:18900:g1,"[""structural_level"",""S:support:18900:g1""]:approach","[""structural_level"",""S:support:18900:g1""]:approach",True,False,False,False,1,2,exact_episode,0,1,2,exact_episode,0,1,2,exact_episode,0
BTCUSDT:scenario:21,BTCUSDT,level_breakout,short,S:support:18901:g1,"[""structural_level"",""S:support:18901:g1""]:cross:quote:1790455430447:3","[""structural_level"",""S:support:18901:g1""]:cross:quote:1790455430447:3",True,False,False,False,0,2,object_only_not_proven_same_excursion,0,0,2,object_only_not_proven_same_excursion,0,0,2,object_only_not_proven_same_excursion,0
SOLUSDT:scenario:20,SOLUSDT,level_breakout,short,S:support:7984:g1,"[""structural_level"",""S:support:7984:g1""]:approach","[""structural_level"",""S:support:7984:g1""]:cross:quote:1790455802454:2",True,False,False,False,1,4,exact_episode,0,1,4,exact_episode,0,1,4,exact_episode,0
BTCUSDT:scenario:22,BTCUSDT,level_breakout,short,S:support:18900:g1,"[""structural_level"",""S:support:18900:g1""]:approach","[""structural_level"",""S:support:18900:g1""]:approach",True,False,False,False,1,2,exact_episode,0,1,2,exact_episode,0,1,2,exact_episode,0
XRPUSDT:scenario:18,XRPUSDT,weak_level_rejection,long,S:day_low:2026-09-26:g1,"[""structural_level"",""S:day_low:2026-09-26:g1""]:failed:quote:1790455366606:17","[""structural_level"",""S:day_low:2026-09-26:g1""]:failed:bar:1790455620000",True,False,False,False,0,15,object_only_not_proven_same_excursion,0,0,15,object_only_not_proven_same_excursion,0,0,15,object_only_not_proven_same_excursion,0
ETHUSDT:scenario:18,ETHUSDT,level_breakout,short,S:support:13151:g1,"[""structural_level"",""S:support:13151:g1""]:failed:bar:1790455260000","[""structural_level"",""S:support:13151:g1""]:cross:quote:1790455652222:1",True,False,False,False,1,3,exact_episode,0,1,3,exact_episode,0,1,3,exact_episode,0
ETHUSDT:scenario:19,ETHUSDT,level_breakout,short,S:day_low:2026-09-26:g1,"[""structural_level"",""S:day_low:2026-09-26:g1""]:cross:quote:1790455652502:8","[""structural_level"",""S:day_low:2026-09-26:g1""]:cross:quote:1790455652502:8",True,False,False,False,0,3,object_only_not_proven_same_excursion,0,0,8,object_only_not_proven_same_excursion,0,0,8,object_only_not_proven_same_excursion,0
ETHUSDT:scenario:20,ETHUSDT,weak_level_rejection,long,S:support:13150:g1,"[""structural_level"",""S:support:13150:g1""]:failed:quote:1790455652502:1","[""structural_level"",""S:support:13150:g1""]:failed:bar:1790455800000",True,False,False,False,0,1,object_only_not_proven_same_excursion,0,1,3,exact_episode,0,1,3,exact_episode,0
BTCUSDT:scenario:23,BTCUSDT,level_breakout,short,S:support:18900:g1,"[""structural_level"",""S:support:18900:g1""]:cross:quote:1790455652583:1","[""structural_level"",""S:support:18900:g1""]:cross:quote:1790455652583:1",True,False,False,False,0,2,object_only_not_proven_same_excursion,0,0,2,object_only_not_proven_same_excursion,0,0,2,object_only_not_proven_same_excursion,0
ZECUSDT:scenario:18,ZECUSDT,weak_level_rejection,long,S:support:12262:g3,"[""structural_level"",""S:support:12262:g3""]:failed:quote:1790455657561:2","[""structural_level"",""S:support:12262:g3""]:failed:quote:1790455657561:2",True,False,False,False,0,1,object_only_not_proven_same_excursion,0,0,1,object_only_not_proven_same_excursion,0,0,1,object_only_not_proven_same_excursion,0
BTCUSDT:scenario:24,BTCUSDT,level_breakout,short,S:support:18900:g1,"[""structural_level"",""S:support:18900:g1""]:cross:quote:1790455652583:1","[""structural_level"",""S:support:18900:g1""]:cross:quote:1790455652583:1",True,False,False,False,0,2,object_only_not_proven_same_excursion,0,0,2,object_only_not_proven_same_excursion,0,0,2,object_only_not_proven_same_excursion,0
BTCUSDT:scenario:25,BTCUSDT,level_breakout,short,S:support:18900:g1,"[""structural_level"",""S:support:18900:g1""]:cross:quote:1790455652583:1","[""structural_level"",""S:support:18900:g1""]:cross:quote:1790455652583:1",True,False,False,False,0,2,object_only_not_proven_same_excursion,0,0,2,object_only_not_proven_same_excursion,0,0,2,object_only_not_proven_same_excursion,0
BTCUSDT:scenario:26,BTCUSDT,level_breakout,short,S:support:18900:g1,"[""structural_level"",""S:support:18900:g1""]:cross:quote:1790455652583:1","[""structural_level"",""S:support:18900:g1""]:cross:quote:1790455652583:1",True,False,False,False,0,2,object_only_not_proven_same_excursion,0,0,2,object_only_not_proven_same_excursion,0,0,2,object_only_not_proven_same_excursion,0
ENAUSDT:scenario:19,ENAUSDT,weak_level_rejection,long,S:support:-2207:g1,"[""structural_level"",""S:support:-2207:g1""]:approach","[""structural_level"",""S:support:-2207:g1""]:approach",False,False,False,False,1,1,exact_episode,0,1,1,exact_episode,0,1,1,exact_episode,0
ETHUSDT:scenario:21,ETHUSDT,weak_level_rejection,long,S:previous_day_low:13151:g1,"[""structural_level"",""S:previous_day_low:13151:g1""]:failed:quote:1790455721741:7","[""structural_level"",""S:previous_day_low:13151:g1""]:failed:quote:1790455721741:7",False,False,False,False,0,3,object_only_not_proven_same_excursion,0,0,3,object_only_not_proven_same_excursion,0,0,3,object_only_not_proven_same_excursion,0
NEARUSDT:scenario:20,NEARUSDT,weak_level_rejection,short,R:resistance:2609:g1,"[""structural_level"",""R:resistance:2609:g1""]:approach","[""structural_level"",""R:resistance:2609:g1""]:failed:quote:1790455993529:1",True,False,False,False,1,2,exact_episode,0,1,2,exact_episode,0,1,2,exact_episode,0
BTCUSDT:scenario:27,BTCUSDT,level_breakout,short,S:support:18900:g1,"[""structural_level"",""S:support:18900:g1""]:cross:quote:1790455652583:1","[""structural_level"",""S:support:18900:g1""]:cross:quote:1790455652583:1",True,False,False,False,0,2,object_only_not_proven_same_excursion,0,0,2,object_only_not_proven_same_excursion,0,0,2,object_only_not_proven_same_excursion,0
ETHUSDT:scenario:22,ETHUSDT,weak_level_rejection,long,S:previous_day_low:13151:g1,"[""structural_level"",""S:previous_day_low:13151:g1""]:failed:quote:1790455721741:7","[""structural_level"",""S:previous_day_low:13151:g1""]:failed:quote:1790455721741:7",False,False,False,False,0,3,object_only_not_proven_same_excursion,0,0,3,object_only_not_proven_same_excursion,0,0,3,object_only_not_proven_same_excursion,0
XRPUSDT:scenario:19,XRPUSDT,weak_level_rejection,short,R:resistance:684:g2,"[""structural_level"",""R:resistance:684:g2""]:failed:bar:1790455620000","[""structural_level"",""R:resistance:684:g2""]:cross:quote:1790455964451:3",True,False,False,False,1,4,exact_episode,0,1,4,exact_episode,0,1,4,exact_episode,0
ENAUSDT:scenario:20,ENAUSDT,weak_level_rejection,short,R:resistance:-2193:g1,"[""structural_level"",""R:resistance:-2193:g1""]:failed:quote:1790456034186:3","[""structural_level"",""R:resistance:-2193:g1""]:failed:quote:1790456034186:3",True,False,False,False,0,1,object_only_not_proven_same_excursion,0,0,1,object_only_not_proven_same_excursion,0,0,1,object_only_not_proven_same_excursion,0
BTCUSDT:scenario:28,BTCUSDT,level_breakout,long,R:resistance:18904:g1,"[""structural_level"",""R:resistance:18904:g1""]:approach","[""structural_level"",""R:resistance:18904:g1""]:approach",True,False,False,False,1,1,exact_episode,0,1,1,exact_episode,0,1,1,exact_episode,0
ZECUSDT:scenario:19,ZECUSDT,level_breakout,short,S:support:12265:g1,"[""structural_level"",""S:support:12265:g1""]:approach","[""structural_level"",""S:support:12265:g1""]:approach",True,False,False,False,1,1,exact_episode,0,1,1,exact_episode,0,1,1,exact_episode,0
SOLUSDT:scenario:21,SOLUSDT,level_breakout,short,S:support:7984:g1,"[""structural_level"",""S:support:7984:g1""]:failed:quote:1790455802454:2","[""structural_level"",""S:support:7984:g1""]:failed:quote:1790455802454:2",True,False,False,False,0,4,object_only_not_proven_same_excursion,0,0,4,object_only_not_proven_same_excursion,0,0,4,object_only_not_proven_same_excursion,0
ZECUSDT:scenario:20,ZECUSDT,weak_level_rejection,short,R:resistance:12283:g1,"[""structural_level"",""R:resistance:12283:g1""]:failed:quote:1790454782886:2","[""structural_level"",""R:resistance:12283:g1""]:failed:quote:1790454782886:2",False,False,False,False,0,1,object_only_not_proven_same_excursion,0,0,1,object_only_not_proven_same_excursion,0,0,1,object_only_not_proven_same_excursion,0
NEARUSDT:scenario:21,NEARUSDT,weak_level_rejection,short,R:resistance:2612:g1,"[""structural_level"",""R:resistance:2612:g1""]:approach","[""structural_level"",""R:resistance:2612:g1""]:approach",False,False,False,False,1,1,exact_episode,0,1,1,exact_episode,0,1,1,exact_episode,0
NEARUSDT:scenario:22,NEARUSDT,weak_level_rejection,short,R:resistance:2611:g1,"[""structural_level"",""R:resistance:2611:g1""]:approach","[""structural_level"",""R:resistance:2611:g1""]:approach",True,False,False,False,1,1,exact_episode,0,1,1,exact_episode,0,1,1,exact_episode,0
ZECUSDT:scenario:21,ZECUSDT,level_breakout,long,R:day_high:2026-09-26:g1,"[""structural_level"",""R:day_high:2026-09-26:g1""]:approach","[""structural_level"",""R:day_high:2026-09-26:g1""]:approach",True,False,False,False,1,12,exact_episode,0,1,26,exact_episode,0,1,26,exact_episode,0
ENAUSDT:scenario:21,ENAUSDT,weak_level_rejection,long,S:support:-2194:g1,"[""structural_level"",""S:support:-2194:g1""]:approach","[""structural_level"",""S:support:-2194:g1""]:failed:quote:1790456409602:1",True,True,False,False,1,3,exact_episode,0,1,3,exact_episode,0,1,3,exact_episode,0
XRPUSDT:scenario:20,XRPUSDT,weak_level_rejection,short,R:resistance:690:g1,"[""structural_level"",""R:resistance:690:g1""]:approach","[""structural_level"",""R:resistance:690:g1""]:failed:quote:1790456550200:8",True,False,False,False,1,10,exact_episode,0,1,10,exact_episode,0,1,10,exact_episode,0
ENAUSDT:scenario:22,ENAUSDT,weak_level_rejection,short,R:resistance:-2185:g1,"[""structural_level"",""R:resistance:-2185:g1""]:approach","[""structural_level"",""R:resistance:-2185:g1""]:approach",False,False,False,False,1,1,exact_episode,0,1,1,exact_episode,0,1,1,exact_episode,0
SOLUSDT:scenario:22,SOLUSDT,weak_level_rejection,short,R:resistance:7989:g1,"[""structural_level"",""R:resistance:7989:g1""]:approach","[""structural_level"",""R:resistance:7989:g1""]:cross:quote:1790456633850:1",True,False,False,False,1,2,exact_episode,0,1,2,exact_episode,0,1,2,exact_episode,0
ETHUSDT:scenario:23,ETHUSDT,weak_level_rejection,short,R:resistance:13157:g1,"[""structural_level"",""R:resistance:13157:g1""]:approach","[""structural_level"",""R:resistance:13157:g1""]:cross:quote:1790456647122:1",True,False,False,False,1,2,exact_episode,0,1,2,exact_episode,0,1,2,exact_episode,0
ZECUSDT:scenario:22,ZECUSDT,level_breakout,long,R:day_high:2026-09-26:g1,"[""structural_level"",""R:day_high:2026-09-26:g1""]:approach","[""structural_level"",""R:day_high:2026-09-26:g1""]:approach",True,False,False,False,1,12,exact_episode,0,1,26,exact_episode,0,1,26,exact_episode,0
ZECUSDT:scenario:23,ZECUSDT,weak_level_rejection,short,R:resistance:12287:g1,"[""structural_level"",""R:resistance:12287:g1""]:failed:bar:1790456880000","[""structural_level"",""R:resistance:12287:g1""]:failed:quote:1790456939558:2",True,True,True,True,1,2,exact_episode,0,0,1,object_only_not_proven_same_excursion,0,0,1,object_only_not_proven_same_excursion,0
NEARUSDT:scenario:23,NEARUSDT,weak_level_rejection,short,R:resistance:2615:g1,"[""structural_level"",""R:resistance:2615:g1""]:approach","[""structural_level"",""R:resistance:2615:g1""]:cross:quote:1790457142611:5",True,False,False,False,1,9,exact_episode,0,1,9,exact_episode,0,1,9,exact_episode,0
ZECUSDT:scenario:24,ZECUSDT,weak_level_rejection,short,R:day_high:2026-09-26:g1,"[""structural_level"",""R:day_high:2026-09-26:g1""]:failed:quote:1790456944079:3","[""structural_level"",""R:day_high:2026-09-26:g1""]:failed:quote:1790457022457:5",True,False,False,False,0,14,object_only_not_proven_same_excursion,0,0,25,object_only_not_proven_same_excursion,0,0,25,object_only_not_proven_same_excursion,0
XRPUSDT:scenario:21,XRPUSDT,weak_level_rejection,short,R:resistance:694:g1,"[""structural_level"",""R:resistance:694:g1""]:approach","[""structural_level"",""R:resistance:694:g1""]:failed:quote:1790457275239:2",True,False,False,False,1,5,exact_episode,0,1,5,exact_episode,0,1,5,exact_episode,0
SOLUSDT:scenario:23,SOLUSDT,weak_level_rejection,long,S:support:7989:g1,"[""structural_level"",""S:support:7989:g1""]:approach","[""structural_level"",""S:support:7989:g1""]:approach",True,False,False,False,1,1,exact_episode,0,1,1,exact_episode,0,1,1,exact_episode,0
ETHUSDT:scenario:24,ETHUSDT,weak_level_rejection,short,R:resistance:13159:g2,"[""structural_level"",""R:resistance:13159:g2""]:approach","[""structural_level"",""R:resistance:13159:g2""]:approach",True,False,False,False,1,1,exact_episode,0,1,1,exact_episode,0,1,1,exact_episode,0
NEARUSDT:scenario:24,NEARUSDT,weak_level_rejection,short,R:resistance:2618:g2,"[""structural_level"",""R:resistance:2618:g2""]:approach","[""structural_level"",""R:resistance:2618:g2""]:cross:quote:1790457411321:4",True,False,False,False,1,6,exact_episode,0,1,6,exact_episode,0,1,6,exact_episode,0
XRPUSDT:scenario:22,XRPUSDT,weak_level_rejection,short,R:resistance:694:g1,"[""structural_level"",""R:resistance:694:g1""]:failed:quote:1790457312552:3","[""structural_level"",""R:resistance:694:g1""]:failed:quote:1790457312552:3",True,False,False,False,0,5,object_only_not_proven_same_excursion,0,0,5,object_only_not_proven_same_excursion,0,0,5,object_only_not_proven_same_excursion,0
SOLUSDT:scenario:24,SOLUSDT,weak_level_rejection,short,R:resistance:7993:g1,"[""structural_level"",""R:resistance:7993:g1""]:failed:quote:1790451038652:1","[""structural_level"",""R:resistance:7993:g1""]:cross:quote:1790457432091:4",True,False,False,False,1,5,exact_episode,0,1,5,exact_episode,0,1,5,exact_episode,0
ZECUSDT:scenario:25,ZECUSDT,level_breakout,long,R:day_high:2026-09-26:g1,"[""structural_level"",""R:day_high:2026-09-26:g1""]:cross:quote:1790457372468:6","[""structural_level"",""R:day_high:2026-09-26:g1""]:cross:quote:1790457372468:6",True,True,False,False,0,12,object_only_not_proven_same_excursion,0,0,26,object_only_not_proven_same_excursion,0,0,26,object_only_not_proven_same_excursion,0
ZECUSDT:scenario:26,ZECUSDT,weak_level_rejection,short,R:day_high:2026-09-26:g1,"[""structural_level"",""R:day_high:2026-09-26:g1""]:failed:quote:1790457372468:6","[""structural_level"",""R:day_high:2026-09-26:g1""]:failed:quote:1790457433900:7",True,False,False,False,0,14,object_only_not_proven_same_excursion,0,0,25,object_only_not_proven_same_excursion,0,0,25,object_only_not_proven_same_excursion,0
ENAUSDT:scenario:23,ENAUSDT,level_breakout,long,R:resistance:-2185:g1,"[""structural_level"",""R:resistance:-2185:g1""]:approach","[""structural_level"",""R:resistance:-2185:g1""]:approach",True,False,False,False,1,2,exact_episode,0,1,2,exact_episode,0,1,2,exact_episode,0
ZECUSDT:scenario:27,ZECUSDT,level_breakout,long,R:day_high:2026-09-26:g1,"[""structural_level"",""R:day_high:2026-09-26:g1""]:cross:quote:1790457439532:8","[""structural_level"",""R:day_high:2026-09-26:g1""]:cross:quote:1790457439532:8",True,True,False,False,0,12,object_only_not_proven_same_excursion,0,0,26,object_only_not_proven_same_excursion,0,0,26,object_only_not_proven_same_excursion,0
ZECUSDT:scenario:28,ZECUSDT,weak_level_rejection,short,R:day_high:2026-09-26:g1,"[""structural_level"",""R:day_high:2026-09-26:g1""]:failed:quote:1790457439532:8","[""structural_level"",""R:day_high:2026-09-26:g1""]:failed:bar:1790457720000",True,False,False,False,0,14,object_only_not_proven_same_excursion,0,0,25,object_only_not_proven_same_excursion,0,0,25,object_only_not_proven_same_excursion,0
NEARUSDT:scenario:25,NEARUSDT,level_breakout,long,R:resistance:2627:g1,"[""structural_level"",""R:resistance:2627:g1""]:failed:quote:1790452088038:2","[""structural_level"",""R:resistance:2627:g1""]:cross:quote:1790457838802:4",True,True,False,False,0,5,object_only_not_proven_same_excursion,0,0,6,object_only_not_proven_same_excursion,0,0,6,object_only_not_proven_same_excursion,0
ZECUSDT:scenario:29,ZECUSDT,level_breakout,long,R:previous_day_high:12327:g1,"[""structural_level"",""R:previous_day_high:12327:g1""]:approach","[""structural_level"",""R:previous_day_high:12327:g1""]:approach",True,False,False,False,1,2,exact_episode,0,1,2,exact_episode,0,1,2,exact_episode,0
ZECUSDT:scenario:30,ZECUSDT,level_breakout,long,R:day_high:2026-09-26:g1,"[""structural_level"",""R:day_high:2026-09-26:g1""]:cross:quote:1790457753463:10","[""structural_level"",""R:day_high:2026-09-26:g1""]:cross:quote:1790457753463:10",True,True,False,False,0,12,object_only_not_proven_same_excursion,0,0,26,object_only_not_proven_same_excursion,0,0,26,object_only_not_proven_same_excursion,0
ZECUSDT:scenario:31,ZECUSDT,level_breakout,long,R:previous_day_high:12327:g1,"[""structural_level"",""R:previous_day_high:12327:g1""]:approach","[""structural_level"",""R:previous_day_high:12327:g1""]:cross:quote:1790457778311:1",True,True,False,False,1,2,exact_episode,0,1,2,exact_episode,0,1,2,exact_episode,0
ZECUSDT:scenario:32,ZECUSDT,weak_level_rejection,short,R:day_high:2026-09-26:g1,"[""structural_level"",""R:day_high:2026-09-26:g1""]:failed:quote:1790457753463:10","[""structural_level"",""R:day_high:2026-09-26:g1""]:failed:quote:1790457753463:10",False,False,False,False,0,14,object_only_not_proven_same_excursion,0,0,25,object_only_not_proven_same_excursion,0,0,25,object_only_not_proven_same_excursion,0
ZECUSDT:scenario:33,ZECUSDT,weak_level_rejection,short,R:day_high:2026-09-26:g1,"[""structural_level"",""R:day_high:2026-09-26:g1""]:failed:quote:1790457753463:10","[""structural_level"",""R:day_high:2026-09-26:g1""]:failed:quote:1790457753463:10",False,False,False,False,0,14,object_only_not_proven_same_excursion,0,0,25,object_only_not_proven_same_excursion,0,0,25,object_only_not_proven_same_excursion,0
XRPUSDT:scenario:23,XRPUSDT,weak_level_rejection,short,R:resistance:698:g2,"[""structural_level"",""R:resistance:698:g2""]:approach","[""structural_level"",""R:resistance:698:g2""]:approach",True,False,False,False,1,1,exact_episode,0,1,1,exact_episode,0,1,1,exact_episode,0
NEARUSDT:scenario:26,NEARUSDT,weak_level_rejection,short,R:resistance:2633:g1,"[""structural_level"",""R:resistance:2633:g1""]:failed:quote:1790457864215:1","[""structural_level"",""R:resistance:2633:g1""]:failed:quote:1790457864215:1",True,False,False,False,0,2,object_only_not_proven_same_excursion,0,0,1,object_only_not_proven_same_excursion,0,0,1,object_only_not_proven_same_excursion,0
ZECUSDT:scenario:34,ZECUSDT,level_breakout,long,R:day_high:2026-09-26:g1,"[""structural_level"",""R:day_high:2026-09-26:g1""]:cross:quote:1790457872700:11","[""structural_level"",""R:day_high:2026-09-26:g1""]:cross:quote:1790457872700:11",True,False,False,False,0,12,object_only_not_proven_same_excursion,0,0,26,object_only_not_proven_same_excursion,0,0,26,object_only_not_proven_same_excursion,0
ZECUSDT:scenario:35,ZECUSDT,level_breakout,long,R:day_high:2026-09-26:g1,"[""structural_level"",""R:day_high:2026-09-26:g1""]:cross:quote:1790457873064:12","[""structural_level"",""R:day_high:2026-09-26:g1""]:cross:quote:1790457873064:12",True,False,False,False,0,12,object_only_not_proven_same_excursion,0,0,26,object_only_not_proven_same_excursion,0,0,26,object_only_not_proven_same_excursion,0
ZECUSDT:scenario:36,ZECUSDT,weak_level_rejection,short,R:day_high:2026-09-26:g1,"[""structural_level"",""R:day_high:2026-09-26:g1""]:failed:quote:1790457873064:12","[""structural_level"",""R:day_high:2026-09-26:g1""]:failed:quote:1790457879914:15",True,False,False,False,0,14,object_only_not_proven_same_excursion,0,0,25,object_only_not_proven_same_excursion,0,0,25,object_only_not_proven_same_excursion,0
ZECUSDT:scenario:37,ZECUSDT,level_breakout,long,R:day_high:2026-09-26:g1,"[""structural_level"",""R:day_high:2026-09-26:g1""]:cross:quote:1790457880576:16","[""structural_level"",""R:day_high:2026-09-26:g1""]:cross:quote:1790457880576:16",False,False,False,False,0,12,object_only_not_proven_same_excursion,0,0,26,object_only_not_proven_same_excursion,0,0,26,object_only_not_proven_same_excursion,0
ZECUSDT:scenario:38,ZECUSDT,weak_level_rejection,short,R:day_high:2026-09-26:g1,"[""structural_level"",""R:day_high:2026-09-26:g1""]:failed:quote:1790457880576:16","[""structural_level"",""R:day_high:2026-09-26:g1""]:failed:quote:1790457899867:22",True,True,True,True,0,14,object_only_not_proven_same_excursion,0,0,25,object_only_not_proven_same_excursion,0,0,25,object_only_not_proven_same_excursion,0
ENAUSDT:scenario:24,ENAUSDT,level_breakout,long,R:resistance:-2185:g1,"[""structural_level"",""R:resistance:-2185:g1""]:cross:quote:1790457903267:1","[""structural_level"",""R:resistance:-2185:g1""]:cross:quote:1790457903267:1",True,True,False,False,0,2,object_only_not_proven_same_excursion,0,0,2,object_only_not_proven_same_excursion,0,0,2,object_only_not_proven_same_excursion,0
ZECUSDT:scenario:39,ZECUSDT,weak_level_rejection,short,R:day_high:2026-09-26:g1,"[""structural_level"",""R:day_high:2026-09-26:g1""]:failed:quote:1790457900899:23","[""structural_level"",""R:day_high:2026-09-26:g1""]:failed:quote:1790457900899:23",False,False,False,False,0,14,object_only_not_proven_same_excursion,0,0,25,object_only_not_proven_same_excursion,0,0,25,object_only_not_proven_same_excursion,0
BTCUSDT:scenario:29,BTCUSDT,level_breakout,long,R:resistance:18906:g1,"[""structural_level"",""R:resistance:18906:g1""]:approach","[""structural_level"",""R:resistance:18906:g1""]:approach",True,False,False,False,1,2,exact_episode,0,1,2,exact_episode,0,1,2,exact_episode,0
ZECUSDT:scenario:40,ZECUSDT,weak_level_rejection,short,R:day_high:2026-09-26:g1,"[""structural_level"",""R:day_high:2026-09-26:g1""]:failed:quote:1790457900899:23","[""structural_level"",""R:day_high:2026-09-26:g1""]:failed:quote:1790457900899:23",False,False,False,False,0,14,object_only_not_proven_same_excursion,0,0,25,object_only_not_proven_same_excursion,0,0,25,object_only_not_proven_same_excursion,0
ETHUSDT:scenario:25,ETHUSDT,weak_level_rejection,short,R:resistance:13163:g1,"[""structural_level"",""R:resistance:13163:g1""]:failed:quote:1790458054574:2","[""structural_level"",""R:resistance:13163:g1""]:failed:quote:1790458054574:2",True,False,False,False,0,1,object_only_not_proven_same_excursion,0,0,1,object_only_not_proven_same_excursion,0,0,1,object_only_not_proven_same_excursion,0
BTCUSDT:scenario:30,BTCUSDT,level_breakout,long,R:resistance:18906:g1,"[""structural_level"",""R:resistance:18906:g1""]:approach","[""structural_level"",""R:resistance:18906:g1""]:approach",True,False,False,False,1,2,exact_episode,0,1,2,exact_episode,0,1,2,exact_episode,0
BTCUSDT:scenario:31,BTCUSDT,level_breakout,long,R:resistance:18906:g1,"[""structural_level"",""R:resistance:18906:g1""]:approach","[""structural_level"",""R:resistance:18906:g1""]:approach",True,False,False,False,1,2,exact_episode,0,1,2,exact_episode,0,1,2,exact_episode,0
XRPUSDT:scenario:24,XRPUSDT,level_breakout,long,R:resistance:703:g1,"[""structural_level"",""R:resistance:703:g1""]:approach","[""structural_level"",""R:resistance:703:g1""]:approach",True,False,False,False,1,5,exact_episode,0,1,5,exact_episode,0,1,5,exact_episode,0
ZECUSDT:scenario:41,ZECUSDT,level_breakout,long,R:day_high:2026-09-26:g1,"[""structural_level"",""R:day_high:2026-09-26:g1""]:cross:quote:1790458152645:24","[""structural_level"",""R:day_high:2026-09-26:g1""]:cross:quote:1790458152645:24",True,True,False,False,0,12,object_only_not_proven_same_excursion,0,0,26,object_only_not_proven_same_excursion,0,0,26,object_only_not_proven_same_excursion,0
NEARUSDT:scenario:27,NEARUSDT,weak_level_rejection,short,R:resistance:2651:g1,"[""structural_level"",""R:resistance:2651:g1""]:failed:quote:1790458236866:1","[""structural_level"",""R:resistance:2651:g1""]:failed:quote:1790458237810:4",True,False,False,False,0,5,object_only_not_proven_same_excursion,0,0,5,object_only_not_proven_same_excursion,0,0,5,object_only_not_proven_same_excursion,0
BTCUSDT:scenario:32,BTCUSDT,level_breakout,long,R:resistance:18906:g1,"[""structural_level"",""R:resistance:18906:g1""]:cross:quote:1790458204015:1","[""structural_level"",""R:resistance:18906:g1""]:cross:quote:1790458204015:1",True,False,False,False,0,2,object_only_not_proven_same_excursion,0,0,2,object_only_not_proven_same_excursion,0,0,2,object_only_not_proven_same_excursion,0
SOLUSDT:scenario:25,SOLUSDT,level_breakout,long,R:resistance:8003:g1,"[""structural_level"",""R:resistance:8003:g1""]:approach","[""structural_level"",""R:resistance:8003:g1""]:approach",True,False,False,False,1,2,exact_episode,0,1,2,exact_episode,0,1,2,exact_episode,0
XRPUSDT:scenario:25,XRPUSDT,level_breakout,long,R:resistance:703:g1,"[""structural_level"",""R:resistance:703:g1""]:cross:quote:1790458473603:1","[""structural_level"",""R:resistance:703:g1""]:cross:quote:1790458494125:4",True,True,False,False,0,5,object_only_not_proven_same_excursion,0,0,5,object_only_not_proven_same_excursion,0,0,5,object_only_not_proven_same_excursion,0
ETHUSDT:scenario:26,ETHUSDT,level_breakout,long,R:resistance:13165:g1,"[""structural_level"",""R:resistance:13165:g1""]:approach","[""structural_level"",""R:resistance:13165:g1""]:cross:quote:1790458494278:1",True,False,False,False,1,3,exact_episode,0,1,3,exact_episode,0,1,3,exact_episode,0
ETHUSDT:scenario:27,ETHUSDT,level_breakout,long,R:resistance:13166:g1,"[""structural_level"",""R:resistance:13166:g1""]:approach","[""structural_level"",""R:resistance:13166:g1""]:approach",True,False,False,False,1,1,exact_episode,0,1,1,exact_episode,0,1,1,exact_episode,0
