symbol,owner,episode,scenario_count,first_line,last_line,prepared,ready,admitted,filled
SOLUSDT,level_breakout,"[""structural_level"",""R:resistance:7998:g1""]:approach",6,24,131913,True,False,False,False
ENAUSDT,level_breakout,"[""structural_level"",""R:resistance:-2164:g1""]:approach",1,76,746,True,False,False,False
ENAUSDT,level_breakout,"[""structural_level"",""R:resistance:-2164:g1""]:cross:quote:1790451074432:1",1,1127,9382,True,False,False,False
BTCUSDT,level_breakout,"[""structural_level"",""S:support:18903:g1""]:approach",1,739,11518,True,False,False,False
SOLUSDT,level_breakout,"[""structural_level"",""S:support:7995:g1""]:approach",2,1836,14356,True,False,False,False
NEARUSDT,level_breakout,"[""structural_level"",""S:support:2620:g1""]:approach",1,2357,2362,True,False,False,False
NEARUSDT,level_breakout,"[""structural_level"",""S:support:2620:g1""]:cross:quote:1790451113345:1",1,2394,6018,True,True,False,False
NEARUSDT,weak_level_rejection,"[""structural_level"",""R:resistance:2618:g1""]:failed:quote:1790451112722:1",1,6054,11083,False,False,False,False
ENAUSDT,level_breakout,"[""structural_level"",""S:support:-2168:g1""]:cross:quote:1790451301271:1",1,9386,9387,True,False,False,False
ENAUSDT,level_breakout,"[""structural_level"",""S:support:-2168:g1""]:cross:quote:1790451345434:2",1,10913,10913,True,False,False,False
ENAUSDT,level_breakout,"[""structural_level"",""S:support:-2168:g1""]:cross:quote:1790451366936:3",1,11685,11685,True,False,False,False
ENAUSDT,level_breakout,"[""structural_level"",""S:support:-2168:g1""]:cross:quote:1790451374896:4",1,11943,13527,True,True,False,False
NEARUSDT,weak_level_rejection,"[""structural_level"",""R:resistance:2619:g1""]:failed:quote:1790451112722:1",1,11106,16866,False,False,False,False
BTCUSDT,level_breakout,"[""structural_level"",""R:resistance:18902:g1""]:approach",4,12128,58510,True,False,False,False
ENAUSDT,level_breakout,"[""structural_level"",""S:support:-2168:g1""]:cross:quote:1790451418265:5",1,13549,18228,True,True,False,False
SOLUSDT,level_breakout,"[""structural_level"",""S:support:7995:g1""]:failed:bar:1790451600000",2,24336,57369,True,False,False,False
ZECUSDT,level_breakout,"[""structural_level"",""S:support:12245:g1""]:approach",1,14619,21997,True,False,False,False
NEARUSDT,level_breakout,"[""structural_level"",""S:support:2615:g1""]:cross:quote:1790451504233:1",1,16900,16901,True,False,False,False
NEARUSDT,level_breakout,"[""structural_level"",""S:support:2615:g1""]:cross:quote:1790451505213:2",1,16919,16919,True,False,False,False
NEARUSDT,level_breakout,"[""structural_level"",""S:support:2615:g1""]:failed:quote:1790451505213:2",1,17057,21718,True,False,False,False
XRPUSDT,weak_level_rejection,"[""structural_level"",""S:support:697:g1""]:failed:bar:1790451480000",1,16914,16915,True,False,False,False
XRPUSDT,weak_level_rejection,"[""structural_level"",""S:support:697:g1""]:failed:quote:1790451513878:1",1,17363,17363,True,False,False,False
XRPUSDT,weak_level_rejection,"[""structural_level"",""S:support:697:g1""]:failed:quote:1790451520070:2",1,17669,17669,True,False,False,False
XRPUSDT,weak_level_rejection,"[""structural_level"",""S:support:697:g1""]:failed:quote:1790451604357:3",3,21170,84028,True,False,False,False
ENAUSDT,level_breakout,"[""structural_level"",""R:resistance:-2164:g1""]:failed:quote:1790451074432:1",2,22572,69363,True,False,False,False
NEARUSDT,level_breakout,"[""structural_level"",""R:resistance:2625:g1""]:approach",1,22935,22936,True,False,False,False
NEARUSDT,level_breakout,"[""structural_level"",""R:resistance:2625:g1""]:cross:quote:1790451933107:1",1,33366,34244,True,True,False,False
ZECUSDT,level_breakout,"[""structural_level"",""R:resistance:12258:g1""]:approach",1,30632,41662,True,False,False,False
NEARUSDT,level_breakout,"[""structural_level"",""R:resistance:2627:g1""]:approach",1,34271,34414,True,False,False,False
NEARUSDT,level_breakout,"[""structural_level"",""R:resistance:2627:g1""]:cross:quote:1790452085796:1",1,39021,39021,True,False,False,False
NEARUSDT,level_breakout,"[""structural_level"",""R:resistance:2627:g1""]:cross:quote:1790452088038:2",1,39104,39104,True,False,False,False
NEARUSDT,level_breakout,"[""structural_level"",""R:resistance:2627:g1""]:failed:quote:1790452088038:2",2,39685,262328,True,False,False,False
ZECUSDT,level_breakout,"[""structural_level"",""R:resistance:12261:g1""]:approach",1,41672,52564,True,False,False,False
BTCUSDT,level_breakout,"[""structural_level"",""S:support:18903:g1""]:cross:quote:1790451475157:1",1,41831,43030,True,False,False,False
XRPUSDT,weak_level_rejection,"[""structural_level"",""R:resistance:702:g1""]:approach",1,43838,48582,False,False,False,False
NEARUSDT,level_breakout,"[""structural_level"",""S:support:2622:g1""]:approach",1,45059,56181,True,False,False,False
ZECUSDT,level_breakout,"[""structural_level"",""R:resistance:12258:g1""]:cross:quote:1790452433579:2",1,52587,52587,False,False,False,False
ZECUSDT,level_breakout,"[""structural_level"",""R:resistance:12258:g1""]:cross:quote:1790452468546:3",1,52852,55239,True,False,False,False
ZECUSDT,level_breakout,"[""structural_level"",""R:resistance:12265:g1""]:approach",1,55248,55249,True,False,False,False
ZECUSDT,level_breakout,"[""structural_level"",""R:resistance:12265:g1""]:cross:quote:1790452614863:1",1,58154,58154,True,False,False,False
ZECUSDT,level_breakout,"[""structural_level"",""R:resistance:12265:g1""]:cross:quote:1790452658864:2",1,59704,59704,True,False,False,False
ZECUSDT,level_breakout,"[""structural_level"",""R:resistance:12265:g1""]:cross:quote:1790452691558:3",1,60753,63149,True,True,False,False
NEARUSDT,weak_level_rejection,"[""structural_level"",""R:resistance:2629:g1""]:approach",1,64426,68842,False,False,False,False
ZECUSDT,level_breakout,"[""structural_level"",""R:resistance:12273:g1""]:approach",2,64579,120000,True,False,False,False
ZECUSDT,level_breakout,"[""structural_level"",""R:resistance:12261:g1""]:cross:quote:1790452599697:3",1,67085,67086,True,False,False,False
ZECUSDT,level_breakout,"[""structural_level"",""R:resistance:12261:g1""]:cross:quote:1790452913856:4",1,68728,68728,True,False,False,False
ZECUSDT,level_breakout,"[""structural_level"",""R:resistance:12261:g1""]:cross:quote:1790452946767:5",1,69996,69996,True,False,False,False
ZECUSDT,level_breakout,"[""structural_level"",""R:resistance:12261:g1""]:cross:quote:1790452984482:6",1,71357,71357,True,False,False,False
ZECUSDT,level_breakout,"[""structural_level"",""R:resistance:12261:g1""]:cross:quote:1790452989188:7",1,71553,71553,True,False,False,False
ZECUSDT,level_breakout,"[""structural_level"",""R:resistance:12261:g1""]:cross:quote:1790453002588:8",1,72110,72110,True,False,False,False
ZECUSDT,level_breakout,"[""structural_level"",""R:resistance:12261:g1""]:cross:quote:1790453038084:9",1,73351,73351,True,False,False,False
ZECUSDT,level_breakout,"[""structural_level"",""R:resistance:12261:g1""]:cross:quote:1790453126291:10",1,76394,78080,True,False,False,False
NEARUSDT,level_breakout,"[""structural_level"",""R:resistance:2628:g1""]:approach",1,68848,68849,True,False,False,False
NEARUSDT,level_breakout,"[""structural_level"",""R:resistance:2628:g1""]:cross:quote:1790452918667:1",1,68928,72769,True,True,False,False
ENAUSDT,level_breakout,"[""structural_level"",""R:resistance:-2164:g1""]:cross:quote:1790452981127:2",1,71236,71236,True,False,False,False
ENAUSDT,level_breakout,"[""structural_level"",""R:resistance:-2164:g1""]:failed:quote:1790452981127:2",1,73381,75098,True,False,False,False
BTCUSDT,level_breakout,"[""structural_level"",""S:support:18903:g1""]:cross:quote:1790452337376:4",2,71027,85048,True,False,False,False
ETHUSDT,level_breakout,"[""structural_level"",""S:support:13162:g1""]:cross:quote:1790451811107:6",2,77373,83496,True,False,False,False
ZECUSDT,weak_level_rejection,"[""structural_level"",""R:resistance:12269:g1""]:approach",2,78089,113596,False,False,False,False
ENAUSDT,weak_level_rejection,"[""structural_level"",""S:support:-2178:g1""]:approach",1,78461,81914,False,False,False,False
ENAUSDT,weak_level_rejection,"[""structural_level"",""S:support:-2178:g1""]:failed:quote:1790453314424:1",1,83856,86704,True,True,False,False
XRPUSDT,level_breakout,"[""structural_level"",""S:previous_day_low:696:g1""]:approach",1,84194,84195,True,False,False,False
XRPUSDT,level_breakout,"[""structural_level"",""S:previous_day_low:696:g1""]:cross:quote:1790453348145:1",1,85089,85149,True,False,False,False
SOLUSDT,level_breakout,"[""structural_level"",""S:support:7993:g1""]:approach",1,84742,85862,True,False,False,False
BTCUSDT,level_breakout,"[""structural_level"",""R:resistance:18902:g1""]:cross:quote:1790453164478:1",2,85098,100850,True,False,False,False
XRPUSDT,weak_level_rejection,"[""structural_level"",""S:previous_day_low:696:g1""]:failed:quote:1790453348145:1",1,85182,85803,True,False,False,False
ZECUSDT,level_breakout,"[""structural_level"",""R:resistance:12266:g1""]:approach",2,85376,99277,True,False,False,False
ETHUSDT,level_breakout,"[""structural_level"",""S:support:13159:g1""]:approach",2,85421,107365,True,False,False,False
XRPUSDT,level_breakout,"[""structural_level"",""S:day_low:2026-09-26:g1""]:cross:quote:1790453356853:3",1,86216,90556,True,True,False,False
SOLUSDT,weak_level_rejection,"[""structural_level"",""S:support:7992:g1""]:failed:quote:1790453360167:1",1,86438,89364,True,False,False,False
SOLUSDT,level_breakout,"[""structural_level"",""S:support:7993:g1""]:cross:quote:1790453368413:4",1,89413,99577,True,False,False,False
ENAUSDT,weak_level_rejection,"[""structural_level"",""S:support:-2183:g1""]:approach",1,94779,96978,False,False,False,False
ENAUSDT,weak_level_rejection,"[""structural_level"",""R:resistance:-2175:g1""]:approach",2,96982,113904,False,False,False,False
NEARUSDT,level_breakout,"[""structural_level"",""R:resistance:2632:g1""]:failed:quote:1790453267609:11",1,98067,107241,True,False,False,False
ZECUSDT,weak_level_rejection,"[""structural_level"",""R:resistance:12267:g1""]:approach",1,99595,111727,True,False,False,False
SOLUSDT,weak_level_rejection,"[""structural_level"",""R:resistance:7995:g1""]:cross:quote:1790453709261:1",1,99614,111750,True,False,False,False
ENAUSDT,weak_level_rejection,"[""structural_level"",""S:support:-2188:g1""]:approach",2,100543,126541,False,False,False,False
BTCUSDT,level_breakout,"[""structural_level"",""S:support:18903:g1""]:cross:quote:1790453361765:5",1,101705,109517,True,False,False,False
NEARUSDT,level_breakout,"[""structural_level"",""S:support:2621:g1""]:approach",1,107270,118739,True,False,False,False
SOLUSDT,level_breakout,"[""structural_level"",""S:support:7993:g1""]:failed:quote:1790453368413:4",2,111778,158920,True,False,False,False
BTCUSDT,level_breakout,"[""structural_level"",""S:support:18903:g1""]:failed:quote:1790453361765:5",2,113534,158883,True,False,False,False
XRPUSDT,weak_level_rejection,"[""structural_level"",""R:resistance:699:g1""]:approach",1,113556,123443,False,False,False,False
ZECUSDT,level_breakout,"[""structural_level"",""R:resistance:12261:g1""]:cross:quote:1790453993591:15",1,113603,115682,True,False,False,False
NEARUSDT,level_breakout,"[""structural_level"",""S:support:2624:g1""]:failed:quote:1790454057669:3",1,118751,118752,True,False,False,False
NEARUSDT,level_breakout,"[""structural_level"",""S:support:2624:g1""]:cross:quote:1790454377827:4",1,126869,126869,True,False,False,False
NEARUSDT,level_breakout,"[""structural_level"",""S:support:2624:g1""]:cross:quote:1790454403867:5",1,127965,127965,True,False,False,False
NEARUSDT,level_breakout,"[""structural_level"",""S:support:2624:g1""]:failed:quote:1790454403867:5",1,131261,131905,True,False,False,False
ZECUSDT,level_breakout,"[""structural_level"",""R:resistance:12273:g1""]:cross:quote:1790454305942:1",1,123659,123659,True,False,False,False
ZECUSDT,level_breakout,"[""structural_level"",""R:resistance:12273:g1""]:cross:quote:1790454314621:2",1,124068,125253,True,True,True,True
SOLUSDT,level_breakout,"[""structural_level"",""R:resistance:7996:g1""]:failed:bar:1790451000000",1,121780,121781,True,False,False,False
SOLUSDT,level_breakout,"[""structural_level"",""R:resistance:7996:g1""]:cross:quote:1790454307151:1",1,123728,131412,True,True,False,False
XRPUSDT,weak_level_rejection,"[""structural_level"",""R:resistance:698:g1""]:approach",1,123471,123472,True,False,False,False
XRPUSDT,weak_level_rejection,"[""structural_level"",""R:resistance:698:g1""]:cross:quote:1790454316966:1",1,124214,124214,True,False,False,False
XRPUSDT,weak_level_rejection,"[""structural_level"",""R:resistance:698:g1""]:cross:quote:1790454317584:2",1,124262,124262,True,False,False,False
XRPUSDT,weak_level_rejection,"[""structural_level"",""R:resistance:698:g1""]:cross:quote:1790454352803:3",1,125831,125831,True,False,False,False
XRPUSDT,weak_level_rejection,"[""structural_level"",""R:resistance:698:g1""]:cross:quote:1790454375904:4",1,126781,126781,True,False,False,False
XRPUSDT,weak_level_rejection,"[""structural_level"",""R:resistance:698:g1""]:cross:quote:1790454478021:5",1,131117,131117,True,False,False,False
XRPUSDT,weak_level_rejection,"[""structural_level"",""R:resistance:698:g1""]:cross:quote:1790454479082:6",1,131161,136404,True,False,False,False
ENAUSDT,weak_level_rejection,"[""structural_level"",""R:resistance:-2180:g1""]:approach",1,126550,127127,True,False,False,False
ENAUSDT,weak_level_rejection,"[""structural_level"",""R:resistance:-2180:g1""]:cross:quote:1790454470198:1",1,130778,130778,True,False,False,False
ENAUSDT,weak_level_rejection,"[""structural_level"",""R:resistance:-2180:g1""]:cross:quote:1790454472978:2",1,130898,130898,True,False,False,False
ENAUSDT,weak_level_rejection,"[""structural_level"",""R:resistance:-2180:g1""]:failed:quote:1790454472978:2",1,130910,136348,True,False,False,False
SOLUSDT,level_breakout,"[""structural_level"",""R:resistance:8001:g1""]:approach",1,131937,131938,True,False,False,False
SOLUSDT,level_breakout,"[""structural_level"",""R:resistance:8001:g1""]:failed:bar:1790454480000",1,136008,136008,True,False,False,False
SOLUSDT,level_breakout,"[""structural_level"",""R:resistance:8001:g1""]:cross:quote:1790454622315:1",1,137163,137163,True,False,False,False
SOLUSDT,level_breakout,"[""structural_level"",""R:resistance:8001:g1""]:failed:quote:1790454622315:1",1,140313,143927,True,False,False,False
ZECUSDT,level_breakout,"[""structural_level"",""R:day_high:2026-09-26:g1""]:approach",4,132035,233616,True,False,False,False
NEARUSDT,level_breakout,"[""structural_level"",""S:support:2624:g1""]:cross:quote:1790454525769:6",1,133274,140202,True,False,False,False
ENAUSDT,weak_level_rejection,"[""structural_level"",""S:support:-2191:g1""]:approach",1,136604,143331,False,False,False,False
BTCUSDT,level_breakout,"[""structural_level"",""R:resistance:18904:g1""]:approach",2,137152,213257,True,False,False,False
NEARUSDT,level_breakout,"[""structural_level"",""S:support:2617:g1""]:failed:quote:1790451505213:2",1,140234,140235,True,False,False,False
NEARUSDT,level_breakout,"[""structural_level"",""S:support:2617:g1""]:cross:quote:1790454855185:3",1,146467,151865,True,False,False,False
ZECUSDT,weak_level_rejection,"[""structural_level"",""R:resistance:12283:g1""]:failed:quote:1790454782886:2",2,150460,210356,False,False,False,False
NEARUSDT,weak_level_rejection,"[""structural_level"",""S:support:2614:g1""]:failed:quote:1790454851876:2",1,151890,152585,False,False,False,False
NEARUSDT,weak_level_rejection,"[""structural_level"",""S:support:2611:g1""]:approach",1,152623,155412,False,False,False,False
NEARUSDT,level_breakout,"[""structural_level"",""S:support:2617:g1""]:cross:quote:1790455102852:6",1,155448,155449,True,False,False,False
NEARUSDT,level_breakout,"[""structural_level"",""S:support:2617:g1""]:cross:quote:1790455107229:7",1,155569,155569,True,False,False,False
NEARUSDT,level_breakout,"[""structural_level"",""S:support:2617:g1""]:cross:quote:1790455117628:8",1,155929,155929,True,False,False,False
NEARUSDT,level_breakout,"[""structural_level"",""S:support:2617:g1""]:cross:quote:1790455158851:9",1,157429,158458,True,False,False,False
ENAUSDT,level_breakout,"[""structural_level"",""S:support:-2191:g1""]:cross:quote:1790455160786:1",1,157503,157504,True,False,False,False
ENAUSDT,level_breakout,"[""structural_level"",""S:support:-2191:g1""]:cross:quote:1790455161719:2",1,157560,157560,True,False,False,False
ENAUSDT,level_breakout,"[""structural_level"",""S:support:-2191:g1""]:cross:quote:1790455167508:3",1,157820,158707,True,True,False,False
ETHUSDT,level_breakout,"[""structural_level"",""S:support:13158:g1""]:approach",1,158440,158887,True,False,False,False
ENAUSDT,level_breakout,"[""structural_level"",""S:support:-2191:g1""]:cross:quote:1790455186766:4",1,158712,159008,True,True,False,False
SOLUSDT,level_breakout,"[""structural_level"",""S:support:7993:g1""]:cross:quote:1790455207680:5",1,159981,159981,True,False,False,False
SOLUSDT,level_breakout,"[""structural_level"",""S:support:7993:g1""]:cross:quote:1790455216133:6",1,160537,160537,True,False,False,False
SOLUSDT,level_breakout,"[""structural_level"",""S:support:7993:g1""]:cross:quote:1790455218954:7",1,160730,161102,True,False,False,False
ETHUSDT,level_breakout,"[""structural_level"",""S:day_low:2026-09-26:g1""]:cross:quote:1790455189985:1",1,158945,159029,True,False,False,False
XRPUSDT,weak_level_rejection,"[""structural_level"",""S:day_low:2026-09-26:g1""]:failed:quote:1790453356853:3",1,159133,159454,True,False,False,False
XRPUSDT,weak_level_rejection,"[""structural_level"",""S:day_low:2026-09-26:g1""]:failed:quote:1790455200044:5",1,159479,159479,True,False,False,False
XRPUSDT,weak_level_rejection,"[""structural_level"",""S:day_low:2026-09-26:g1""]:failed:quote:1790455204711:6",1,159817,159817,True,False,False,False
XRPUSDT,weak_level_rejection,"[""structural_level"",""S:day_low:2026-09-26:g1""]:failed:quote:1790455206111:7",1,159885,161146,True,True,False,False
ETHUSDT,weak_level_rejection,"[""structural_level"",""S:day_low:2026-09-26:g1""]:failed:quote:1790455189985:1",1,159575,159777,True,False,False,False
ETHUSDT,weak_level_rejection,"[""structural_level"",""S:day_low:2026-09-26:g1""]:failed:quote:1790455204508:2",2,159834,161270,True,True,False,False
ENAUSDT,weak_level_rejection,"[""structural_level"",""S:support:-2198:g1""]:failed:quote:1790455203762:1",1,159741,159742,True,False,False,False
ENAUSDT,weak_level_rejection,"[""structural_level"",""S:support:-2198:g1""]:failed:quote:1790455207746:4",1,160111,161118,True,True,True,True
BTCUSDT,level_breakout,"[""structural_level"",""S:support:18901:g1""]:approach",2,159804,162807,True,False,False,False
XRPUSDT,level_breakout,"[""structural_level"",""S:day_low:2026-09-26:g1""]:cross:quote:1790455223467:8",2,161245,161717,True,True,False,False
ENAUSDT,weak_level_rejection,"[""structural_level"",""S:support:-2198:g1""]:failed:quote:1790455225479:5",1,161466,161467,True,False,False,False
ENAUSDT,weak_level_rejection,"[""structural_level"",""S:support:-2198:g1""]:failed:quote:1790455235599:7",1,161727,172825,True,False,False,False
ETHUSDT,weak_level_rejection,"[""structural_level"",""S:day_low:2026-09-26:g1""]:failed:quote:1790455225459:3",1,161477,161478,True,False,False,False
ETHUSDT,weak_level_rejection,"[""structural_level"",""S:day_low:2026-09-26:g1""]:failed:quote:1790455233775:4",3,161655,162684,True,True,False,False
XRPUSDT,weak_level_rejection,"[""structural_level"",""S:day_low:2026-09-26:g1""]:failed:quote:1790455223467:8",1,161771,161772,True,False,False,False
XRPUSDT,weak_level_rejection,"[""structural_level"",""S:day_low:2026-09-26:g1""]:failed:quote:1790455238123:11",1,161863,162005,True,True,True,True
XRPUSDT,level_breakout,"[""structural_level"",""S:day_low:2026-09-26:g1""]:cross:quote:1790455241089:12",1,162013,162141,True,False,False,False
XRPUSDT,weak_level_rejection,"[""structural_level"",""S:day_low:2026-09-26:g1""]:failed:quote:1790455241089:12",1,162150,162151,True,False,False,False
XRPUSDT,weak_level_rejection,"[""structural_level"",""S:day_low:2026-09-26:g1""]:failed:quote:1790455249874:13",3,163116,167583,True,False,False,False
ETHUSDT,weak_level_rejection,"[""structural_level"",""S:day_low:2026-09-26:g1""]:failed:quote:1790455249899:5",1,163142,163204,False,False,False,False
ETHUSDT,weak_level_rejection,"[""structural_level"",""S:day_low:2026-09-26:g1""]:failed:bar:1790455260000",1,163582,163583,True,False,False,False
ETHUSDT,weak_level_rejection,"[""structural_level"",""S:day_low:2026-09-26:g1""]:failed:quote:1790455272916:6",1,163607,163725,True,False,False,False
BTCUSDT,level_breakout,"[""structural_level"",""S:support:18900:g1""]:approach",5,163681,181338,True,False,False,False
SOLUSDT,level_breakout,"[""structural_level"",""S:support:7984:g1""]:approach",3,163705,179806,True,False,False,False
ETHUSDT,weak_level_rejection,"[""structural_level"",""S:previous_day_low:13151:g1""]:failed:bar:1790455260000",1,163764,163765,True,False,False,False
ETHUSDT,weak_level_rejection,"[""structural_level"",""S:previous_day_low:13151:g1""]:failed:quote:1790455276933:1",1,163795,163874,True,False,False,False
ETHUSDT,level_breakout,"[""structural_level"",""S:support:13151:g1""]:approach",1,163928,164279,True,False,False,False
ETHUSDT,level_breakout,"[""structural_level"",""S:day_low:2026-09-26:g1""]:cross:quote:1790455274415:7",1,164324,164361,True,False,False,False
ETHUSDT,weak_level_rejection,"[""structural_level"",""S:day_low:2026-09-26:g1""]:failed:quote:1790455274415:7",1,164414,169623,True,True,True,True
XRPUSDT,weak_level_rejection,"[""structural_level"",""S:day_low:2026-09-26:g1""]:failed:quote:1790455357630:14",1,167599,167599,True,False,False,False
XRPUSDT,weak_level_rejection,"[""structural_level"",""S:day_low:2026-09-26:g1""]:failed:quote:1790455362169:15",1,167955,167955,True,False,False,False
XRPUSDT,weak_level_rejection,"[""structural_level"",""S:day_low:2026-09-26:g1""]:failed:quote:1790455363932:16",1,168045,168045,True,False,False,False
XRPUSDT,weak_level_rejection,"[""structural_level"",""S:day_low:2026-09-26:g1""]:failed:quote:1790455366606:17",2,168673,181065,True,True,False,False
NEARUSDT,level_breakout,"[""structural_level"",""S:day_low:2026-09-26:g1""]:approach",2,167506,170864,True,False,False,False
NEARUSDT,level_breakout,"[""structural_level"",""S:day_low:2026-09-26:g1""]:cross:quote:1790455432697:1",1,171575,171628,True,True,False,False
BTCUSDT,level_breakout,"[""structural_level"",""S:support:18901:g1""]:cross:quote:1790455430447:3",1,175905,179766,True,False,False,False
SOLUSDT,level_breakout,"[""structural_level"",""S:support:7984:g1""]:cross:quote:1790455792943:1",1,186758,186758,True,False,False,False
SOLUSDT,level_breakout,"[""structural_level"",""S:support:7984:g1""]:cross:quote:1790455802454:2",1,187110,193369,True,False,False,False
XRPUSDT,weak_level_rejection,"[""structural_level"",""S:day_low:2026-09-26:g1""]:failed:bar:1790455620000",1,181078,194073,True,False,False,False
ETHUSDT,level_breakout,"[""structural_level"",""S:support:13151:g1""]:failed:bar:1790455260000",1,180641,180642,True,False,False,False
ETHUSDT,level_breakout,"[""structural_level"",""S:support:13151:g1""]:cross:quote:1790455652222:1",1,181323,181331,True,False,False,False
ETHUSDT,level_breakout,"[""structural_level"",""S:day_low:2026-09-26:g1""]:cross:quote:1790455652502:8",1,181427,181546,True,False,False,False
ETHUSDT,weak_level_rejection,"[""structural_level"",""S:support:13150:g1""]:failed:quote:1790455652502:1",1,181590,181591,True,False,False,False
ETHUSDT,weak_level_rejection,"[""structural_level"",""S:support:13150:g1""]:failed:bar:1790455800000",1,187514,188373,True,False,False,False
BTCUSDT,level_breakout,"[""structural_level"",""S:support:18900:g1""]:cross:quote:1790455652583:1",5,181877,196495,True,False,False,False
ZECUSDT,weak_level_rejection,"[""structural_level"",""S:support:12262:g3""]:failed:quote:1790455657561:2",1,181883,195094,True,False,False,False
ENAUSDT,weak_level_rejection,"[""structural_level"",""S:support:-2207:g1""]:approach",1,187038,190035,False,False,False,False
ETHUSDT,weak_level_rejection,"[""structural_level"",""S:previous_day_low:13151:g1""]:failed:quote:1790455721741:7",2,188411,192606,False,False,False,False
NEARUSDT,weak_level_rejection,"[""structural_level"",""R:resistance:2609:g1""]:approach",1,189804,196377,True,False,False,False
NEARUSDT,weak_level_rejection,"[""structural_level"",""R:resistance:2609:g1""]:failed:quote:1790455993529:1",1,196876,202816,True,False,False,False
XRPUSDT,weak_level_rejection,"[""structural_level"",""R:resistance:684:g2""]:failed:bar:1790455620000",1,194105,194106,True,False,False,False
XRPUSDT,weak_level_rejection,"[""structural_level"",""R:resistance:684:g2""]:cross:quote:1790455949914:1",1,194577,194577,True,False,False,False
XRPUSDT,weak_level_rejection,"[""structural_level"",""R:resistance:684:g2""]:cross:quote:1790455963004:2",1,195169,195169,True,False,False,False
XRPUSDT,weak_level_rejection,"[""structural_level"",""R:resistance:684:g2""]:cross:quote:1790455964451:3",1,195227,205779,True,False,False,False
ENAUSDT,weak_level_rejection,"[""structural_level"",""R:resistance:-2193:g1""]:failed:quote:1790456034186:3",1,198209,209989,True,False,False,False
ZECUSDT,level_breakout,"[""structural_level"",""S:support:12265:g1""]:approach",1,205929,206216,True,False,False,False
SOLUSDT,level_breakout,"[""structural_level"",""S:support:7984:g1""]:failed:quote:1790455802454:2",1,206575,219103,True,False,False,False
NEARUSDT,weak_level_rejection,"[""structural_level"",""R:resistance:2612:g1""]:approach",1,207496,209725,False,False,False,False
NEARUSDT,weak_level_rejection,"[""structural_level"",""R:resistance:2611:g1""]:approach",1,210002,222306,True,False,False,False
ENAUSDT,weak_level_rejection,"[""structural_level"",""S:support:-2194:g1""]:approach",1,212540,212703,True,False,False,False
ENAUSDT,weak_level_rejection,"[""structural_level"",""S:support:-2194:g1""]:cross:quote:1790456409602:1",1,212944,212944,True,False,False,False
ENAUSDT,weak_level_rejection,"[""structural_level"",""S:support:-2194:g1""]:failed:quote:1790456409602:1",1,213002,218167,True,True,False,False
XRPUSDT,weak_level_rejection,"[""structural_level"",""R:resistance:690:g1""]:approach",1,217434,217638,True,False,False,False
XRPUSDT,weak_level_rejection,"[""structural_level"",""R:resistance:690:g1""]:cross:quote:1790456526731:1",1,217648,217648,True,False,False,False
XRPUSDT,weak_level_rejection,"[""structural_level"",""R:resistance:690:g1""]:cross:quote:1790456529003:2",1,217735,217735,True,False,False,False
XRPUSDT,weak_level_rejection,"[""structural_level"",""R:resistance:690:g1""]:cross:quote:1790456530112:3",1,217800,217800,True,False,False,False
XRPUSDT,weak_level_rejection,"[""structural_level"",""R:resistance:690:g1""]:cross:quote:1790456536646:4",1,218098,218098,True,False,False,False
XRPUSDT,weak_level_rejection,"[""structural_level"",""R:resistance:690:g1""]:cross:quote:1790456538987:5",1,218191,218191,True,False,False,False
XRPUSDT,weak_level_rejection,"[""structural_level"",""R:resistance:690:g1""]:failed:quote:1790456538987:5",1,218363,218363,True,False,False,False
XRPUSDT,weak_level_rejection,"[""structural_level"",""R:resistance:690:g1""]:cross:quote:1790456545673:6",1,218486,218486,True,False,False,False
XRPUSDT,weak_level_rejection,"[""structural_level"",""R:resistance:690:g1""]:cross:quote:1790456550055:7",1,218656,218656,True,False,False,False
XRPUSDT,weak_level_rejection,"[""structural_level"",""R:resistance:690:g1""]:cross:quote:1790456550200:8",1,218666,218666,True,False,False,False
XRPUSDT,weak_level_rejection,"[""structural_level"",""R:resistance:690:g1""]:failed:quote:1790456550200:8",1,219720,229920,True,False,False,False
ENAUSDT,weak_level_rejection,"[""structural_level"",""R:resistance:-2185:g1""]:approach",1,218179,220988,False,False,False,False
SOLUSDT,weak_level_rejection,"[""structural_level"",""R:resistance:7989:g1""]:approach",1,219137,219137,False,False,False,False
SOLUSDT,weak_level_rejection,"[""structural_level"",""R:resistance:7989:g1""]:cross:quote:1790456633850:1",1,221982,231550,True,False,False,False
ETHUSDT,weak_level_rejection,"[""structural_level"",""R:resistance:13157:g1""]:approach",1,222258,222492,True,False,False,False
ETHUSDT,weak_level_rejection,"[""structural_level"",""R:resistance:13157:g1""]:cross:quote:1790456647122:1",1,222586,234479,True,False,False,False
ZECUSDT,weak_level_rejection,"[""structural_level"",""R:resistance:12287:g1""]:failed:bar:1790456880000",1,233620,233621,True,False,False,False
ZECUSDT,weak_level_rejection,"[""structural_level"",""R:resistance:12287:g1""]:failed:quote:1790456939558:2",1,234651,234766,True,True,True,True
NEARUSDT,weak_level_rejection,"[""structural_level"",""R:resistance:2615:g1""]:approach",1,234543,234543,False,False,False,False
NEARUSDT,weak_level_rejection,"[""structural_level"",""R:resistance:2615:g1""]:cross:quote:1790457011979:1",1,237454,237455,True,False,False,False
NEARUSDT,weak_level_rejection,"[""structural_level"",""R:resistance:2615:g1""]:cross:quote:1790457020724:2",1,237866,237866,True,False,False,False
NEARUSDT,weak_level_rejection,"[""structural_level"",""R:resistance:2615:g1""]:cross:quote:1790457026835:3",1,238132,238132,True,False,False,False
NEARUSDT,weak_level_rejection,"[""structural_level"",""R:resistance:2615:g1""]:cross:quote:1790457027102:4",1,238157,238157,True,False,False,False
NEARUSDT,weak_level_rejection,"[""structural_level"",""R:resistance:2615:g1""]:failed:quote:1790457027102:4",1,238420,238420,True,False,False,False
NEARUSDT,weak_level_rejection,"[""structural_level"",""R:resistance:2615:g1""]:cross:quote:1790457142611:5",1,243158,247421,True,False,False,False
ZECUSDT,weak_level_rejection,"[""structural_level"",""R:day_high:2026-09-26:g1""]:failed:quote:1790456944079:3",1,234770,234771,True,False,False,False
ZECUSDT,weak_level_rejection,"[""structural_level"",""R:day_high:2026-09-26:g1""]:failed:quote:1790456973041:4",1,236971,236971,True,False,False,False
ZECUSDT,weak_level_rejection,"[""structural_level"",""R:day_high:2026-09-26:g1""]:failed:quote:1790457022457:5",1,238726,247667,True,False,False,False
XRPUSDT,weak_level_rejection,"[""structural_level"",""R:resistance:694:g1""]:approach",1,236967,244439,True,False,False,False
XRPUSDT,weak_level_rejection,"[""structural_level"",""R:resistance:694:g1""]:cross:quote:1790457181856:1",1,244818,244818,True,False,False,False
XRPUSDT,weak_level_rejection,"[""structural_level"",""R:resistance:694:g1""]:failed:quote:1790457181856:1",1,246403,246403,True,False,False,False
XRPUSDT,weak_level_rejection,"[""structural_level"",""R:resistance:694:g1""]:failed:quote:1790457275239:2",1,249861,249912,True,False,False,False
SOLUSDT,weak_level_rejection,"[""structural_level"",""S:support:7989:g1""]:approach",1,236976,249929,True,False,False,False
ETHUSDT,weak_level_rejection,"[""structural_level"",""R:resistance:13159:g2""]:approach",1,240330,253162,True,False,False,False
NEARUSDT,weak_level_rejection,"[""structural_level"",""R:resistance:2618:g2""]:approach",1,247467,247468,True,False,False,False
NEARUSDT,weak_level_rejection,"[""structural_level"",""R:resistance:2618:g2""]:failed:bar:1790457120000",1,249841,249841,True,False,False,False
NEARUSDT,weak_level_rejection,"[""structural_level"",""R:resistance:2618:g2""]:cross:quote:1790457386137:1",1,253446,253446,True,False,False,False
NEARUSDT,weak_level_rejection,"[""structural_level"",""R:resistance:2618:g2""]:cross:quote:1790457387266:2",1,253506,253506,True,False,False,False
NEARUSDT,weak_level_rejection,"[""structural_level"",""R:resistance:2618:g2""]:cross:quote:1790457410128:3",1,254320,254320,True,False,False,False
NEARUSDT,weak_level_rejection,"[""structural_level"",""R:resistance:2618:g2""]:cross:quote:1790457411321:4",1,254379,260002,True,False,False,False
XRPUSDT,weak_level_rejection,"[""structural_level"",""R:resistance:694:g1""]:failed:quote:1790457312552:3",1,250989,252366,True,False,False,False
SOLUSDT,weak_level_rejection,"[""structural_level"",""R:resistance:7993:g1""]:failed:quote:1790451038652:1",1,252381,253954,True,False,False,False
SOLUSDT,weak_level_rejection,"[""structural_level"",""R:resistance:7993:g1""]:cross:quote:1790457411063:2",1,254367,254367,True,False,False,False
SOLUSDT,weak_level_rejection,"[""structural_level"",""R:resistance:7993:g1""]:cross:quote:1790457418872:3",1,254715,254715,True,False,False,False
SOLUSDT,weak_level_rejection,"[""structural_level"",""R:resistance:7993:g1""]:failed:quote:1790457418872:3",1,254887,254887,True,False,False,False
SOLUSDT,weak_level_rejection,"[""structural_level"",""R:resistance:7993:g1""]:cross:quote:1790457432091:4",1,255213,264904,True,False,False,False
ZECUSDT,level_breakout,"[""structural_level"",""R:day_high:2026-09-26:g1""]:cross:quote:1790457372468:6",1,252898,254819,True,True,False,False
ZECUSDT,weak_level_rejection,"[""structural_level"",""R:day_high:2026-09-26:g1""]:failed:quote:1790457372468:6",1,254831,255292,True,False,False,False
ZECUSDT,weak_level_rejection,"[""structural_level"",""R:day_high:2026-09-26:g1""]:failed:quote:1790457433900:7",1,255297,256060,True,False,False,False
ENAUSDT,level_breakout,"[""structural_level"",""R:resistance:-2185:g1""]:approach",1,255658,268045,True,False,False,False
ZECUSDT,level_breakout,"[""structural_level"",""R:day_high:2026-09-26:g1""]:cross:quote:1790457439532:8",1,256678,257004,True,True,False,False
ZECUSDT,weak_level_rejection,"[""structural_level"",""R:day_high:2026-09-26:g1""]:failed:quote:1790457439532:8",1,257382,257724,True,False,False,False
ZECUSDT,weak_level_rejection,"[""structural_level"",""R:day_high:2026-09-26:g1""]:failed:quote:1790457489490:9",1,259973,259973,True,False,False,False
ZECUSDT,weak_level_rejection,"[""structural_level"",""R:day_high:2026-09-26:g1""]:failed:bar:1790457720000",1,267390,268512,True,False,False,False
NEARUSDT,level_breakout,"[""structural_level"",""R:resistance:2627:g1""]:cross:quote:1790457822048:3",1,271622,271622,True,False,False,False
NEARUSDT,level_breakout,"[""structural_level"",""R:resistance:2627:g1""]:cross:quote:1790457838802:4",1,272165,272368,True,True,False,False
ZECUSDT,level_breakout,"[""structural_level"",""R:previous_day_high:12327:g1""]:approach",2,268526,268894,True,False,False,False
ZECUSDT,level_breakout,"[""structural_level"",""R:day_high:2026-09-26:g1""]:cross:quote:1790457753463:10",1,268618,268889,True,True,False,False
ZECUSDT,level_breakout,"[""structural_level"",""R:previous_day_high:12327:g1""]:cross:quote:1790457778311:1",1,269562,269694,True,True,False,False
ZECUSDT,weak_level_rejection,"[""structural_level"",""R:day_high:2026-09-26:g1""]:failed:quote:1790457753463:10",2,269793,272293,False,False,False,False
XRPUSDT,weak_level_rejection,"[""structural_level"",""R:resistance:698:g2""]:approach",1,272756,287981,True,False,False,False
NEARUSDT,weak_level_rejection,"[""structural_level"",""R:resistance:2633:g1""]:failed:quote:1790457864215:1",1,273388,278717,True,False,False,False
ZECUSDT,level_breakout,"[""structural_level"",""R:day_high:2026-09-26:g1""]:cross:quote:1790457872700:11",1,273758,273778,True,False,False,False
ZECUSDT,level_breakout,"[""structural_level"",""R:day_high:2026-09-26:g1""]:cross:quote:1790457873064:12",1,273785,273814,True,False,False,False
ZECUSDT,weak_level_rejection,"[""structural_level"",""R:day_high:2026-09-26:g1""]:failed:quote:1790457873064:12",1,273819,273820,True,False,False,False
ZECUSDT,weak_level_rejection,"[""structural_level"",""R:day_high:2026-09-26:g1""]:failed:quote:1790457873672:13",1,273870,273870,True,False,False,False
ZECUSDT,weak_level_rejection,"[""structural_level"",""R:day_high:2026-09-26:g1""]:failed:quote:1790457874704:14",1,274060,274060,True,False,False,False
ZECUSDT,weak_level_rejection,"[""structural_level"",""R:day_high:2026-09-26:g1""]:failed:quote:1790457879914:15",1,274131,274295,True,False,False,False
ZECUSDT,level_breakout,"[""structural_level"",""R:day_high:2026-09-26:g1""]:cross:quote:1790457880576:16",1,274604,274613,False,False,False,False
ZECUSDT,weak_level_rejection,"[""structural_level"",""R:day_high:2026-09-26:g1""]:failed:quote:1790457880576:16",1,274925,274926,True,False,False,False
ZECUSDT,weak_level_rejection,"[""structural_level"",""R:day_high:2026-09-26:g1""]:failed:quote:1790457895026:17",1,275065,275065,True,False,False,False
ZECUSDT,weak_level_rejection,"[""structural_level"",""R:day_high:2026-09-26:g1""]:failed:quote:1790457897487:18",1,275079,275079,True,False,False,False
ZECUSDT,weak_level_rejection,"[""structural_level"",""R:day_high:2026-09-26:g1""]:failed:quote:1790457897697:19",1,275156,275156,True,False,False,False
ZECUSDT,weak_level_rejection,"[""structural_level"",""R:day_high:2026-09-26:g1""]:failed:quote:1790457899174:20",1,275166,275166,True,False,False,False
ZECUSDT,weak_level_rejection,"[""structural_level"",""R:day_high:2026-09-26:g1""]:failed:quote:1790457899290:21",1,275212,275212,True,False,False,False
ZECUSDT,weak_level_rejection,"[""structural_level"",""R:day_high:2026-09-26:g1""]:failed:quote:1790457899867:22",1,275275,277932,True,True,True,True
ENAUSDT,level_breakout,"[""structural_level"",""R:resistance:-2185:g1""]:cross:quote:1790457903267:1",1,275410,278682,True,True,False,False
ZECUSDT,weak_level_rejection,"[""structural_level"",""R:day_high:2026-09-26:g1""]:failed:quote:1790457900899:23",2,278646,284273,False,False,False,False
BTCUSDT,level_breakout,"[""structural_level"",""R:resistance:18906:g1""]:approach",3,282055,290936,True,False,False,False
ETHUSDT,weak_level_rejection,"[""structural_level"",""R:resistance:13163:g1""]:failed:quote:1790458054574:2",1,284200,300195,True,False,False,False
XRPUSDT,level_breakout,"[""structural_level"",""R:resistance:703:g1""]:approach",1,287986,304177,True,False,False,False
ZECUSDT,level_breakout,"[""structural_level"",""R:day_high:2026-09-26:g1""]:cross:quote:1790458152645:24",1,288032,288181,True,True,False,False
NEARUSDT,weak_level_rejection,"[""structural_level"",""R:resistance:2651:g1""]:failed:quote:1790458236866:1",1,292702,292703,True,False,False,False
NEARUSDT,weak_level_rejection,"[""structural_level"",""R:resistance:2651:g1""]:failed:quote:1790458237194:2",1,292730,292730,True,False,False,False
NEARUSDT,weak_level_rejection,"[""structural_level"",""R:resistance:2651:g1""]:failed:quote:1790458237520:3",1,292753,292753,True,False,False,False
NEARUSDT,weak_level_rejection,"[""structural_level"",""R:resistance:2651:g1""]:failed:quote:1790458237810:4",1,292796,294138,True,False,False,False
BTCUSDT,level_breakout,"[""structural_level"",""R:resistance:18906:g1""]:cross:quote:1790458204015:1",1,293667,305509,True,False,False,False
SOLUSDT,level_breakout,"[""structural_level"",""R:resistance:8003:g1""]:approach",1,300389,315488,True,False,False,False
XRPUSDT,level_breakout,"[""structural_level"",""R:resistance:703:g1""]:cross:quote:1790458473603:1",1,305214,305215,True,False,False,False
XRPUSDT,level_breakout,"[""structural_level"",""R:resistance:703:g1""]:cross:quote:1790458478155:2",1,305464,305464,True,False,False,False
XRPUSDT,level_breakout,"[""structural_level"",""R:resistance:703:g1""]:cross:quote:1790458489778:3",1,306101,306101,True,False,False,False
XRPUSDT,level_breakout,"[""structural_level"",""R:resistance:703:g1""]:cross:quote:1790458494125:4",1,306346,310004,True,True,False,False
ETHUSDT,level_breakout,"[""structural_level"",""R:resistance:13165:g1""]:approach",1,305523,305524,True,False,False,False
ETHUSDT,level_breakout,"[""structural_level"",""R:resistance:13165:g1""]:cross:quote:1790458494278:1",1,306369,306734,True,False,False,False
ETHUSDT,level_breakout,"[""structural_level"",""R:resistance:13166:g1""]:approach",1,306783,310589,True,False,False,False
