line,msk,event,scenario,owner,episode,object,state,reason,anchor,range_abs,area_threshold,first_signal_mono,price,price_source_line,action,absorbed,absorption_age_s,quote_response,tape_response,reclaimed,forming_position,opportunity_arm
164279,2026-09-26T23:41:23.735+03:00,scenario_transition,ETHUSDT:scenario:15,level_breakout,"[""structural_level"",""S:support:13151:g1""]:approach",S:support:13151:g1,INVALIDATED,price_left_preparation_area,2667.02,0.5050000000001091,1.5150000000003274,,2668.63,164278,,,,,,,,
164324,2026-09-26T23:41:24.535+03:00,scenario_transition,ETHUSDT:scenario:16,level_breakout,"[""structural_level"",""S:day_low:2026-09-26:g1""]:cross:quote:1790455274415:7",S:day_low:2026-09-26:g1,ASSIGNED,applicable market scenario selected before signal,2669.08,0.5050000000001091,1.5150000000003274,,2669.04,164323,,,,,,,,
164325,2026-09-26T23:41:24.539+03:00,scenario_transition,ETHUSDT:scenario:16,level_breakout,"[""structural_level"",""S:day_low:2026-09-26:g1""]:cross:quote:1790455274415:7",S:day_low:2026-09-26:g1,PREPARED,owner preparing its causal event,2669.08,0.5050000000001091,1.5150000000003274,,2669.04,164323,,,,,,,,
164361,2026-09-26T23:41:25.023+03:00,scenario_transition,ETHUSDT:scenario:16,level_breakout,"[""structural_level"",""S:day_low:2026-09-26:g1""]:cross:quote:1790455274415:7",S:day_low:2026-09-26:g1,INVALIDATED,observed_failed_break_changed_market_basis,2669.08,0.5050000000001091,1.5150000000003274,,2669.11,164360,,,,,,,,
164414,2026-09-26T23:41:25.835+03:00,scenario_transition,ETHUSDT:scenario:17,weak_level_rejection,"[""structural_level"",""S:day_low:2026-09-26:g1""]:failed:quote:1790455274415:7",S:day_low:2026-09-26:g1,ASSIGNED,applicable market scenario selected before signal,2669.08,0.5050000000001091,1.5150000000003274,,2669.2,164413,,,,,,,,
164415,2026-09-26T23:41:25.846+03:00,scenario_transition,ETHUSDT:scenario:17,weak_level_rejection,"[""structural_level"",""S:day_low:2026-09-26:g1""]:failed:quote:1790455274415:7",S:day_low:2026-09-26:g1,PREPARED,owner preparing its causal event,2669.08,0.5050000000001091,1.5150000000003274,,2669.2,164413,,,,,,,,
164417,2026-09-26T23:41:25.849+03:00,decision,,weak_level_rejection,,,reject,Failed break + absorption замечены; ждём короткий price response после reclaim,,,,,,,wait,True,0.0,,,,0.6795069337441747,"{""observedAtMs"": 1790455288251, ""price"": 2669.1949999999997, ""source"": ""rejection_live_test_armed""}"
164498,2026-09-26T23:41:27.528+03:00,scenario_transition,ETHUSDT:scenario:17,weak_level_rejection,"[""structural_level"",""S:day_low:2026-09-26:g1""]:failed:quote:1790455274415:7",S:day_low:2026-09-26:g1,ARMED,owner supplied frozen executable plan,2669.08,0.5050000000001091,1.5150000000003274,562458.2403101,2669.75,164497,,,,,,,,
164500,2026-09-26T23:41:27.533+03:00,decision,,weak_level_rejection,,,reject,"Значимый day_low тестируется как session/previous-day rejection | Попытка пробоя не удержалась, цена вернулась за границу зоны | Failed break + absorption подтверждены коротким price response после reclaim; поздний REACTION не ждём | Отскок разрешён локальным playbook-контекстом",,,,,,,long,True,1.6740000247955322,,,,0.7642526964560641,"{""observedAtMs"": 1790455288251, ""price"": 2669.1949999999997, ""source"": ""rejection_live_test_armed""}"
164501,2026-09-26T23:41:27.538+03:00,scenario_transition,ETHUSDT:scenario:17,weak_level_rejection,"[""structural_level"",""S:day_low:2026-09-26:g1""]:failed:quote:1790455274415:7",S:day_low:2026-09-26:g1,ORDER_PENDING,final risk and execution checks passed,2669.08,0.5050000000001091,1.5150000000003274,562458.2403101,2669.75,164497,,,,,,,,
164502,2026-09-26T23:41:27.557+03:00,scenario_transition,ETHUSDT:scenario:17,weak_level_rejection,"[""structural_level"",""S:day_low:2026-09-26:g1""]:failed:quote:1790455274415:7",S:day_low:2026-09-26:g1,IN_POSITION,fill belongs to original order owner,2669.08,0.5050000000001091,1.5150000000003274,562458.2403101,2669.75,164497,,,,,,,,
164503,2026-09-26T23:41:27.589+03:00,trade_opened,,,,,,,,,,,,,,,,,,,,
164511,2026-09-26T23:41:27.726+03:00,decision,,weak_level_rejection,,,found,Эта генерация слабого уровня уже использована; ждём новый уровень,,,,,,,wait,,,,,,,null
165924,2026-09-26T23:41:58.112+03:00,decision,,weak_level_rejection,,,found,Эта генерация слабого уровня уже использована; ждём новый уровень,,,,,,,wait,,,,,,,null
169623,2026-09-26T23:43:09.756+03:00,scenario_transition,ETHUSDT:scenario:17,weak_level_rejection,"[""structural_level"",""S:day_low:2026-09-26:g1""]:failed:quote:1790455274415:7",S:day_low:2026-09-26:g1,COMPLETED,stop,2669.08,0.5050000000001091,1.5150000000003274,562458.2403101,2668.96,169620,,,,,,,,
169624,2026-09-26T23:43:09.756+03:00,setup_consumed,,,,,,,,,,,,,,,,,,,,
169625,2026-09-26T23:43:09.764+03:00,trade_closed,,,,,,stop,,,,,2668.393134,,,,,,,,,
169630,2026-09-26T23:43:09.806+03:00,decision,,weak_level_rejection,,,not_assigned,not assigned to current scenario,,,,,,,wait,,,,,,,null
180641,2026-09-26T23:47:20.121+03:00,scenario_transition,ETHUSDT:scenario:18,level_breakout,"[""structural_level"",""S:support:13151:g1""]:failed:bar:1790455260000",S:support:13151:g1,ASSIGNED,applicable market scenario selected before signal,2667.02,0.875,2.625,,2668.02,180640,,,,,,,,
180642,2026-09-26T23:47:20.122+03:00,scenario_transition,ETHUSDT:scenario:18,level_breakout,"[""structural_level"",""S:support:13151:g1""]:failed:bar:1790455260000",S:support:13151:g1,PREPARED,owner preparing its causal event,2667.02,0.875,2.625,,2668.02,180640,,,,,,,,
181323,2026-09-26T23:47:29.800+03:00,scenario_transition,ETHUSDT:scenario:18,level_breakout,"[""structural_level"",""S:support:13151:g1""]:cross:quote:1790455652222:1",S:support:13151:g1,PREPARED,assigned object produced its causal episode,2667.02,0.875,2.625,,2665.52,181322,,,,,,,,
181331,2026-09-26T23:47:30.081+03:00,scenario_transition,ETHUSDT:scenario:18,level_breakout,"[""structural_level"",""S:support:13151:g1""]:cross:quote:1790455652222:1",S:support:13151:g1,INVALIDATED,price_left_preparation_area,2667.02,0.875,2.625,,2664.0,181330,,,,,,,,
181427,2026-09-26T23:47:31.730+03:00,scenario_transition,ETHUSDT:scenario:19,level_breakout,"[""structural_level"",""S:day_low:2026-09-26:g1""]:cross:quote:1790455652502:8",S:day_low:2026-09-26:g1,ASSIGNED,applicable market scenario selected before signal,2664.79,0.875,2.625,,2663.84,181426,,,,,,,,
181428,2026-09-26T23:47:31.733+03:00,scenario_transition,ETHUSDT:scenario:19,level_breakout,"[""structural_level"",""S:day_low:2026-09-26:g1""]:cross:quote:1790455652502:8",S:day_low:2026-09-26:g1,PREPARED,owner preparing its causal event,2664.79,0.875,2.625,,2663.84,181426,,,,,,,,
181546,2026-09-26T23:47:33.275+03:00,scenario_transition,ETHUSDT:scenario:19,level_breakout,"[""structural_level"",""S:day_low:2026-09-26:g1""]:cross:quote:1790455652502:8",S:day_low:2026-09-26:g1,INVALIDATED,observed_failed_break_changed_market_basis,2664.79,0.875,2.625,,2664.84,181545,,,,,,,,
181590,2026-09-26T23:47:34.088+03:00,scenario_transition,ETHUSDT:scenario:20,weak_level_rejection,"[""structural_level"",""S:support:13150:g1""]:failed:quote:1790455652502:1",S:support:13150:g1,ASSIGNED,applicable market scenario selected before signal,2664.79,0.875,2.625,,2665.03,181589,,,,,,,,
181591,2026-09-26T23:47:34.094+03:00,scenario_transition,ETHUSDT:scenario:20,weak_level_rejection,"[""structural_level"",""S:support:13150:g1""]:failed:quote:1790455652502:1",S:support:13150:g1,PREPARED,owner preparing its causal event,2664.79,0.875,2.625,,2665.03,181589,,,,,,,,
181593,2026-09-26T23:47:34.097+03:00,decision,,weak_level_rejection,,,reject,"Пробой не удержался, но локального absorption ещё недостаточно",,,,,,,wait,False,,,,,0.25146198830412547,"{""observedAtMs"": 1790455656509, ""price"": 2665.035, ""source"": ""rejection_live_test_armed""}"
181912,2026-09-26T23:47:39.025+03:00,decision,,weak_level_rejection,,,reject,Failed break + absorption замечены; ждём короткий price response после reclaim,,,,,,,wait,True,0.0,,,,0.3489278752436945,"{""observedAtMs"": 1790455656509, ""price"": 2665.035, ""source"": ""rejection_live_test_armed""}"
182206,2026-09-26T23:47:44.501+03:00,setup_rearmed,,,,,,,,,,,,,,,,,,,,
182234,2026-09-26T23:47:45.091+03:00,decision,,weak_level_rejection,,,reject,"Пробой не удержался, но локального absorption ещё недостаточно",,,,,,,wait,False,6.062999963760376,,,,0.30701754385965146,"{""observedAtMs"": 1790455656509, ""price"": 2665.035, ""source"": ""rejection_live_test_armed""}"
182638,2026-09-26T23:47:52.591+03:00,decision,,weak_level_rejection,,,found,"Слабый уровень найден, но направленного подхода к нему пока нет",,,,,,,wait,,,,,,,null
182663,2026-09-26T23:47:52.983+03:00,decision,,weak_level_rejection,,,reject,Failed break + absorption замечены; ждём короткий price response после reclaim,,,,,,,wait,True,0.0,,,,0.39083820662769325,"{""observedAtMs"": 1790455656509, ""price"": 2665.035, ""source"": ""rejection_live_test_armed""}"
182904,2026-09-26T23:47:58.295+03:00,decision,,weak_level_rejection,,,found,"Слабый уровень найден, но направленного подхода к нему пока нет",,,,,,,wait,,,,,,,null
182918,2026-09-26T23:47:58.529+03:00,decision,,weak_level_rejection,,,approach,"Цена тестирует слабый уровень, ждём отказ от пробоя и возврат за зону",,,,,,,wait,,,,,True,0.04166666666753511,"{""observedAtMs"": 1790455656509, ""price"": 2665.035, ""source"": ""rejection_live_test_armed""}"
182943,2026-09-26T23:47:58.866+03:00,decision,,weak_level_rejection,,,found,"Слабый уровень найден, но направленного подхода к нему пока нет",,,,,,,wait,,,,,,,null
183081,2026-09-26T23:48:01.716+03:00,decision,,weak_level_rejection,,,approach,"Цена тестирует слабый уровень, ждём отказ от пробоя и возврат за зону",,,,,,,wait,,,,,True,0.0,"{""observedAtMs"": 1790455656509, ""price"": 2665.035, ""source"": ""rejection_live_test_armed""}"
183176,2026-09-26T23:48:03.657+03:00,decision,,weak_level_rejection,,,found,"Слабый уровень найден, но направленного подхода к нему пока нет",,,,,,,wait,,,,,,,null
183199,2026-09-26T23:48:04.211+03:00,decision,,weak_level_rejection,,,approach,"Цена тестирует слабый уровень, ждём отказ от пробоя и возврат за зону",,,,,,,wait,,,,,True,0.22972972972975464,"{""observedAtMs"": 1790455656509, ""price"": 2665.035, ""source"": ""rejection_live_test_armed""}"
183233,2026-09-26T23:48:05.076+03:00,decision,,weak_level_rejection,,,found,"Слабый уровень найден, но направленного подхода к нему пока нет",,,,,,,wait,,,,,,,null
184758,2026-09-26T23:48:45.068+03:00,decision,,weak_level_rejection,,,approach,"Цена тестирует слабый уровень, ждём отказ от пробоя и возврат за зону",,,,,,,wait,,,,,True,0.3085714285714078,"{""observedAtMs"": 1790455656509, ""price"": 2665.035, ""source"": ""rejection_live_test_armed""}"
184816,2026-09-26T23:48:46.950+03:00,clock_admission_changed,,,,,,clock:stale_book_receipt,,,,,,,,,,,,,,
187514,2026-09-26T23:50:11.274+03:00,scenario_transition,ETHUSDT:scenario:20,weak_level_rejection,"[""structural_level"",""S:support:13150:g1""]:failed:bar:1790455800000",S:support:13150:g1,PREPARED,assigned object produced its causal episode,2664.79,0.875,2.625,,2666.38,187511,,,,,,,,
187516,2026-09-26T23:50:11.306+03:00,decision,,weak_level_rejection,,,found,"Слабый уровень найден, но направленного подхода к нему пока нет",,,,,,,wait,,,,,,,null
187517,2026-09-26T23:50:11.316+03:00,clock_admission_changed,,,,,,fresh clock/book admission restored,,,,,,,,,,,,,,
188373,2026-09-26T23:50:27.731+03:00,scenario_transition,ETHUSDT:scenario:20,weak_level_rejection,"[""structural_level"",""S:support:13150:g1""]:failed:bar:1790455800000",S:support:13150:g1,INVALIDATED,price_left_preparation_area,2664.79,0.875,2.625,,2667.47,188372,,,,,,,,
188375,2026-09-26T23:50:27.732+03:00,decision,,weak_level_rejection,,,not_assigned,not assigned to current scenario,,,,,,,wait,,,,,,,null
188411,2026-09-26T23:50:28.568+03:00,scenario_transition,ETHUSDT:scenario:21,weak_level_rejection,"[""structural_level"",""S:previous_day_low:13151:g1""]:failed:quote:1790455721741:7",S:previous_day_low:13151:g1,ASSIGNED,applicable market scenario selected before signal,2666.2,1.240000000000009,3.7200000000000273,,2667.47,188408,,,,,,,,
188413,2026-09-26T23:50:28.572+03:00,decision,,weak_level_rejection,,,found,"Слабый уровень найден, но направленного подхода к нему пока нет",,,,,,,wait,,,,,,,null
189753,2026-09-26T23:50:58.162+03:00,decision,,weak_level_rejection,,,approach,"Цена тестирует слабый уровень, ждём отказ от пробоя и возврат за зону",,,,,,,wait,,,,,False,0.0,null
190071,2026-09-26T23:51:02.504+03:00,scenario_transition,ETHUSDT:scenario:21,weak_level_rejection,"[""structural_level"",""S:previous_day_low:13151:g1""]:failed:quote:1790455721741:7",S:previous_day_low:13151:g1,INVALIDATED,price_left_preparation_area,2666.2,1.240000000000009,3.7200000000000273,,2669.92,190070,,,,,,,,
190073,2026-09-26T23:51:02.505+03:00,decision,,weak_level_rejection,,,not_assigned,not assigned to current scenario,,,,,,,wait,,,,,,,null
190687,2026-09-26T23:51:12.986+03:00,scenario_transition,ETHUSDT:scenario:22,weak_level_rejection,"[""structural_level"",""S:previous_day_low:13151:g1""]:failed:quote:1790455721741:7",S:previous_day_low:13151:g1,ASSIGNED,applicable market scenario selected before signal,2666.2,1.615000000000009,4.845000000000027,,2669.35,190686,,,,,,,,
190689,2026-09-26T23:51:12.989+03:00,decision,,weak_level_rejection,,,approach,"Цена тестирует слабый уровень, ждём отказ от пробоя и возврат за зону",,,,,,,wait,,,,,False,0.4931506849313575,null
192606,2026-09-26T23:51:46.713+03:00,scenario_transition,ETHUSDT:scenario:22,weak_level_rejection,"[""structural_level"",""S:previous_day_low:13151:g1""]:failed:quote:1790455721741:7",S:previous_day_low:13151:g1,INVALIDATED,price_left_preparation_area,2666.2,1.615000000000009,4.845000000000027,,2671.06,192605,,,,,,,,
192608,2026-09-26T23:51:46.713+03:00,decision,,weak_level_rejection,,,not_assigned,not assigned to current scenario,,,,,,,wait,,,,,,,null
