symbol,processing_wall,input_sequence,prior_input_sequence,side,past_30s_bps,context_line,context_age_s,situation,scenario,owner,state,category,future_30s_bps,future_30s_sequence,future_30s_status,future_120s_bps,future_120s_sequence,future_120s_status
BTCUSDT,1790455197.099716,12311125,12145263,short,-10.043691246935937,159279,2.876370906829834,NO_SUITABLE_SCENARIO,BTCUSDT:scenario:14,,INVALIDATED,no_eligible_playbook,5.372347775537412,12534875,ok,8.68390582786538,13110783,ok
BTCUSDT,1790455640.9466233,14615591,14473651,short,-10.045263265138216,180652,0.7272047996520996,OBSERVING,BTCUSDT:scenario:22,level_breakout,PREPARED,trigger_not_met,0.8007915472840743,14824596,ok,3.1132284775725605,15128492,ok
ENAUSDT,1790451069.173426,73251,2670,long,10.26110856619633,1022,0.07547140121459961,OBSERVING,ENAUSDT:scenario:1,level_breakout,PREPARED,trigger_not_met,-5.857372968223196,149279,ok,-20.866891199298188,399915,ok
ENAUSDT,1790451213.8516252,475208,379666,short,-12.829676875422136,6165,1.1507165431976318,OBSERVING,ENAUSDT:scenario:1,level_breakout,PREPARED,trigger_not_met,6.606716828776449,559249,ok,4.404477885850966,825366,ok
ENAUSDT,1790451542.1481245,1460268,1362887,long,10.296199599186817,18506,1.9923577308654785,NO_SUITABLE_SCENARIO,ENAUSDT:scenario:3,,EXPIRED,no_eligible_playbook,2.204018660689755,1550493,ok,22.040186606913093,1811072,ok
ENAUSDT,1790451662.2955747,1811916,1730593,long,12.477293161343717,23296,0.22001862525939941,NO_SUITABLE_SCENARIO,ENAUSDT:scenario:4,level_breakout,PREPARED,trigger_not_met,-4.7646972584669545,1896508,ok,5.497727605923153,2151930,ok
ENAUSDT,1790451801.3659916,2209264,2122512,short,-11.355519331857078,28526,2.632939338684082,NO_SUITABLE_SCENARIO,ENAUSDT:scenario:4,level_breakout,PREPARED,trigger_not_met,1.466920932960969,2292257,ok,5.5009534986061315,2526530,ok
ENAUSDT,1790452042.3833685,2872994,2784471,long,12.840973712693327,37593,0.4904336929321289,NO_SUITABLE_SCENARIO,ENAUSDT:scenario:4,,EXPIRED,insufficient_evidence,-4.76330060090957,2949130,ok,-15.755532756851487,3185041,ok
ENAUSDT,1790452252.601515,3419450,3346809,long,10.27881279711984,44935,1.911982536315918,NO_SUITABLE_SCENARIO,ENAUSDT:scenario:4,,EXPIRED,no_eligible_playbook,1.4668671385087428,3491786,ok,-2.9337342770163755,3753317,ok
ENAUSDT,1790452407.1613955,3837780,3762570,short,-10.269764712357299,50705,2.5847723484039307,NO_SUITABLE_SCENARIO,ENAUSDT:scenario:4,,EXPIRED,no_eligible_playbook,-1.4686444411804445,3916863,ok,10.647672198561553,4143228,ok
ENAUSDT,1790452609.7855053,4354284,4280357,short,-12.1343604640467,58014,1.0324177742004395,NO_SUITABLE_SCENARIO,ENAUSDT:scenario:4,,EXPIRED,no_eligible_playbook,-4.049775421546276,4426832,ok,-16.19910168618066,4642082,ok
ENAUSDT,1790452799.7172012,4807770,4735153,long,10.66078485433275,64438,0.6010184288024902,NO_SUITABLE_SCENARIO,ENAUSDT:scenario:4,,EXPIRED,no_eligible_playbook,-4.773795534666059,4900549,ok,14.321386603994846,5162846,ok
ENAUSDT,1790452919.7964172,5163948,5069682,long,13.218042628189153,69000,1.5299007892608643,NO_SUITABLE_SCENARIO,ENAUSDT:scenario:4,,EXPIRED,no_eligible_playbook,9.900264007038917,5257095,ok,9.166911117628462,5526289,ok
ENAUSDT,1790453039.923764,5527110,5438209,short,-12.80526845330865,73402,2.739391326904297,NO_SUITABLE_SCENARIO,ENAUSDT:scenario:5,level_breakout,PREPARED,trigger_not_met,10.623878081841287,5619674,ok,29.30724988093769,5886887,ok
ENAUSDT,1790453169.8339305,5924480,5825378,short,-10.27994492886819,77968,2.2336480617523193,NO_SUITABLE_SCENARIO,ENAUSDT:scenario:5,,INVALIDATED,no_eligible_playbook,31.607188797823092,6020764,ok,31.607188797823092,6303482,ok
ENAUSDT,1790453290.0337887,6304219,6215381,short,-12.152234353995928,82825,1.2318975925445557,NO_SUITABLE_SCENARIO,ENAUSDT:scenario:6,,INVALIDATED,no_eligible_playbook,6.6366787110094805,6394011,ok,9.217609320847364,6770618,ok
ENAUSDT,1790453422.5923035,6812183,6707111,long,10.713955851113788,88782,0.47189927101135254,NO_SUITABLE_SCENARIO,ENAUSDT:scenario:7,,EXPIRED,no_eligible_playbook,14.392737203381412,6927579,ok,3.321400893088189,7191789,ok
ENAUSDT,1790453571.730262,7271143,7188487,short,-11.806157649097981,94528,0.5947575569152832,NO_SUITABLE_SCENARIO,ENAUSDT:scenario:7,,EXPIRED,no_eligible_playbook,-0.36938534279107316,7352559,ok,-9.604018912527934,7611977,ok
ENAUSDT,1790453719.1334927,7699191,7604244,short,-11.440169757355179,99988,2.4157681465148926,OBSERVING,ENAUSDT:scenario:9,weak_level_rejection,ASSIGNED,trigger_not_met,11.453484075963916,7799896,ok,-1.4778689130268141,8080751,ok
ENAUSDT,1790453856.9084299,8135741,8038036,long,12.194896620536522,105895,0.4424631595611572,OBSERVING,ENAUSDT:scenario:11,weak_level_rejection,ASSIGNED,trigger_not_met,2.2145124381789394,8226854,ok,-26.943234664501546,8491801,ok
ENAUSDT,1790453989.6558654,8526204,8443769,long,10.736962920454562,110997,1.4580152034759521,OBSERVING,ENAUSDT:scenario:11,weak_level_rejection,ASSIGNED,trigger_not_met,1.1094674556222373,8609476,ok,-6.28698224851898,8868183,ok
ENAUSDT,1790454131.6054957,8933721,8848574,long,10.362502544363217,116304,2.7635982036590576,OBSERVING,ENAUSDT:scenario:12,weak_level_rejection,ASSIGNED,trigger_not_met,-17.37587341491431,9018148,ok,-13.67887907131382,9294756,ok
ENAUSDT,1790454321.5132148,9536495,9424190,long,12.962722912539526,124448,1.7997817993164062,OBSERVING,ENAUSDT:scenario:12,weak_level_rejection,ASSIGNED,trigger_not_met,-1.8493860038459875,9646214,ok,-2.959017606153358,9918204,ok
ENAUSDT,1790454487.942782,10067240,9964048,short,-10.724653760101344,131695,0.6195604801177979,OBSERVING,ENAUSDT:scenario:13,weak_level_rejection,PREPARED,trigger_not_met,1.110658620563365,10186806,ok,14.068342527118194,10470297,ok
ENAUSDT,1790454614.5014126,10487056,10394485,short,-11.120378092853711,136882,2.404123067855835,OBSERVING,ENAUSDT:scenario:14,weak_level_rejection,ASSIGNED,trigger_not_met,2.5976917653180998,10574817,ok,7.42197647233378,10856242,ok
ENAUSDT,1790454742.261098,10875820,10780916,short,-10.762464975598851,141820,2.030355930328369,NO_SUITABLE_SCENARIO,ENAUSDT:scenario:14,weak_level_rejection,ASSIGNED,trigger_not_met,0.37152622975211713,10963366,ok,-5.944419676029433,11259218,ok
ENAUSDT,1790454862.2789218,11259846,11167564,long,10.77966731716451,146839,0.2034010887145996,NO_SUITABLE_SCENARIO,ENAUSDT:scenario:14,,INVALIDATED,no_eligible_playbook,-4.826971632260202,11347477,ok,-15.594831427299116,11594733,ok
ENAUSDT,1790455041.998146,11760995,11673221,long,10.78568107856892,153195,2.7034168243408203,NO_SUITABLE_SCENARIO,ENAUSDT:scenario:14,,INVALIDATED,no_eligible_playbook,7.430248541813178,11852644,ok,-18.575621354534057,12128988,ok
ENAUSDT,1790455163.8602285,12134415,12040579,short,-10.967765921852113,157719,0.6937334537506104,OBSERVING,ENAUSDT:scenario:15,level_breakout,PREPARED,trigger_not_met,23.076636766293788,12291843,ok,59.552611009791036,12938540,ok
ENAUSDT,1790455284.0665467,12940608,12727631,long,15.748326740283591,164175,2.3791487216949463,NO_SUITABLE_SCENARIO,ENAUSDT:scenario:18,weak_level_rejection,PREPARED,trigger_not_met,13.477088948785632,13095548,ok,3.369272237196963,13548987,ok
ENAUSDT,1790455404.0949404,13549656,13402645,long,11.98973379044066,170275,1.2735755443572998,NO_SUITABLE_SCENARIO,ENAUSDT:scenario:18,weak_level_rejection,PREPARED,trigger_not_met,-20.208068258364964,13711523,ok,15.717386423170776,14129117,ok
ENAUSDT,1790455524.2324736,14130585,13981436,long,26.59524656790202,175748,0.5884819030761719,NO_SUITABLE_SCENARIO,ENAUSDT:scenario:18,,INVALIDATED,no_eligible_playbook,2.2414823670047213,14256047,ok,-36.610878661087476,14634507,ok
ENAUSDT,1790455644.353783,14636269,14487426,short,-54.073203930564695,180915,0.1978921890258789,NO_SUITABLE_SCENARIO,ENAUSDT:scenario:18,,INVALIDATED,no_eligible_playbook,-20.6224221972251,14843724,ok,-8.99887514060893,15136145,ok
ENAUSDT,1790455829.2753344,15342081,15229653,long,10.494555949103201,188314,2.774139881134033,OBSERVING,ENAUSDT:scenario:19,weak_level_rejection,ASSIGNED,trigger_not_met,11.232168931820663,15484042,ok,45.30308135834326,15909962,ok
ENAUSDT,1790455960.0979648,15952257,15825519,long,11.196327604543477,195118,0.8381845951080322,NO_SUITABLE_SCENARIO,ENAUSDT:scenario:19,,INVALIDATED,no_eligible_playbook,2.9822926374656333,16064398,ok,9.319664492080104,16362044,ok
ENAUSDT,1790456080.2117755,16362918,16262165,long,13.05215267289217,199722,2.6406028270721436,NO_SUITABLE_SCENARIO,ENAUSDT:scenario:20,weak_level_rejection,PREPARED,trigger_not_met,1.1172768239542386,16458422,ok,7.448512159695664,16758058,ok
ENAUSDT,1790456235.3280191,16882961,16776409,short,-10.789693981955173,205700,0.3081552982330322,NO_SUITABLE_SCENARIO,ENAUSDT:scenario:20,weak_level_rejection,PREPARED,trigger_not_met,-4.8420738974974675,16990040,ok,-25.32777115613838,17301982,ok
ENAUSDT,1790456364.2988327,17331424,17226326,short,-10.211470266056066,210998,1.5497605800628662,NO_SUITABLE_SCENARIO,ENAUSDT:scenario:20,,EXPIRED,no_eligible_playbook,11.523735177132455,17429778,ok,18.958403033344506,17744502,ok
ENAUSDT,1790456534.8370855,17914660,17812020,long,10.799739316638135,218047,1.7242143154144287,OBSERVING,ENAUSDT:scenario:21,weak_level_rejection,ARMED,trigger_not_met,7.067926493564691,18027434,ok,1.1159883937206239,18338965,ok
ENAUSDT,1790456654.9722264,18339530,18222423,long,11.91650995214788,223068,0.7642083168029785,NO_SUITABLE_SCENARIO,ENAUSDT:scenario:22,,INVALIDATED,no_eligible_playbook,5.5791118054027145,18452911,ok,-1.1158223610796547,18757850,ok
ENAUSDT,1790456775.226532,18758576,18656606,short,-13.744172656524611,228049,2.8356716632843018,NO_SUITABLE_SCENARIO,ENAUSDT:scenario:22,,INVALIDATED,insufficient_evidence,7.439645872857614,18851467,ok,24.922813674069786,19136397,ok
ENAUSDT,1790456917.9453585,19221137,19112560,short,-10.434717796782289,233559,3.0440659523010254,NO_SUITABLE_SCENARIO,ENAUSDT:scenario:22,,INVALIDATED,no_eligible_playbook,-3.7306472673015456,19324615,ok,1.8653236336507728,19629202,ok
ENAUSDT,1790457037.9591022,19630376,19523243,short,-16.01937226413441,238663,1.6870479583740234,NO_SUITABLE_SCENARIO,ENAUSDT:scenario:22,,INVALIDATED,no_eligible_playbook,10.821299302212761,19729479,ok,3.3583342662035776,20032792,ok
ENAUSDT,1790457198.4822757,20189771,20071371,short,-10.07180826261278,245606,2.0014238357543945,NO_SUITABLE_SCENARIO,ENAUSDT:scenario:22,,INVALIDATED,no_eligible_playbook,9.708737864077,20298173,ok,-16.05675877520696,20596426,ok
ENAUSDT,1790457318.6053722,20597166,20498163,long,17.553360348081526,250722,0.5317091941833496,NO_SUITABLE_SCENARIO,ENAUSDT:scenario:22,,INVALIDATED,no_eligible_playbook,-5.965030011558792,20691784,ok,16.77664690750369,20988831,ok
ENAUSDT,1790457438.6905468,20989346,20891050,long,19.391046557155622,255501,2.976675271987915,NO_SUITABLE_SCENARIO,ENAUSDT:scenario:22,,INVALIDATED,no_eligible_playbook,1.1165283412117866,21119060,ok,40.19502028359989,21468346,ok
ENAUSDT,1790457558.8588912,21469147,21361639,long,29.742541128359168,260737,1.6700425148010254,OBSERVING,ENAUSDT:scenario:23,level_breakout,PREPARED,trigger_not_met,7.413447994661926,21579052,ok,-14.456223589591755,21918037,ok
ENAUSDT,1790457701.0268252,21997239,21890158,short,-10.021341746311307,266477,1.5832796096801758,OBSERVING,ENAUSDT:scenario:23,level_breakout,PREPARED,trigger_not_met,-11.517741036595197,22097483,ok,-13.003901170351995,22497403,ok
ENAUSDT,1790457824.0745652,22506908,22378015,short,-15.937436296582508,271718,2.6510841846466064,NO_SUITABLE_SCENARIO,ENAUSDT:scenario:23,,EXPIRED,insufficient_evidence,3.3411293017027166,22608654,ok,-31.55511007164824,23062266,ok
ENAUSDT,1790457965.9467175,23159583,23024482,long,10.538187062063553,278662,1.512450933456421,NO_SUITABLE_SCENARIO,ENAUSDT:scenario:24,level_breakout,PREPARED,trigger_not_met,4.062938612690026,23298438,ok,12.927531949471494,23688485,ok
ENAUSDT,1790458092.5320475,23725431,23581030,short,-13.630251791272308,285088,1.2205073833465576,NO_SUITABLE_SCENARIO,ENAUSDT:scenario:24,,EXPIRED,no_eligible_playbook,5.902316659288642,23853868,ok,-19.920318725099584,24311337,ok
ENAUSDT,1790458214.5750713,24323040,24175446,short,-10.301502915691652,291434,1.9734265804290771,NO_SUITABLE_SCENARIO,ENAUSDT:scenario:24,,EXPIRED,no_eligible_playbook,-1.4731879787865942,24481364,ok,-32.77843252799117,24895102,ok
ENAUSDT,1790458335.3695648,24898834,24791311,long,10.290523530387397,297953,1.7014617919921875,NO_SUITABLE_SCENARIO,ENAUSDT:scenario:24,,EXPIRED,no_eligible_playbook,-2.936965380521128,25030706,ok,-5.873930761041146,25428650,ok
ENAUSDT,1790458475.9934638,25519909,25388641,long,11.396430343915132,305338,2.6751017570495605,NO_SUITABLE_SCENARIO,ENAUSDT:scenario:24,,EXPIRED,no_eligible_playbook,1.4688062277379288,25693566,ok,4.406418683216007,26098363,ok
ENAUSDT,1790458657.567684,26330567,26222208,short,-15.034561155828907,314463,2.408832311630249,NO_SUITABLE_SCENARIO,ENAUSDT:scenario:24,,EXPIRED,no_eligible_playbook,5.5088324947660805,26442432,ok,,26565158,stale_or_insufficient_depth
ETHUSDT,1790455179.2579823,12197881,12085195,short,-12.52985629821235,158409,0.15211749076843262,NO_SUITABLE_SCENARIO,ETHUSDT:scenario:4,,EXPIRED,no_eligible_playbook,13.29236099961495,12410838,ok,29.238340247103032,13020822,ok
ETHUSDT,1790455303.443274,13042640,12854864,long,11.246675201643797,165062,2.8756844997406006,NO_SUITABLE_SCENARIO,ETHUSDT:scenario:17,weak_level_rejection,IN_POSITION,trigger_not_met,3.0331852939191606,13182349,ok,1.9472300652312313,13625762,ok
ETHUSDT,1790455510.7095027,14071042,13926786,long,10.751137391671328,175212,1.162989616394043,NO_SUITABLE_SCENARIO,ETHUSDT:scenario:17,,COMPLETED,no_eligible_playbook,3.3678097262357376,14203163,ok,-11.60023350147421,14563376,ok
ETHUSDT,1790455630.9151728,14564067,14433978,short,-15.672603428894538,180158,0.07669925689697266,NO_SUITABLE_SCENARIO,ETHUSDT:scenario:17,,COMPLETED,no_eligible_playbook,14.161228205570309,14776484,ok,,15031782,stale_or_insufficient_depth
ETHUSDT,1790456674.1566505,18413249,18287277,long,10.424742884365124,223854,1.2646656036376953,OBSERVING,ETHUSDT:scenario:23,weak_level_rejection,PREPARED,trigger_not_met,-2.612798232254354,18520534,ok,-4.479082683865876,18818706,ok
ETHUSDT,1790458043.7531266,23494379,23368202,long,10.327400980916224,282378,2.994790554046631,NO_SUITABLE_SCENARIO,ETHUSDT:scenario:24,,EXPIRED,no_eligible_playbook,3.947917287407954,23628362,ok,6.406054466359112,24071551,ok
ETHUSDT,1790458487.4967756,25573926,25436998,long,14.16776043266399,305952,2.6820404529571533,OBSERVING,ETHUSDT:scenario:26,level_breakout,PREPARED,trigger_not_met,1.6125733875194115,25756388,ok,-6.555517960654678,26143300,ok
NEARUSDT,1790451140.4594421,258191,175590,short,-10.385294423098657,3341,2.5929758548736572,OBSERVING,NEARUSDT:scenario:1,level_breakout,PREPARED,trigger_not_met,-0.0,342790,ok,4.158868787689229,611614,ok
NEARUSDT,1790451457.4761567,1181230,1089929,short,-10.404744563522472,15094,1.173879623413086,OBSERVING,NEARUSDT:scenario:3,weak_level_rejection,ASSIGNED,trigger_not_met,-12.499999999999734,1270240,ok,-29.166666666666785,1564532,ok
NEARUSDT,1790451577.674763,1565629,1478734,long,18.732438339055246,20024,0.13603425025939941,OBSERVING,NEARUSDT:scenario:4,level_breakout,PREPARED,trigger_not_met,2.077274615703839,1659082,ok,16.618196925632933,1910522,ok
NEARUSDT,1790451710.4764266,1946998,1863361,short,-10.365916865346936,25084,1.4177711009979248,OBSERVING,NEARUSDT:scenario:5,level_breakout,PREPARED,trigger_not_met,2.0755500207547684,2035077,ok,-10.377750103778283,2290058,ok
NEARUSDT,1790451831.6741052,2293273,2210400,long,10.376673238559064,29623,2.8828423023223877,OBSERVING,NEARUSDT:scenario:5,level_breakout,PREPARED,trigger_not_met,2.0729684908804558,2371822,ok,12.437810945273853,2613582,ok
NEARUSDT,1790451964.5922194,2649232,2564282,short,-10.342331161445895,34600,1.379591941833496,OBSERVING,NEARUSDT:scenario:6,level_breakout,PREPARED,trigger_not_met,-2.0708221163801,2736314,ok,-20.70822116380322,2985464,ok
NEARUSDT,1790452084.7702591,2985870,2904948,long,10.344470880314649,38975,2.6580655574798584,OBSERVING,NEARUSDT:scenario:6,level_breakout,PREPARED,trigger_not_met,-8.26617069642599,3066002,ok,-18.59888406695709,3293748,ok
NEARUSDT,1790452299.7484446,3535892,3461163,short,-10.344470880314649,46635,0.21063590049743652,OBSERVING,NEARUSDT:scenario:7,level_breakout,PREPARED,trigger_not_met,-4.142502071251553,3625504,ok,8.285004142503105,3868562,ok
NEARUSDT,1790452563.3145459,4239293,4160043,short,-12.42107442293805,56410,1.7369751930236816,NO_SUITABLE_SCENARIO,NEARUSDT:scenario:7,,EXPIRED,insufficient_evidence,-10.364842454393397,4312998,ok,-12.437810945273853,4526254,ok
NEARUSDT,1790452829.8479419,4901522,4807675,short,-10.344470880314649,65592,0.4241065979003906,OBSERVING,NEARUSDT:scenario:8,weak_level_rejection,ASSIGNED,trigger_not_met,-10.356255178127771,4979028,ok,-37.28251864125953,5256827,ok
NEARUSDT,1790452956.2408786,5276762,5182546,short,-10.312467773536671,70345,2.691974401473999,NO_SUITABLE_SCENARIO,NEARUSDT:scenario:9,level_breakout,PREPARED,trigger_not_met,6.194507536650962,5368324,ok,-0.0,5639397,ok
NEARUSDT,1790453085.5196936,5667980,5577079,long,10.331645831180847,75083,0.9779303073883057,NO_SUITABLE_SCENARIO,NEARUSDT:scenario:9,,EXPIRED,no_eligible_playbook,16.511867905055766,5760685,ok,16.511867905055766,6040147,ok
NEARUSDT,1790453298.640814,6327101,6241305,short,-10.295480284157055,83143,1.4392809867858887,NO_SUITABLE_SCENARIO,NEARUSDT:scenario:9,,EXPIRED,no_eligible_playbook,2.0614306328603504,6420851,ok,28.860028860029363,6799775,ok
NEARUSDT,1790453439.3826482,6880282,6768737,long,10.32737787875826,89481,2.184025764465332,NO_SUITABLE_SCENARIO,NEARUSDT:scenario:9,,EXPIRED,no_eligible_playbook,-2.063131834124654,6988059,ok,-6.189395502372852,7234246,ok
NEARUSDT,1790453609.4819508,7374994,7291235,short,-10.316723408646533,95826,1.6053202152252197,NO_SUITABLE_SCENARIO,NEARUSDT:scenario:9,,EXPIRED,no_eligible_playbook,-2.065688907249008,7464949,ok,-18.591200165254396,7741530,ok
NEARUSDT,1790453824.4404302,8028061,7932823,short,-10.303967027305294,104403,0.7453691959381104,OBSERVING,NEARUSDT:scenario:10,level_breakout,PREPARED,trigger_not_met,-0.0,8129259,ok,37.13637301423711,8401930,ok
NEARUSDT,1790453951.2553864,8421617,8334293,short,-10.346611484736146,109605,0.18159222602844238,OBSERVING,NEARUSDT:scenario:11,level_breakout,PREPARED,trigger_not_met,-12.430080795524656,8502623,ok,10.358400662937584,8764841,ok
NEARUSDT,1790454088.8505085,8812816,8723087,long,10.365916865346936,114736,0.9064021110534668,OBSERVING,NEARUSDT:scenario:11,level_breakout,PREPARED,trigger_not_met,-6.2124663491403,8893062,ok,10.3541105819005,9160863,ok
NEARUSDT,1790454209.009957,9162004,9070465,long,12.426219322771992,119451,1.3118016719818115,NO_SUITABLE_SCENARIO,NEARUSDT:scenario:12,level_breakout,PREPARED,trigger_not_met,-6.204756980351389,9253187,ok,-6.204756980351389,9568700,ok
NEARUSDT,1790454351.2292733,9645414,9534192,short,-10.340192327574771,125850,0.30130934715270996,NO_SUITABLE_SCENARIO,NEARUSDT:scenario:12,level_breakout,PREPARED,trigger_not_met,8.281573498966077,9735213,ok,-2.070393374742352,10009226,ok
NEARUSDT,1790454477.472341,10027428,9933133,long,10.359473738734692,131133,1.4558568000793457,NO_SUITABLE_SCENARIO,NEARUSDT:scenario:12,level_breakout,PREPARED,trigger_not_met,-8.278145695362893,10140917,ok,-22.764900662252117,10433486,ok
NEARUSDT,1790454599.7583334,10443119,10353618,short,-10.363768266142825,136286,2.4239909648895264,NO_SUITABLE_SCENARIO,NEARUSDT:scenario:13,level_breakout,PREPARED,trigger_not_met,-6.225357958082878,10533529,ok,31.126789790412168,10807168,ok
NEARUSDT,1790454719.852277,10807784,10713726,short,-12.477903712176941,140956,1.124521255493164,OBSERVING,NEARUSDT:scenario:14,level_breakout,PREPARED,trigger_not_met,2.0824656393159113,10898974,ok,8.329862557266976,11193829,ok
NEARUSDT,1790454839.9090989,11194293,11099086,short,-10.411244143676557,145816,2.280564546585083,OBSERVING,NEARUSDT:scenario:14,level_breakout,PREPARED,trigger_not_met,-4.169272461955753,11283852,ok,-14.592453616844026,11537520,ok
NEARUSDT,1790454989.6476133,11616654,11536718,long,10.40907671489677,151465,0.3601388931274414,OBSERVING,NEARUSDT:scenario:14,level_breakout,PREPARED,trigger_not_met,-4.158868787689229,11694127,ok,-22.873778332294094,11962305,ok
NEARUSDT,1790455124.387374,12008547,11914497,short,-14.593974773271512,156249,0.3119933605194092,OBSERVING,NEARUSDT:scenario:17,level_breakout,PREPARED,trigger_not_met,-25.057423261642953,12102116,ok,4.176237210272715,12671395,ok
NEARUSDT,1790455244.4315698,12672615,12445259,long,12.550988390336304,162240,2.118868827819824,NO_SUITABLE_SCENARIO,NEARUSDT:scenario:17,,INVALIDATED,no_eligible_playbook,-25.067892208062716,12872115,ok,-22.978901190725544,13351988,ok
NEARUSDT,1790455364.5197334,13356331,13186894,short,-12.548363484260472,168175,0.3512899875640869,NO_SUITABLE_SCENARIO,NEARUSDT:scenario:18,,INVALIDATED,no_eligible_playbook,-6.282722513086814,13509053,ok,39.79057591623092,13940605,ok
NEARUSDT,1790455484.5265925,13941252,13810477,long,23.184740225523637,173920,2.519636869430542,NO_SUITABLE_SCENARIO,NEARUSDT:scenario:19,,EXPIRED,no_eligible_playbook,27.333894028596095,14090028,ok,54.667788057189966,14447039,ok
NEARUSDT,1790455604.7181222,14447608,14331368,long,16.755681223166174,179014,1.5297870635986328,NO_SUITABLE_SCENARIO,NEARUSDT:scenario:19,,EXPIRED,no_eligible_playbook,-27.179594396823383,14580126,ok,,14838204,stale_or_insufficient_depth
NEARUSDT,1790455849.5877182,15435733,15299330,long,25.26581745446954,189238,2.764575958251953,NO_SUITABLE_SCENARIO,NEARUSDT:scenario:19,,EXPIRED,no_eligible_playbook,16.799664006719173,15601667,ok,37.79924401512203,15983968,ok
NEARUSDT,1790455969.6568105,15984704,15869960,long,14.664292447887917,195474,1.5513114929199219,NO_SUITABLE_SCENARIO,NEARUSDT:scenario:20,weak_level_rejection,ASSIGNED,trigger_not_met,6.2748379000221455,16095399,ok,8.36645053336138,16388750,ok
NEARUSDT,1790456091.4895923,16396063,16300382,long,10.456969570220576,200151,1.907019853591919,NO_SUITABLE_SCENARIO,NEARUSDT:scenario:20,weak_level_rejection,PREPARED,trigger_not_met,0.0,16496356,ok,0.0,16794982,ok
NEARUSDT,1790456212.8575907,16800584,16702792,long,10.450412791307429,204784,1.4436330795288086,NO_SUITABLE_SCENARIO,NEARUSDT:scenario:20,,EXPIRED,no_eligible_playbook,-25.052192066806754,16911087,ok,-2.087682672234914,17221783,ok
NEARUSDT,1790456332.99226,17222495,17127566,long,14.636696288550244,209775,0.5319056510925293,NO_SUITABLE_SCENARIO,NEARUSDT:scenario:21,,INVALIDATED,no_eligible_playbook,-6.263048016701411,17325651,ok,-2.087682672234914,17642475,ok
NEARUSDT,1790456453.136683,17643126,17540512,long,14.636696288550244,214782,2.693136692047119,OBSERVING,NEARUSDT:scenario:22,weak_level_rejection,PREPARED,trigger_not_met,-6.263048016701411,17741380,ok,-8.350730688936325,18053355,ok
NEARUSDT,1790456576.3120542,18064954,17953781,short,-10.435145570280024,219788,0.836007833480835,OBSERVING,NEARUSDT:scenario:22,weak_level_rejection,PREPARED,trigger_not_met,2.089427496865248,18163882,ok,-25.07312996239186,18492403,ok
NEARUSDT,1790456826.9932525,18921739,18826230,short,-10.417751849152168,230171,2.8546767234802246,NO_SUITABLE_SCENARIO,NEARUSDT:scenario:22,,INVALIDATED,no_eligible_playbook,-0.0,19018914,ok,2.0859407592810353,19322173,ok
NEARUSDT,1790456973.350348,19408098,19308214,long,10.437323870160498,235905,0.22463774681091309,OBSERVING,NEARUSDT:scenario:23,weak_level_rejection,ASSIGNED,trigger_not_met,8.340283569641116,19508502,ok,8.340283569641116,19821306,ok
NEARUSDT,1790457150.5143623,20006437,19905405,long,18.748047078429586,243578,0.7254266738891602,OBSERVING,NEARUSDT:scenario:23,weak_level_rejection,PREPARED,trigger_not_met,-2.0790020790006913,20115203,ok,0.0,20439806,ok
NEARUSDT,1790457304.0658329,20548803,20449933,short,-10.389610389610615,250050,1.982023000717163,OBSERVING,NEARUSDT:scenario:24,weak_level_rejection,PREPARED,trigger_not_met,-0.0,20647792,ok,-18.722696068231848,20940626,ok
NEARUSDT,1790457498.3050804,21246730,21117420,long,10.383137784237828,258138,1.433725357055664,OBSERVING,NEARUSDT:scenario:24,weak_level_rejection,PREPARED,trigger_not_met,8.2970338104138,21358769,ok,16.59406762082538,21697308,ok
NEARUSDT,1790457685.6238933,21942313,21833250,long,14.506268780436482,265829,2.966621160507202,NO_SUITABLE_SCENARIO,NEARUSDT:scenario:25,level_breakout,PREPARED,trigger_not_met,-20.691082143595718,22041065,ok,6.207324643079382,22431459,ok
NEARUSDT,1790457836.3389409,22537188,22433970,long,12.405665253798492,271731,14.658398628234863,OBSERVING,NEARUSDT:scenario:25,level_breakout,PREPARED,trigger_not_met,26.842865992153797,22665589,ok,43.361552756555625,23114167,ok
NEARUSDT,1790457956.4830577,23115116,22986238,short,-10.26799466064432,278198,1.7560935020446777,NO_SUITABLE_SCENARIO,NEARUSDT:scenario:26,weak_level_rejection,PREPARED,trigger_not_met,-26.726973684210176,23250779,ok,-30.83881578947345,23644029,ok
NEARUSDT,1790458076.698535,23646896,23510967,short,-15.357837616464254,284173,1.6910791397094727,NO_SUITABLE_SCENARIO,NEARUSDT:scenario:26,,INVALIDATED,no_eligible_playbook,-26.66666666666595,23789893,ok,-36.923076923076614,24245096,ok
NEARUSDT,1790458209.8762705,24299221,24154213,long,17.377082694469692,291210,2.0300140380859375,NO_SUITABLE_SCENARIO,NEARUSDT:scenario:26,,INVALIDATED,no_eligible_playbook,8.161599673537356,24457447,ok,,24849660,stale_or_insufficient_depth
NEARUSDT,1790458332.0574536,24882830,24777584,long,16.255206745909856,297405,15.264899969100952,NO_SUITABLE_SCENARIO,NEARUSDT:scenario:27,,INVALIDATED,no_eligible_playbook,4.056795131848201,25016922,ok,-16.227180527383922,25414911,ok
NEARUSDT,1790458452.1538072,25415794,25288880,long,11.185682326622093,304231,1.6658179759979248,NO_SUITABLE_SCENARIO,NEARUSDT:scenario:27,,INVALIDATED,no_eligible_playbook,16.25025391021717,25547472,ok,34.531789559213436,25998598,ok
NEARUSDT,1790458641.81852,26276080,26160105,short,-10.116337885685,313836,0.46346139907836914,NO_SUITABLE_SCENARIO,NEARUSDT:scenario:27,,INVALIDATED,no_eligible_playbook,-2.0255215718045783,26380137,ok,,26565575,stale_or_insufficient_depth
SOLUSDT,1790451511.7784007,1361681,1253944,short,-11.562125779411847,17195,2.4624099731445312,OBSERVING,SOLUSDT:scenario:4,level_breakout,PREPARED,trigger_not_met,-4.961137754257994,1458456,ok,-7.441706631388101,1729168,ok
SOLUSDT,1790453345.2278686,6481159,6380414,short,-10.744245629984439,84911,2.368201494216919,OBSERVING,SOLUSDT:scenario:9,level_breakout,PREPARED,trigger_not_met,4.964421644878536,6643446,ok,-9.928843289757072,6975492,ok
SOLUSDT,1790454304.811214,9472733,9369853,long,10.736259652310842,123664,1.1795568466186523,OBSERVING,SOLUSDT:scenario:14,level_breakout,PREPARED,trigger_not_met,1.6498927569696953,9591062,ok,1.6498927569696953,9868619,ok
SOLUSDT,1790454487.113967,10064167,9959674,long,10.722976038273213,131650,0.6948022842407227,OBSERVING,SOLUSDT:scenario:15,level_breakout,PREPARED,trigger_not_met,-1.6478536705943903,10184302,ok,6.591414682375341,10467631,ok
SOLUSDT,1790454812.0264568,11106003,10998177,short,-10.70355275616608,144772,0.174668550491333,NO_SUITABLE_SCENARIO,SOLUSDT:scenario:16,,EXPIRED,no_eligible_playbook,-2.472799208703691,11200437,ok,-1.648532805804681,11467070,ok
SOLUSDT,1790455182.3553915,12214060,12095564,short,-10.730056539143273,158516,1.4803812503814697,NO_SUITABLE_SCENARIO,SOLUSDT:scenario:16,,EXPIRED,no_eligible_playbook,23.962981325400534,12428104,ok,41.31548504379467,13037870,ok
SOLUSDT,1790455302.8249311,13040024,12849020,long,12.46209446267521,165136,0.5996947288513184,NO_SUITABLE_SCENARIO,SOLUSDT:scenario:18,,INVALIDATED,no_eligible_playbook,3.48489877199043,13180536,ok,-4.978426817126014,13623678,ok
SOLUSDT,1790455439.745468,13736979,13576111,short,-10.792412104105864,172008,0.95890212059021,OBSERVING,SOLUSDT:scenario:19,level_breakout,PREPARED,trigger_not_met,-8.31117021276695,13882899,ok,-27.426861702128935,14281051,ok
SOLUSDT,1790455573.1070158,14326130,14211001,short,-11.594683009649165,177775,1.263918161392212,NO_SUITABLE_SCENARIO,SOLUSDT:scenario:19,,INVALIDATED,no_eligible_playbook,-7.4626865671634235,14441318,ok,29.021558872304176,14924080,ok
SOLUSDT,1790455760.807898,15128198,15047707,short,-10.810361315537476,185819,1.0423223972320557,OBSERVING,SOLUSDT:scenario:20,level_breakout,PREPARED,trigger_not_met,4.162504162504854,15206482,ok,-11.655011655011815,15608126,ok
SOLUSDT,1790455989.507321,16062077,15949989,long,10.811260343464024,196270,3.0012245178222656,NO_SUITABLE_SCENARIO,SOLUSDT:scenario:20,,EXPIRED,insufficient_evidence,1.6614055490959956,16159303,ok,7.476324970925319,16456446,ok
SOLUSDT,1790456232.694437,16874043,16765832,short,-11.617775196048896,205496,2.7878577709198,NO_SUITABLE_SCENARIO,SOLUSDT:scenario:20,,EXPIRED,no_eligible_playbook,4.154204054502841,16980955,ok,1.6616816218006925,17292212,ok
SOLUSDT,1790456553.9411733,17982880,17871136,long,11.632254580200563,218897,0.9622673988342285,OBSERVING,SOLUSDT:scenario:21,level_breakout,PREPARED,trigger_not_met,-2.4896265560170328,18089497,ok,19.087136929460957,18411113,ok
SOLUSDT,1790456674.0395436,18412773,18286193,long,13.268648671060923,223784,2.8491740226745605,OBSERVING,SOLUSDT:scenario:22,weak_level_rejection,PREPARED,trigger_not_met,-7.453416149069136,18519586,ok,-4.1407867494824835,18818189,ok
SOLUSDT,1790457922.5695913,22968553,22812659,long,10.738920325470414,276606,0.42145442962646484,NO_SUITABLE_SCENARIO,SOLUSDT:scenario:24,,EXPIRED,no_eligible_playbook,2.4754517699476786,23100533,ok,11.552108259758054,23487049,ok
SOLUSDT,1790458156.217063,24015483,23866346,long,10.717671791913297,288422,0.21078133583068848,NO_SUITABLE_SCENARIO,SOLUSDT:scenario:24,,EXPIRED,no_eligible_playbook,5.764638063081584,24184378,ok,8.235197232973057,24643504,ok
SOLUSDT,1790458528.2439032,25802207,25632390,short,-10.679811049496557,308392,2.029176712036133,OBSERVING,SOLUSDT:scenario:25,level_breakout,PREPARED,trigger_not_met,4.112180277983102,25930893,ok,13.158976889546814,26301472,ok
XRPUSDT,1790451195.4514658,419410,329665,short,-10.511447623425818,5496,0.09836077690124512,NO_SUITABLE_SCENARIO,,,,no_eligible_playbook,-6.576783952647602,505529,ok,-14.468924695822949,768691,ok
XRPUSDT,1790451511.7507505,1361561,1254183,short,-11.176489924720201,17243,1.476238489151001,OBSERVING,XRPUSDT:scenario:1,weak_level_rejection,PREPARED,trigger_not_met,-6.581978542750111,1458181,ok,-7.240176397023124,1729627,ok
XRPUSDT,1790453146.455959,5844892,5763448,long,11.822271846575472,77182,0.21520304679870605,NO_SUITABLE_SCENARIO,XRPUSDT:scenario:3,,INVALIDATED,no_eligible_playbook,-2.623983206506697,5943848,ok,-24.271844660194162,6233632,ok
XRPUSDT,1790453333.448082,6437119,6340322,short,-10.516975055048228,84451,2.632833242416382,OBSERVING,XRPUSDT:scenario:5,level_breakout,PREPARED,trigger_not_met,32.24320589590101,6598438,ok,13.160492202408669,6930996,ok
XRPUSDT,1790453454.2773874,6935300,6817586,long,11.212610889423935,90168,2.683192014694214,NO_SUITABLE_SCENARIO,XRPUSDT:scenario:7,level_breakout,PREPARED,trigger_not_met,4.61163449502644,7036754,ok,0.0,7276352,ok
XRPUSDT,1790453875.8745763,8189791,8105258,long,10.53081910027176,106607,0.3044741153717041,NO_SUITABLE_SCENARIO,XRPUSDT:scenario:7,,EXPIRED,no_eligible_playbook,-3.9447731755415383,8285621,ok,-5.259697567389088,8543893,ok
XRPUSDT,1790454320.6265726,9532093,9421955,long,10.526662061249858,124375,2.5999841690063477,OBSERVING,XRPUSDT:scenario:9,weak_level_rejection,PREPARED,trigger_not_met,-2.628811777076745,9643115,ok,-7.886435331231345,9915875,ok
XRPUSDT,1790454810.3998263,11100851,10990775,short,-10.512138234619606,144713,0.23381829261779785,NO_SUITABLE_SCENARIO,XRPUSDT:scenario:9,,EXPIRED,no_eligible_playbook,-3.2886082609828726,11195523,ok,-1.315443304392705,11462403,ok
XRPUSDT,1790455046.2437067,11776208,11683337,short,-10.518357821384106,153382,1.877185583114624,NO_SUITABLE_SCENARIO,XRPUSDT:scenario:9,,EXPIRED,no_eligible_playbook,0.6581112207959539,11862723,ok,11.187890753537877,12142254,ok
XRPUSDT,1790455178.0302186,12185999,12081073,short,-11.855754981064948,158286,0.33591508865356445,NO_SUITABLE_SCENARIO,XRPUSDT:scenario:9,,EXPIRED,no_eligible_playbook,15.826958586124817,12405433,ok,34.291743603269694,13013946,ok
XRPUSDT,1790455303.1090238,13041522,12850650,long,11.266858866023632,165116,1.2403466701507568,NO_SUITABLE_SCENARIO,XRPUSDT:scenario:16,,INVALIDATED,no_eligible_playbook,-1.985965841386772,13180968,ok,-15.225738117303766,13624267,ok
XRPUSDT,1790455423.1770434,13625397,13499497,long,11.283310656091672,171176,0.3986814022064209,NO_SUITABLE_SCENARIO,XRPUSDT:scenario:17,weak_level_rejection,PREPARED,trigger_not_met,-17.2368072129403,13802864,ok,10.607265977193858,14211181,ok
XRPUSDT,1790455596.1803129,14418736,14302110,long,11.269099466375554,178721,0.9845008850097656,NO_SUITABLE_SCENARIO,XRPUSDT:scenario:17,,EXPIRED,no_eligible_playbook,-15.890882606104384,14542178,ok,,14838361,stale_or_insufficient_depth
XRPUSDT,1790455850.2683754,15438786,15301257,long,15.301200811628224,189384,0.03811836242675781,OBSERVING,XRPUSDT:scenario:18,weak_level_rejection,PREPARED,trigger_not_met,2.6569246097629673,15605494,ok,23.912321487877808,15986659,ok
XRPUSDT,1790455970.4633105,15987383,15873033,long,11.277322630933728,195469,2.4915809631347656,OBSERVING,XRPUSDT:scenario:19,weak_level_rejection,PREPARED,trigger_not_met,6.626027034188908,16097554,ok,9.276437847864916,16391903,ok
XRPUSDT,1790456237.9349692,16892945,16784243,short,-10.576764171210673,205775,0.6273713111877441,NO_SUITABLE_SCENARIO,XRPUSDT:scenario:19,weak_level_rejection,PREPARED,trigger_not_met,-1.9853087155041749,16999024,ok,0.6617695718369454,17310285,ok
XRPUSDT,1790456499.463976,17795703,17697233,long,10.590065195088538,216688,0.9379255771636963,NO_SUITABLE_SCENARIO,XRPUSDT:scenario:19,,EXPIRED,no_eligible_playbook,3.305785123965954,17893499,ok,6.611570247934129,18207401,ok
XRPUSDT,1790456646.2233827,18301652,18197787,long,10.571173730633543,222547,2.3325273990631104,NO_SUITABLE_SCENARIO,XRPUSDT:scenario:20,weak_level_rejection,PREPARED,trigger_not_met,2.63991552270193,18420745,ok,5.939809926081008,18729223,ok
XRPUSDT,1790456829.740446,18935228,18835400,short,-10.548870941157196,230375,0.9181320667266846,NO_SUITABLE_SCENARIO,XRPUSDT:scenario:20,,EXPIRED,no_eligible_playbook,-1.3200448815275934,19032559,ok,3.960134644577229,19331095,ok
XRPUSDT,1790457170.2655475,20078267,19970477,long,10.560707567406347,244386,1.3267238140106201,OBSERVING,XRPUSDT:scenario:21,weak_level_rejection,ASSIGNED,trigger_not_met,4.615283180591234,20196519,ok,-0.6593261686560492,20503533,ok
XRPUSDT,1790457448.4660769,21035338,20922801,long,10.548870941156085,256017,0.6620192527770996,NO_SUITABLE_SCENARIO,XRPUSDT:scenario:22,,INVALIDATED,no_eligible_playbook,-5.9272918861952295,21157044,ok,6.585879873550748,21506055,ok
XRPUSDT,1790458113.4728754,23816109,23678553,long,11.173551546221905,286145,2.300380229949951,NO_SUITABLE_SCENARIO,XRPUSDT:scenario:23,weak_level_rejection,PREPARED,trigger_not_met,-3.282563025210905,23932633,ok,0.0,24425205,ok
XRPUSDT,1790458289.0496597,24711162,24556652,long,10.507305861109373,295719,2.207265615463257,OBSERVING,XRPUSDT:scenario:24,level_breakout,PREPARED,trigger_not_met,-2.623983206506697,24850865,ok,1.3119916032544587,25234294,ok
XRPUSDT,1790458463.6135807,25463845,25335260,long,11.152294420573305,304832,0.7655632495880127,NO_SUITABLE_SCENARIO,XRPUSDT:scenario:24,,EXPIRED,insufficient_evidence,0.6552650547142491,25605995,ok,-5.897385492432683,26046093,ok
ZECUSDT,1790451150.3531876,289065,203324,short,-13.042123488991031,3773,1.9893813133239746,NO_SUITABLE_SCENARIO,,,,no_eligible_playbook,0.12866204341044352,369102,ok,2.0585926945693167,640367,ok
ZECUSDT,1790451428.1924753,1093398,1006252,short,-10.103057622822265,13951,1.4140825271606445,NO_SUITABLE_SCENARIO,,,,no_eligible_playbook,2.8987187663054303,1182410,ok,7.536668792393897,1480181,ok
ZECUSDT,1790451626.689334,1716589,1617668,long,11.799181794442948,21971,1.193302869796753,NO_SUITABLE_SCENARIO,ZECUSDT:scenario:1,level_breakout,PREPARED,trigger_not_met,-2.7048087635805906,1795392,ok,13.623220139231673,2049049,ok
ZECUSDT,1790451769.3736913,2117314,2030854,long,10.99830523191292,27306,2.477778196334839,NO_SUITABLE_SCENARIO,ZECUSDT:scenario:1,,INVALIDATED,no_eligible_playbook,2.82685512367431,2202413,ok,19.78798586572461,2443531,ok
ZECUSDT,1790451927.5921428,2546956,2463655,long,10.838300887907604,33166,1.7430751323699951,OBSERVING,ZECUSDT:scenario:2,level_breakout,PREPARED,trigger_not_met,-9.801534933182587,2629563,ok,7.6874783789682155,2886235,ok
ZECUSDT,1790452058.9656706,2914263,2834381,long,10.892443527483753,38157,0.7978031635284424,OBSERVING,ZECUSDT:scenario:2,level_breakout,PREPARED,trigger_not_met,2.560131078710448,2998594,ok,-1.7920917550973137,3223617,ok
ZECUSDT,1790452181.9241228,3232191,3159680,long,14.73475833394744,42460,0.7667369842529297,OBSERVING,ZECUSDT:scenario:3,level_breakout,PREPARED,trigger_not_met,-2.1647347816089457,3312762,ok,-4.733758092168028,3540629,ok
ZECUSDT,1790452309.1237116,3559201,3482579,short,-10.043725390475045,46877,2.6743340492248535,OBSERVING,ZECUSDT:scenario:3,level_breakout,PREPARED,trigger_not_met,1.3447832017354777,3654949,ok,-10.245967251327759,3895650,ok
ZECUSDT,1790452475.1420178,4013742,3933449,long,12.656730919815562,53151,1.9051034450531006,OBSERVING,ZECUSDT:scenario:4,level_breakout,PREPARED,trigger_not_met,0.0,4093635,ok,5.809610756080108,4317351,ok
ZECUSDT,1790452612.0542595,4360387,4285468,long,10.9126762540801,58139,0.00921177864074707,OBSERVING,ZECUSDT:scenario:5,level_breakout,PREPARED,trigger_not_met,-0.6374705169898132,4431751,ok,5.227258239306476,4647637,ok
ZECUSDT,1790452744.82028,4679002,4607185,short,-10.441902591055152,62636,1.09852933883667,NO_SUITABLE_SCENARIO,ZECUSDT:scenario:5,level_breakout,PREPARED,trigger_not_met,-1.439179068802865,4745248,ok,-2.294528187640754,4994840,ok
ZECUSDT,1790452870.8517303,5013284,4928632,short,-13.763528560913896,66983,2.195765733718872,NO_SUITABLE_SCENARIO,ZECUSDT:scenario:6,level_breakout,PREPARED,trigger_not_met,-0.5104645227160809,5101488,ok,-5.301174068401693,5384830,ok
ZECUSDT,1790453125.836886,5788938,5697339,long,10.533472502849417,76436,0.9722728729248047,OBSERVING,ZECUSDT:scenario:7,level_breakout,PREPARED,trigger_not_met,-0.5133633911336144,5873589,ok,-12.563054416520059,6174775,ok
ZECUSDT,1790453317.5944138,6387706,6297416,short,-11.484389205947965,83930,0.22378826141357422,OBSERVING,ZECUSDT:scenario:8,weak_level_rejection,ASSIGNED,trigger_not_met,8.43159548781891,6492506,ok,7.3891436820539,6872422,ok
ZECUSDT,1790453447.2611694,6907789,6793846,long,11.003246597469651,89874,1.7028717994689941,OBSERVING,ZECUSDT:scenario:10,level_breakout,PREPARED,trigger_not_met,0.3016167167224637,7014677,ok,2.3643683302432272,7256826,ok
ZECUSDT,1790453805.6503606,7964362,7875762,long,10.92117910414414,103487,2.53999662399292,OBSERVING,ZECUSDT:scenario:11,weak_level_rejection,ASSIGNED,trigger_not_met,3.617909000432906,8066308,ok,5.805496720852066,8346884,ok
ZECUSDT,1790453945.1692405,8404836,8314933,short,-10.137752288168489,109371,0.646712064743042,OBSERVING,ZECUSDT:scenario:11,weak_level_rejection,PREPARED,trigger_not_met,-6.382435537402031,8487603,ok,7.91422006637732,8744915,ok
ZECUSDT,1790454091.4679024,8820244,8731081,long,10.664078339468475,114783,2.344130039215088,OBSERVING,ZECUSDT:scenario:13,level_breakout,PREPARED,trigger_not_met,5.804756072667061,8899907,ok,16.71068075117299,9168604,ok
ZECUSDT,1790454220.807648,9197709,9103739,long,10.446558527799077,119890,2.9131176471710205,NO_SUITABLE_SCENARIO,ZECUSDT:scenario:13,,INVALIDATED,no_eligible_playbook,5.854130343485586,9291789,ok,43.07812718734372,9613331,ok
ZECUSDT,1790454340.9464417,9613784,9492216,long,16.311505323454156,125331,1.872424840927124,NO_SUITABLE_SCENARIO,ZECUSDT:scenario:14,,COMPLETED,no_eligible_playbook,2.0276906504457237,9704801,ok,21.55815353420243,9975570,ok
ZECUSDT,1790454461.171815,9976169,9887345,long,16.59325313260851,130443,0.6973788738250732,NO_SUITABLE_SCENARIO,ZECUSDT:scenario:14,,COMPLETED,no_eligible_playbook,5.37437246298067,10082287,ok,4.868549172345471,10386339,ok
ZECUSDT,1790454673.7830987,10665478,10572809,short,-10.366133084713791,139235,0.8104095458984375,NO_SUITABLE_SCENARIO,ZECUSDT:scenario:15,,INVALIDATED,no_eligible_playbook,-3.290243794409342,10754241,ok,-26.44849819352757,11042833,ok
ZECUSDT,1790454793.7845912,11043658,10936523,long,40.74326357976776,143882,2.6741433143615723,OBSERVING,ZECUSDT:scenario:16,level_breakout,PREPARED,trigger_not_met,-6.941771161357302,11142240,ok,-22.28687184859579,11410943,ok
ZECUSDT,1790454913.8433762,11411564,11324501,short,-10.614135121732593,148789,1.5583760738372803,OBSERVING,ZECUSDT:scenario:16,level_breakout,PREPARED,trigger_not_met,0.2529868257106216,11498492,ok,9.044279019169155,11739050,ok
ZECUSDT,1790455079.0418084,11873242,11784054,short,-10.503437344780986,154594,2.0066487789154053,NO_SUITABLE_SCENARIO,ZECUSDT:scenario:17,weak_level_rejection,ASSIGNED,trigger_not_met,3.357043774583346,11960649,ok,41.42465336939516,12329926,ok
ZECUSDT,1790455199.2168772,12331179,12150499,short,-30.563490578899845,159559,0.2872657775878906,NO_SUITABLE_SCENARIO,ZECUSDT:scenario:17,,INVALIDATED,no_eligible_playbook,32.18379107249536,12556359,ok,4.407780081667756,13121103,ok
ZECUSDT,1790455337.1178415,13196393,13061881,short,-10.561442463998816,166701,0.811359167098999,NO_SUITABLE_SCENARIO,ZECUSDT:scenario:17,,INVALIDATED,no_eligible_playbook,2.292862192612155,13368966,ok,28.151252475971944,13822725,ok
ZECUSDT,1790455457.2766185,13824186,13644412,short,-22.050505855174542,172759,2.6043992042541504,NO_SUITABLE_SCENARIO,ZECUSDT:scenario:17,,INVALIDATED,no_eligible_playbook,-4.534828762310372,13952184,ok,-23.632206226127384,14337938,ok
ZECUSDT,1790455587.443549,14384045,14272416,long,10.256965658277384,178328,1.7428758144378662,NO_SUITABLE_SCENARIO,ZECUSDT:scenario:17,,INVALIDATED,no_eligible_playbook,-10.985311338526094,14501368,ok,-43.53138842217774,14972605,ok
ZECUSDT,1790455720.3045828,15015941,14913556,short,-12.13193156313297,184569,1.0599987506866455,NO_SUITABLE_SCENARIO,ZECUSDT:scenario:18,weak_level_rejection,PREPARED,trigger_not_met,4.794752622729881,15100422,ok,7.2240939515799685,15389076,ok
ZECUSDT,1790455868.8071225,15546353,15381791,long,10.8772502311405,190426,0.29512906074523926,NO_SUITABLE_SCENARIO,ZECUSDT:scenario:18,weak_level_rejection,PREPARED,trigger_not_met,16.425923558738287,15687609,ok,37.32583407899837,16056416,ok
ZECUSDT,1790455998.4323614,16091875,15980558,long,10.831095437879856,196685,1.3060104846954346,NO_SUITABLE_SCENARIO,ZECUSDT:scenario:18,,EXPIRED,no_eligible_playbook,7.764469279432085,16189437,ok,29.084938202461608,16484861,ok
ZECUSDT,1790456123.6258209,16505729,16403881,long,11.304063429764533,201367,1.7535147666931152,NO_SUITABLE_SCENARIO,ZECUSDT:scenario:18,,EXPIRED,no_eligible_playbook,1.427900839865437,16597447,ok,-14.716703458426128,16913169,ok
ZECUSDT,1790456243.7193573,16914236,16803434,short,-10.914779055045676,205896,2.737765073776245,NO_SUITABLE_SCENARIO,ZECUSDT:scenario:18,,EXPIRED,no_eligible_playbook,-39.32355855970293,17020471,ok,-56.28541661372832,17328643,ok
ZECUSDT,1790456374.5562253,17368072,17260006,long,11.440382020273532,211528,0.1547563076019287,OBSERVING,ZECUSDT:scenario:21,level_breakout,PREPARED,trigger_not_met,-11.263755342723059,17470470,ok,-17.740682984729304,17777994,ok
ZECUSDT,1790456531.3673222,17900315,17801670,short,-10.300255610637965,217875,1.9863028526306152,NO_SUITABLE_SCENARIO,ZECUSDT:scenario:21,level_breakout,PREPARED,trigger_not_met,1.716165354080923,18010151,ok,-6.515482177311682,18323747,ok
ZECUSDT,1790456651.5242379,18324592,18212492,long,11.962138881065343,222890,0.5791847705841064,NO_SUITABLE_SCENARIO,ZECUSDT:scenario:22,level_breakout,PREPARED,trigger_not_met,0.6953751232696703,18439840,ok,-2.3187599565088757,18746421,ok
ZECUSDT,1790456787.6809134,18797691,18700207,short,-11.493272962073142,228578,2.1692323684692383,NO_SUITABLE_SCENARIO,ZECUSDT:scenario:22,level_breakout,PREPARED,trigger_not_met,-14.47800165643498,18884106,ok,-32.179097306077594,19180185,ok
ZECUSDT,1790456907.8017812,19180769,19085826,long,12.55714605727487,233273,0.1715092658996582,OBSERVING,ZECUSDT:scenario:22,level_breakout,PREPARED,trigger_not_met,12.47833622183725,19283085,ok,37.75011816606222,19594333,ok
ZECUSDT,1790457027.860451,19595136,19490101,long,17.767127983070452,238222,1.7025887966156006,OBSERVING,ZECUSDT:scenario:24,weak_level_rejection,PREPARED,trigger_not_met,-8.789221902739675,19695236,ok,-15.004457391106785,19997480,ok
ZECUSDT,1790457158.3402586,20034451,19931138,long,11.198877595637313,243854,1.950530767440796,OBSERVING,ZECUSDT:scenario:24,weak_level_rejection,PREPARED,trigger_not_met,2.011022919377048,20145181,ok,2.011022919377048,20465377,ok
ZECUSDT,1790457280.6390207,20474288,20370329,long,10.561288477193287,249077,2.414191961288452,NO_SUITABLE_SCENARIO,ZECUSDT:scenario:24,,EXPIRED,insufficient_evidence,-3.0771163024367887,20570414,ok,12.873649836724343,20867060,ok
ZECUSDT,1790457407.8667393,20888277,20792150,long,10.854254962058274,254280,1.4810562133789062,OBSERVING,ZECUSDT:scenario:25,level_breakout,PREPARED,trigger_not_met,6.518005991551501,20986271,ok,97.86096591835047,21357309,ok
ZECUSDT,1790457528.6249087,21361479,21247577,short,-10.35463059700148,259422,1.2920012474060059,NO_SUITABLE_SCENARIO,ZECUSDT:scenario:28,weak_level_rejection,PREPARED,trigger_not_met,-7.882666203222755,21467909,ok,-6.532061348245577,21810142,ok
ZECUSDT,1790457680.0582044,21921952,21815659,long,11.849333552533814,265661,1.7647342681884766,OBSERVING,ZECUSDT:scenario:28,weak_level_rejection,PREPARED,trigger_not_met,-8.627975858520598,22022556,ok,131.0852511432481,22403155,ok
ZECUSDT,1790457800.2542667,22404227,22256220,long,75.90027530035127,270675,1.2456536293029785,NO_SUITABLE_SCENARIO,ZECUSDT:scenario:32,,INVALIDATED,insufficient_evidence,,22503872,stale_or_insufficient_depth,37.44913382164761,22956205,ok
ZECUSDT,1790457920.2730615,22957443,22802465,short,-29.93275007521334,276401,2.5602777004241943,NO_SUITABLE_SCENARIO,ZECUSDT:scenario:38,weak_level_rejection,PREPARED,trigger_not_met,-27.630520129726666,23088744,ok,-20.613767709525277,23476416,ok
ZECUSDT,1790458040.447223,23477420,23357766,short,-16.70569725024218,282259,2.024109363555908,NO_SUITABLE_SCENARIO,ZECUSDT:scenario:39,,INVALIDATED,no_eligible_playbook,-20.445542445797216,23613835,ok,-148.16933290332736,24052570,ok
ZECUSDT,1790458160.624841,24054114,23881348,long,121.61707008456757,288620,1.652618408203125,NO_SUITABLE_SCENARIO,ZECUSDT:scenario:41,,INVALIDATED,insufficient_evidence,-13.954952308438129,24204141,ok,-39.24976468965946,24664987,ok
ZECUSDT,1790458280.7344575,24665971,24510016,long,51.54280563462122,295332,0.7120485305786133,NO_SUITABLE_SCENARIO,ZECUSDT:scenario:41,,INVALIDATED,no_eligible_playbook,23.178174201934354,24817207,ok,-18.975396022917757,25196027,ok
ZECUSDT,1790458400.7761946,25197065,25050490,short,-46.93243709582906,301510,2.2337417602539062,NO_SUITABLE_SCENARIO,ZECUSDT:scenario:41,,INVALIDATED,no_eligible_playbook,0.8068017366169578,25322653,ok,-13.265798359862746,25769539,ok
ZECUSDT,1790458520.9281747,25770696,25589630,short,-21.272312642907075,308045,1.4685721397399902,NO_SUITABLE_SCENARIO,ZECUSDT:scenario:41,,INVALIDATED,no_eligible_playbook,-5.841297370212661,25900727,ok,-28.166495040919948,26271850,ok
ZECUSDT,1790458640.972501,26272732,26156652,short,-21.638340021639113,313813,0.08874702453613281,NO_SUITABLE_SCENARIO,ZECUSDT:scenario:41,,INVALIDATED,no_eligible_playbook,-9.31154631743425,26376132,ok,,26565679,stale_or_insufficient_depth
