scenario_id,symbol,side,ready_line,entry_quote_sequence,reference_entry,filled,risk_reasons,horizon_s,status,input_sequence,quote_age_s,exit_vwap,gross_bps
NEARUSDT:scenario:1,NEARUSDT,short,3796,284100,4.807,False,invalid stop or target distance,5,ok,299618,0.02137840003706515,4.809,-4.160599126272757
NEARUSDT:scenario:1,NEARUSDT,short,3796,284100,4.807,False,invalid stop or target distance,15,ok,324731,0.3895008999388665,4.809,-4.160599126272757
NEARUSDT:scenario:1,NEARUSDT,short,3796,284100,4.807,False,invalid stop or target distance,30,ok,366091,0.14945579995401204,4.808,-2.0802995631363785
NEARUSDT:scenario:1,NEARUSDT,short,3796,284100,4.807,False,invalid stop or target distance,60,ok,459889,0.18614869995508343,4.807,-0.0
NEARUSDT:scenario:1,NEARUSDT,short,3796,284100,4.807,False,invalid stop or target distance,120,ok,636471,0.010483199963346124,4.806,2.0802995631374888
ENAUSDT:scenario:2,ENAUSDT,short,12952,1013490,0.27207,False,economic_gate: winner_cost_share 1.397 > maximum 0.350 | economic_gate: winner_cost_share 1.394 > maximum 0.350 | economic_gate: winner_cost_share 1.393 > maximum 0.350 | economic_gate: winner_cost_share 1.461 > maximum 0.350 | economic_gate: winner_cost_share 1.428 > maximum 0.350 | economic_gate: winner_cost_share 1.403 > maximum 0.350 | economic_gate: winner_cost_share 1.217 > maximum 0.350 | economic_gate: winner_cost_share 3.150 > maximum 0.350 | economic_gate: winner_cost_share 2.439 > maximum 0.350 | economic_gate: winner_cost_share 2.264 > maximum 0.350,5,ok,1026280,0.347919600084424,0.27206,0.36755246811348563
ENAUSDT:scenario:2,ENAUSDT,short,12952,1013490,0.27207,False,economic_gate: winner_cost_share 1.397 > maximum 0.350 | economic_gate: winner_cost_share 1.394 > maximum 0.350 | economic_gate: winner_cost_share 1.393 > maximum 0.350 | economic_gate: winner_cost_share 1.461 > maximum 0.350 | economic_gate: winner_cost_share 1.428 > maximum 0.350 | economic_gate: winner_cost_share 1.403 > maximum 0.350 | economic_gate: winner_cost_share 1.217 > maximum 0.350 | economic_gate: winner_cost_share 3.150 > maximum 0.350 | economic_gate: winner_cost_share 2.439 > maximum 0.350 | economic_gate: winner_cost_share 2.264 > maximum 0.350,15,ok,1054580,0.08808030001819134,0.27226,-6.983496894181762
ENAUSDT:scenario:2,ENAUSDT,short,12952,1013490,0.27207,False,economic_gate: winner_cost_share 1.397 > maximum 0.350 | economic_gate: winner_cost_share 1.394 > maximum 0.350 | economic_gate: winner_cost_share 1.393 > maximum 0.350 | economic_gate: winner_cost_share 1.461 > maximum 0.350 | economic_gate: winner_cost_share 1.428 > maximum 0.350 | economic_gate: winner_cost_share 1.403 > maximum 0.350 | economic_gate: winner_cost_share 1.217 > maximum 0.350 | economic_gate: winner_cost_share 3.150 > maximum 0.350 | economic_gate: winner_cost_share 2.439 > maximum 0.350 | economic_gate: winner_cost_share 2.264 > maximum 0.350,30,ok,1101172,0.3277772000292316,0.27214,-2.5728672768043914
ENAUSDT:scenario:2,ENAUSDT,short,12952,1013490,0.27207,False,economic_gate: winner_cost_share 1.397 > maximum 0.350 | economic_gate: winner_cost_share 1.394 > maximum 0.350 | economic_gate: winner_cost_share 1.393 > maximum 0.350 | economic_gate: winner_cost_share 1.461 > maximum 0.350 | economic_gate: winner_cost_share 1.428 > maximum 0.350 | economic_gate: winner_cost_share 1.403 > maximum 0.350 | economic_gate: winner_cost_share 1.217 > maximum 0.350 | economic_gate: winner_cost_share 3.150 > maximum 0.350 | economic_gate: winner_cost_share 2.439 > maximum 0.350 | economic_gate: winner_cost_share 2.264 > maximum 0.350,60,ok,1189689,0.04782930004876107,0.27205,0.7351049362280815
ENAUSDT:scenario:2,ENAUSDT,short,12952,1013490,0.27207,False,economic_gate: winner_cost_share 1.397 > maximum 0.350 | economic_gate: winner_cost_share 1.394 > maximum 0.350 | economic_gate: winner_cost_share 1.393 > maximum 0.350 | economic_gate: winner_cost_share 1.461 > maximum 0.350 | economic_gate: winner_cost_share 1.428 > maximum 0.350 | economic_gate: winner_cost_share 1.403 > maximum 0.350 | economic_gate: winner_cost_share 1.217 > maximum 0.350 | economic_gate: winner_cost_share 3.150 > maximum 0.350 | economic_gate: winner_cost_share 2.439 > maximum 0.350 | economic_gate: winner_cost_share 2.264 > maximum 0.350,120,ok,1392854,0.06851980008650571,0.27195,4.4106296173762605
ENAUSDT:scenario:3,ENAUSDT,short,15760,1229544,0.272,False,economic_gate: winner_cost_share 1.651 > maximum 0.350 | economic_gate: winner_cost_share 1.445 > maximum 0.350 | invalid stop or target distance | economic_gate: winner_cost_share 2.439 > maximum 0.350 | economic_gate: winner_cost_share 2.506 > maximum 0.350 | economic_gate: winner_cost_share 2.405 > maximum 0.350 | economic_gate: winner_cost_share 2.480 > maximum 0.350 | economic_gate: winner_cost_share 2.511 > maximum 0.350 | economic_gate: winner_cost_share 3.045 > maximum 0.350 | economic_gate: winner_cost_share 2.889 > maximum 0.350,5,ok,1243423,0.1507283999817446,0.27209,-3.308823529410976
ENAUSDT:scenario:3,ENAUSDT,short,15760,1229544,0.272,False,economic_gate: winner_cost_share 1.651 > maximum 0.350 | economic_gate: winner_cost_share 1.445 > maximum 0.350 | invalid stop or target distance | economic_gate: winner_cost_share 2.439 > maximum 0.350 | economic_gate: winner_cost_share 2.506 > maximum 0.350 | economic_gate: winner_cost_share 2.405 > maximum 0.350 | economic_gate: winner_cost_share 2.480 > maximum 0.350 | economic_gate: winner_cost_share 2.511 > maximum 0.350 | economic_gate: winner_cost_share 3.045 > maximum 0.350 | economic_gate: winner_cost_share 2.889 > maximum 0.350,15,ok,1273576,0.22247599996626377,0.27205,-1.8382352941181956
ENAUSDT:scenario:3,ENAUSDT,short,15760,1229544,0.272,False,economic_gate: winner_cost_share 1.651 > maximum 0.350 | economic_gate: winner_cost_share 1.445 > maximum 0.350 | invalid stop or target distance | economic_gate: winner_cost_share 2.439 > maximum 0.350 | economic_gate: winner_cost_share 2.506 > maximum 0.350 | economic_gate: winner_cost_share 2.405 > maximum 0.350 | economic_gate: winner_cost_share 2.480 > maximum 0.350 | economic_gate: winner_cost_share 2.511 > maximum 0.350 | economic_gate: winner_cost_share 3.045 > maximum 0.350 | economic_gate: winner_cost_share 2.889 > maximum 0.350,30,ok,1327271,0.027878300053998828,0.27205,-1.8382352941181956
ENAUSDT:scenario:3,ENAUSDT,short,15760,1229544,0.272,False,economic_gate: winner_cost_share 1.651 > maximum 0.350 | economic_gate: winner_cost_share 1.445 > maximum 0.350 | invalid stop or target distance | economic_gate: winner_cost_share 2.439 > maximum 0.350 | economic_gate: winner_cost_share 2.506 > maximum 0.350 | economic_gate: winner_cost_share 2.405 > maximum 0.350 | economic_gate: winner_cost_share 2.480 > maximum 0.350 | economic_gate: winner_cost_share 2.511 > maximum 0.350 | economic_gate: winner_cost_share 3.045 > maximum 0.350 | economic_gate: winner_cost_share 2.889 > maximum 0.350,60,ok,1432128,0.28816250001545995,0.2722,-7.352941176470562
ENAUSDT:scenario:3,ENAUSDT,short,15760,1229544,0.272,False,economic_gate: winner_cost_share 1.651 > maximum 0.350 | economic_gate: winner_cost_share 1.445 > maximum 0.350 | invalid stop or target distance | economic_gate: winner_cost_share 2.439 > maximum 0.350 | economic_gate: winner_cost_share 2.506 > maximum 0.350 | economic_gate: winner_cost_share 2.405 > maximum 0.350 | economic_gate: winner_cost_share 2.480 > maximum 0.350 | economic_gate: winner_cost_share 2.511 > maximum 0.350 | economic_gate: winner_cost_share 3.045 > maximum 0.350 | economic_gate: winner_cost_share 2.889 > maximum 0.350,120,ok,1609302,0.18798960000276566,0.27226,-9.558823529411953
NEARUSDT:scenario:5,NEARUSDT,long,33494,2564282,4.835,False,invalid stop or target distance,5,ok,2579757,0.18066829990129918,4.83,-10.341261633919352
NEARUSDT:scenario:5,NEARUSDT,long,33494,2564282,4.835,False,invalid stop or target distance,15,ok,2608828,0.05021029990166426,4.83,-10.341261633919352
NEARUSDT:scenario:5,NEARUSDT,long,33494,2564282,4.835,False,invalid stop or target distance,30,ok,2647858,0.30992519995197654,4.829,-12.409513960703888
NEARUSDT:scenario:5,NEARUSDT,long,33494,2564282,4.835,False,invalid stop or target distance,60,ok,2735541,0.10610119998455048,4.829,-12.409513960703888
NEARUSDT:scenario:5,NEARUSDT,long,33494,2564282,4.835,False,invalid stop or target distance,120,ok,2903735,0.24967449996620417,4.833,-4.136504653566853
ZECUSDT:scenario:5,ZECUSDT,long,61175,4570783,1570.0,False,invalid stop or target distance,5,ok,4584819,0.22802640008740127,1570.39,2.4840764331224285
ZECUSDT:scenario:5,ZECUSDT,long,61175,4570783,1570.0,False,invalid stop or target distance,15,ok,4609353,0.061946900095790625,1570.59,3.7579617834393453
ZECUSDT:scenario:5,ZECUSDT,long,61175,4570783,1570.0,False,invalid stop or target distance,30,ok,4643175,0.30764140002429485,1569.6,-2.547770700637164
ZECUSDT:scenario:5,ZECUSDT,long,61175,4570783,1570.0,False,invalid stop or target distance,60,ok,4713729,0.3283976000966504,1568.91,-6.942675159234968
ZECUSDT:scenario:5,ZECUSDT,long,61175,4570783,1570.0,False,invalid stop or target distance,120,ok,4874959,0.10831230005715042,1569.6,-2.547770700637164
NEARUSDT:scenario:9,NEARUSDT,long,70510,5279866,4.844,False,invalid stop or target distance,5,ok,5292559,0.19150299998000264,4.842,-4.128819157722674
NEARUSDT:scenario:9,NEARUSDT,long,70510,5279866,4.844,False,invalid stop or target distance,15,ok,5324140,0.02892509999219328,4.841,-6.193228736581791
NEARUSDT:scenario:9,NEARUSDT,long,70510,5279866,4.844,False,invalid stop or target distance,30,ok,5373863,0.16591360000893474,4.839,-10.322047894302244
NEARUSDT:scenario:9,NEARUSDT,long,70510,5279866,4.844,False,invalid stop or target distance,60,ok,5460711,0.1722719999961555,4.839,-10.322047894302244
NEARUSDT:scenario:9,NEARUSDT,long,70510,5279866,4.844,False,invalid stop or target distance,120,ok,5644168,0.15231390006374568,4.841,-6.193228736581791
ENAUSDT:scenario:7,ENAUSDT,long,83902,6384367,0.271,False,economic_gate: winner_cost_share 2.806 > maximum 0.350 | economic_gate: winner_cost_share 1.685 > maximum 0.350 | economic_gate: winner_cost_share 1.440 > maximum 0.350 | economic_gate: winner_cost_share 2.495 > maximum 0.350 | economic_gate: winner_cost_share 3.138 > maximum 0.350 | economic_gate: winner_cost_share 3.084 > maximum 0.350 | economic_gate: winner_cost_share 3.079 > maximum 0.350 | economic_gate: winner_cost_share 3.077 > maximum 0.350 | economic_gate: winner_cost_share 3.068 > maximum 0.350 | economic_gate: winner_cost_share 3.070 > maximum 0.350 | economic_gate: winner_cost_share 3.067 > maximum 0.350 | economic_gate: winner_cost_share 1.772 > maximum 0.350 | economic_gate: winner_cost_share 1.753 > maximum 0.350,5,ok,6399266,0.20386419992428273,0.27104,1.4760147601466933
ENAUSDT:scenario:7,ENAUSDT,long,83902,6384367,0.271,False,economic_gate: winner_cost_share 2.806 > maximum 0.350 | economic_gate: winner_cost_share 1.685 > maximum 0.350 | economic_gate: winner_cost_share 1.440 > maximum 0.350 | economic_gate: winner_cost_share 2.495 > maximum 0.350 | economic_gate: winner_cost_share 3.138 > maximum 0.350 | economic_gate: winner_cost_share 3.084 > maximum 0.350 | economic_gate: winner_cost_share 3.079 > maximum 0.350 | economic_gate: winner_cost_share 3.077 > maximum 0.350 | economic_gate: winner_cost_share 3.068 > maximum 0.350 | economic_gate: winner_cost_share 3.070 > maximum 0.350 | economic_gate: winner_cost_share 3.067 > maximum 0.350 | economic_gate: winner_cost_share 1.772 > maximum 0.350 | economic_gate: winner_cost_share 1.753 > maximum 0.350,15,ok,6431750,0.1127254000166431,0.27103,1.1070110701094649
ENAUSDT:scenario:7,ENAUSDT,long,83902,6384367,0.271,False,economic_gate: winner_cost_share 2.806 > maximum 0.350 | economic_gate: winner_cost_share 1.685 > maximum 0.350 | economic_gate: winner_cost_share 1.440 > maximum 0.350 | economic_gate: winner_cost_share 2.495 > maximum 0.350 | economic_gate: winner_cost_share 3.138 > maximum 0.350 | economic_gate: winner_cost_share 3.084 > maximum 0.350 | economic_gate: winner_cost_share 3.079 > maximum 0.350 | economic_gate: winner_cost_share 3.077 > maximum 0.350 | economic_gate: winner_cost_share 3.068 > maximum 0.350 | economic_gate: winner_cost_share 3.070 > maximum 0.350 | economic_gate: winner_cost_share 3.067 > maximum 0.350 | economic_gate: winner_cost_share 1.772 > maximum 0.350 | economic_gate: winner_cost_share 1.753 > maximum 0.350,30,ok,6489119,0.07479629991576076,0.27072,-10.332103321033514
ENAUSDT:scenario:7,ENAUSDT,long,83902,6384367,0.271,False,economic_gate: winner_cost_share 2.806 > maximum 0.350 | economic_gate: winner_cost_share 1.685 > maximum 0.350 | economic_gate: winner_cost_share 1.440 > maximum 0.350 | economic_gate: winner_cost_share 2.495 > maximum 0.350 | economic_gate: winner_cost_share 3.138 > maximum 0.350 | economic_gate: winner_cost_share 3.084 > maximum 0.350 | economic_gate: winner_cost_share 3.079 > maximum 0.350 | economic_gate: winner_cost_share 3.077 > maximum 0.350 | economic_gate: winner_cost_share 3.068 > maximum 0.350 | economic_gate: winner_cost_share 3.070 > maximum 0.350 | economic_gate: winner_cost_share 3.067 > maximum 0.350 | economic_gate: winner_cost_share 1.772 > maximum 0.350 | economic_gate: winner_cost_share 1.753 > maximum 0.350,60,ok,6648806,0.16207859991118312,0.27093,-2.5830258302583786
ENAUSDT:scenario:7,ENAUSDT,long,83902,6384367,0.271,False,economic_gate: winner_cost_share 2.806 > maximum 0.350 | economic_gate: winner_cost_share 1.685 > maximum 0.350 | economic_gate: winner_cost_share 1.440 > maximum 0.350 | economic_gate: winner_cost_share 2.495 > maximum 0.350 | economic_gate: winner_cost_share 3.138 > maximum 0.350 | economic_gate: winner_cost_share 3.084 > maximum 0.350 | economic_gate: winner_cost_share 3.079 > maximum 0.350 | economic_gate: winner_cost_share 3.077 > maximum 0.350 | economic_gate: winner_cost_share 3.068 > maximum 0.350 | economic_gate: winner_cost_share 3.070 > maximum 0.350 | economic_gate: winner_cost_share 3.067 > maximum 0.350 | economic_gate: winner_cost_share 1.772 > maximum 0.350 | economic_gate: winner_cost_share 1.753 > maximum 0.350,120,ok,6866326,0.19614439993165433,0.27121,7.749077490775136
XRPUSDT:scenario:7,XRPUSDT,short,87760,6730373,1.5162,False,economic_safety: impulse first take cannot cover planned costs/profit floor,5,ok,6749251,0.16962619998957962,1.5166,-2.63817438332703
XRPUSDT:scenario:7,XRPUSDT,short,87760,6730373,1.5162,False,economic_safety: impulse first take cannot cover planned costs/profit floor,15,ok,6783636,0.20508789992891252,1.5168,-3.9572615749894346
XRPUSDT:scenario:7,XRPUSDT,short,87760,6730373,1.5162,False,economic_safety: impulse first take cannot cover planned costs/profit floor,30,ok,6834149,0.1738061000360176,1.5166,-2.63817438332703
XRPUSDT:scenario:7,XRPUSDT,short,87760,6730373,1.5162,False,economic_safety: impulse first take cannot cover planned costs/profit floor,60,ok,6954012,0.21354499994777143,1.5188,-17.148133491622364
XRPUSDT:scenario:7,XRPUSDT,short,87760,6730373,1.5162,False,economic_safety: impulse first take cannot cover planned costs/profit floor,120,ok,7131976,0.06387299997732043,1.5187,-16.48858989579116
ZECUSDT:scenario:14,ZECUSDT,long,124172,9504797,1576.37,True,,5,ok,9526516,0.023261600057594478,1576.7950999999996,2.6967019164270134
ZECUSDT:scenario:14,ZECUSDT,long,124172,9504797,1576.37,True,,15,ok,9568792,0.008918500039726496,1576.61,1.5224852033468572
ZECUSDT:scenario:14,ZECUSDT,long,124172,9504797,1576.37,True,,30,ok,9621975,0.1300845000660047,1577.8558,9.42545214638768
ZECUSDT:scenario:14,ZECUSDT,long,124172,9504797,1576.37,True,,60,ok,9714184,0.10813589999452233,1578.83,15.605473334305842
ZECUSDT:scenario:14,ZECUSDT,long,124172,9504797,1576.37,True,,120,ok,9896621,0.010065200040116906,1578.1047999999998,11.005030544859462
SOLUSDT:scenario:14,SOLUSDT,long,130299,9962612,121.28,False,invalid stop or target distance,5,ok,9980875,0.15862410003319383,121.28,0.0
SOLUSDT:scenario:14,SOLUSDT,long,130299,9962612,121.28,False,invalid stop or target distance,15,ok,10012886,0.13812200003303587,121.28,0.0
SOLUSDT:scenario:14,SOLUSDT,long,130299,9962612,121.28,False,invalid stop or target distance,30,ok,10065926,0.002304399968124926,121.36,6.596306068602509
SOLUSDT:scenario:14,SOLUSDT,long,130299,9962612,121.28,False,invalid stop or target distance,60,ok,10185144,0.21405950002372265,121.35,5.77176781002553
SOLUSDT:scenario:14,SOLUSDT,long,130299,9962612,121.28,False,invalid stop or target distance,120,ok,10376942,0.2187695000320673,121.36,6.596306068602509
ENAUSDT:scenario:15,ENAUSDT,short,158280,12176236,0.2685,False,economic_gate: winner_cost_share 0.395 > maximum 0.350 | economic_safety: absolute_net_reward_risk: net reward/risk 0.3886 < hard minimum 1.0000 | economic_safety: absolute_net_reward_risk: net reward/risk 0.4232 < hard minimum 1.0000 | economic_safety: absolute_net_reward_risk: net reward/risk 0.4599 < hard minimum 1.0000 | economic_safety: absolute_net_reward_risk: net reward/risk 0.4877 < hard minimum 1.0000 | economic_safety: absolute_net_reward_risk: net reward/risk 0.4831 < hard minimum 1.0000 | economic_safety: absolute_net_reward_risk: net reward/risk 0.4804 < hard minimum 1.0000 | economic_safety: absolute_net_reward_risk: net reward/risk 0.4810 < hard minimum 1.0000 | economic_safety: absolute_net_reward_risk: net reward/risk 0.4799 < hard minimum 1.0000 | economic_safety: absolute_net_reward_risk: net reward/risk 0.4798 < hard minimum 1.0000 | economic_safety: absolute_net_reward_risk: net reward/risk 0.4814 < hard minimum 1.0000,5,ok,12214102,0.011988400015980005,0.26856,-2.2346368715076004
ENAUSDT:scenario:15,ENAUSDT,short,158280,12176236,0.2685,False,economic_gate: winner_cost_share 0.395 > maximum 0.350 | economic_safety: absolute_net_reward_risk: net reward/risk 0.3886 < hard minimum 1.0000 | economic_safety: absolute_net_reward_risk: net reward/risk 0.4232 < hard minimum 1.0000 | economic_safety: absolute_net_reward_risk: net reward/risk 0.4599 < hard minimum 1.0000 | economic_safety: absolute_net_reward_risk: net reward/risk 0.4877 < hard minimum 1.0000 | economic_safety: absolute_net_reward_risk: net reward/risk 0.4831 < hard minimum 1.0000 | economic_safety: absolute_net_reward_risk: net reward/risk 0.4804 < hard minimum 1.0000 | economic_safety: absolute_net_reward_risk: net reward/risk 0.4810 < hard minimum 1.0000 | economic_safety: absolute_net_reward_risk: net reward/risk 0.4799 < hard minimum 1.0000 | economic_safety: absolute_net_reward_risk: net reward/risk 0.4798 < hard minimum 1.0000 | economic_safety: absolute_net_reward_risk: net reward/risk 0.4814 < hard minimum 1.0000,15,ok,12284014,0.0003925999626517296,0.26809,15.270018621974524
ENAUSDT:scenario:15,ENAUSDT,short,158280,12176236,0.2685,False,economic_gate: winner_cost_share 0.395 > maximum 0.350 | economic_safety: absolute_net_reward_risk: net reward/risk 0.3886 < hard minimum 1.0000 | economic_safety: absolute_net_reward_risk: net reward/risk 0.4232 < hard minimum 1.0000 | economic_safety: absolute_net_reward_risk: net reward/risk 0.4599 < hard minimum 1.0000 | economic_safety: absolute_net_reward_risk: net reward/risk 0.4877 < hard minimum 1.0000 | economic_safety: absolute_net_reward_risk: net reward/risk 0.4831 < hard minimum 1.0000 | economic_safety: absolute_net_reward_risk: net reward/risk 0.4804 < hard minimum 1.0000 | economic_safety: absolute_net_reward_risk: net reward/risk 0.4810 < hard minimum 1.0000 | economic_safety: absolute_net_reward_risk: net reward/risk 0.4799 < hard minimum 1.0000 | economic_safety: absolute_net_reward_risk: net reward/risk 0.4798 < hard minimum 1.0000 | economic_safety: absolute_net_reward_risk: net reward/risk 0.4814 < hard minimum 1.0000,30,ok,12401476,0.10209079994820058,0.26775,27.932960893856105
ENAUSDT:scenario:15,ENAUSDT,short,158280,12176236,0.2685,False,economic_gate: winner_cost_share 0.395 > maximum 0.350 | economic_safety: absolute_net_reward_risk: net reward/risk 0.3886 < hard minimum 1.0000 | economic_safety: absolute_net_reward_risk: net reward/risk 0.4232 < hard minimum 1.0000 | economic_safety: absolute_net_reward_risk: net reward/risk 0.4599 < hard minimum 1.0000 | economic_safety: absolute_net_reward_risk: net reward/risk 0.4877 < hard minimum 1.0000 | economic_safety: absolute_net_reward_risk: net reward/risk 0.4831 < hard minimum 1.0000 | economic_safety: absolute_net_reward_risk: net reward/risk 0.4804 < hard minimum 1.0000 | economic_safety: absolute_net_reward_risk: net reward/risk 0.4810 < hard minimum 1.0000 | economic_safety: absolute_net_reward_risk: net reward/risk 0.4799 < hard minimum 1.0000 | economic_safety: absolute_net_reward_risk: net reward/risk 0.4798 < hard minimum 1.0000 | economic_safety: absolute_net_reward_risk: net reward/risk 0.4814 < hard minimum 1.0000,60,ok,12616316,0.024998700013384223,0.26756,35.00931098696425
ENAUSDT:scenario:15,ENAUSDT,short,158280,12176236,0.2685,False,economic_gate: winner_cost_share 0.395 > maximum 0.350 | economic_safety: absolute_net_reward_risk: net reward/risk 0.3886 < hard minimum 1.0000 | economic_safety: absolute_net_reward_risk: net reward/risk 0.4232 < hard minimum 1.0000 | economic_safety: absolute_net_reward_risk: net reward/risk 0.4599 < hard minimum 1.0000 | economic_safety: absolute_net_reward_risk: net reward/risk 0.4877 < hard minimum 1.0000 | economic_safety: absolute_net_reward_risk: net reward/risk 0.4831 < hard minimum 1.0000 | economic_safety: absolute_net_reward_risk: net reward/risk 0.4804 < hard minimum 1.0000 | economic_safety: absolute_net_reward_risk: net reward/risk 0.4810 < hard minimum 1.0000 | economic_safety: absolute_net_reward_risk: net reward/risk 0.4799 < hard minimum 1.0000 | economic_safety: absolute_net_reward_risk: net reward/risk 0.4798 < hard minimum 1.0000 | economic_safety: absolute_net_reward_risk: net reward/risk 0.4814 < hard minimum 1.0000,120,ok,13011391,0.04252589994575828,0.26726,46.18249534450669
ENAUSDT:scenario:16,ENAUSDT,short,158870,12238379,0.26816,False,economic_gate: winner_cost_share 0.518 > maximum 0.350 | economic_safety: impulse first take cannot cover planned costs/profit floor | economic_gate: winner_cost_share 0.606 > maximum 0.350 | economic_gate: winner_cost_share 0.599 > maximum 0.350,5,ok,12284014,0.018064599949866533,0.26809,2.6103818615752505
ENAUSDT:scenario:16,ENAUSDT,short,158870,12238379,0.26816,False,economic_gate: winner_cost_share 0.518 > maximum 0.350 | economic_safety: impulse first take cannot cover planned costs/profit floor | economic_gate: winner_cost_share 0.606 > maximum 0.350 | economic_gate: winner_cost_share 0.599 > maximum 0.350,15,ok,12350841,0.24790570000186563,0.26755,22.74761336515496
ENAUSDT:scenario:16,ENAUSDT,short,158870,12238379,0.26816,False,economic_gate: winner_cost_share 0.518 > maximum 0.350 | economic_safety: impulse first take cannot cover planned costs/profit floor | economic_gate: winner_cost_share 0.606 > maximum 0.350 | economic_gate: winner_cost_share 0.599 > maximum 0.350,30,ok,12465055,0.08751119999215007,0.26794,8.204057279236343
ENAUSDT:scenario:16,ENAUSDT,short,158870,12238379,0.26816,False,economic_gate: winner_cost_share 0.518 > maximum 0.350 | economic_safety: impulse first take cannot cover planned costs/profit floor | economic_gate: winner_cost_share 0.606 > maximum 0.350 | economic_gate: winner_cost_share 0.599 > maximum 0.350,60,ok,12688109,0.02415589999873191,0.26701,42.884844868734675
ENAUSDT:scenario:16,ENAUSDT,short,158870,12238379,0.26816,False,economic_gate: winner_cost_share 0.518 > maximum 0.350 | economic_safety: impulse first take cannot cover planned costs/profit floor | economic_gate: winner_cost_share 0.606 > maximum 0.350 | economic_gate: winner_cost_share 0.599 > maximum 0.350,120,ok,13062352,0.2942278999835253,0.26743,27.22255369928428
ETHUSDT:scenario:7,ETHUSDT,long,160105,12395626,2674.11,False,,5,ok,12426059,0.12125160009600222,2674.81,2.6176933633981214
ETHUSDT:scenario:7,ETHUSDT,long,160105,12395626,2674.11,False,,15,ok,12489104,0.19608680007513613,2673.52,-2.206341549151336
ETHUSDT:scenario:7,ETHUSDT,long,160105,12395626,2674.11,False,,30,ok,12613496,0.15709740004967898,2674.06,-0.18697809738621451
ETHUSDT:scenario:7,ETHUSDT,long,160105,12395626,2674.11,False,,60,ok,12804661,0.20329440000932664,2670.24,-14.472104737652813
ETHUSDT:scenario:7,ETHUSDT,long,160105,12395626,2674.11,False,,120,ok,13156410,0.2063073000172153,2671.27,-10.620355931506564
XRPUSDT:scenario:10,XRPUSDT,long,160149,12402383,1.5137,False,economic_gate: winner_cost_share 0.528 > maximum 0.350 | economic_gate: winner_cost_share 0.530 > maximum 0.350 | economic_gate: winner_cost_share 0.548 > maximum 0.350 | economic_gate: winner_cost_share 0.521 > maximum 0.350 | economic_gate: winner_cost_share 0.543 > maximum 0.350 | economic_gate: winner_cost_share 0.544 > maximum 0.350 | economic_gate: winner_cost_share 0.538 > maximum 0.350 | economic_gate: winner_cost_share 0.513 > maximum 0.350,5,ok,12429605,0.04452080000191927,1.5132,-3.3031644315251185
XRPUSDT:scenario:10,XRPUSDT,long,160149,12402383,1.5137,False,economic_gate: winner_cost_share 0.528 > maximum 0.350 | economic_gate: winner_cost_share 0.530 > maximum 0.350 | economic_gate: winner_cost_share 0.548 > maximum 0.350 | economic_gate: winner_cost_share 0.521 > maximum 0.350 | economic_gate: winner_cost_share 0.543 > maximum 0.350 | economic_gate: winner_cost_share 0.544 > maximum 0.350 | economic_gate: winner_cost_share 0.538 > maximum 0.350 | economic_gate: winner_cost_share 0.513 > maximum 0.350,15,ok,12492982,0.13913549995049834,1.5111,-17.176455043931284
XRPUSDT:scenario:10,XRPUSDT,long,160149,12402383,1.5137,False,economic_gate: winner_cost_share 0.528 > maximum 0.350 | economic_gate: winner_cost_share 0.530 > maximum 0.350 | economic_gate: winner_cost_share 0.548 > maximum 0.350 | economic_gate: winner_cost_share 0.521 > maximum 0.350 | economic_gate: winner_cost_share 0.543 > maximum 0.350 | economic_gate: winner_cost_share 0.544 > maximum 0.350 | economic_gate: winner_cost_share 0.538 > maximum 0.350 | economic_gate: winner_cost_share 0.513 > maximum 0.350,30,ok,12617199,0.034692400018684566,1.5124,-8.588227521966196
XRPUSDT:scenario:10,XRPUSDT,long,160149,12402383,1.5137,False,economic_gate: winner_cost_share 0.528 > maximum 0.350 | economic_gate: winner_cost_share 0.530 > maximum 0.350 | economic_gate: winner_cost_share 0.548 > maximum 0.350 | economic_gate: winner_cost_share 0.521 > maximum 0.350 | economic_gate: winner_cost_share 0.543 > maximum 0.350 | economic_gate: winner_cost_share 0.544 > maximum 0.350 | economic_gate: winner_cost_share 0.538 > maximum 0.350 | economic_gate: winner_cost_share 0.513 > maximum 0.350,60,ok,12810340,0.1417358999606222,1.5101,-23.782783906983738
XRPUSDT:scenario:10,XRPUSDT,long,160149,12402383,1.5137,False,economic_gate: winner_cost_share 0.528 > maximum 0.350 | economic_gate: winner_cost_share 0.530 > maximum 0.350 | economic_gate: winner_cost_share 0.548 > maximum 0.350 | economic_gate: winner_cost_share 0.521 > maximum 0.350 | economic_gate: winner_cost_share 0.543 > maximum 0.350 | economic_gate: winner_cost_share 0.544 > maximum 0.350 | economic_gate: winner_cost_share 0.538 > maximum 0.350 | economic_gate: winner_cost_share 0.513 > maximum 0.350,120,ok,13159752,0.1281580999493599,1.5106,-20.47961947545862
ENAUSDT:scenario:17,ENAUSDT,long,160359,12419929,0.26793,True,,5,ok,12455096,0.19326259999070317,0.26797,1.4929272571184704
ENAUSDT:scenario:17,ENAUSDT,long,160359,12419929,0.26793,True,,15,ok,12530098,0.11818260001018643,0.26743,-18.661590713991984
ENAUSDT:scenario:17,ENAUSDT,long,160359,12419929,0.26793,True,,30,ok,12650761,0.032356000039726496,0.26696,-36.20348598514678
ENAUSDT:scenario:17,ENAUSDT,long,160359,12419929,0.26793,True,,60,ok,12832395,0.26188160001765937,0.267,-34.71055872802498
ENAUSDT:scenario:17,ENAUSDT,long,160359,12419929,0.26793,True,,120,ok,13174574,0.02673549996688962,0.26716,-28.738849699547764
XRPUSDT:scenario:11,XRPUSDT,short,161343,12535553,1.51,False,,5,ok,12580196,0.20081990002654493,1.5106,-3.973509933774544
XRPUSDT:scenario:11,XRPUSDT,short,161343,12535553,1.51,False,,15,ok,12656886,0.22344570001587272,1.5123,-15.231788079470565
XRPUSDT:scenario:11,XRPUSDT,short,161343,12535553,1.51,False,,30,ok,12741382,0.09847770002670586,1.5097,1.986754966887272
XRPUSDT:scenario:11,XRPUSDT,short,161343,12535553,1.51,False,,60,ok,12959461,0.19724060001317412,1.511,-6.622516556291647
XRPUSDT:scenario:11,XRPUSDT,short,161343,12535553,1.51,False,,120,ok,13232173,0.07553540007211268,1.5097,1.986754966887272
ETHUSDT:scenario:9,ETHUSDT,long,161706,12589998,2673.6,False,,5,ok,12632871,0.1416722999420017,2674.06,1.7205266307596112
ETHUSDT:scenario:9,ETHUSDT,long,161706,12589998,2673.6,False,,15,ok,12696282,0.12559179996605963,2672.34,-4.712746858167582
ETHUSDT:scenario:9,ETHUSDT,long,161706,12589998,2673.6,False,,30,ok,12789118,0.09162510000169277,2669.73,-14.474865350089239
ETHUSDT:scenario:9,ETHUSDT,long,161706,12589998,2673.6,False,,60,ok,12994552,0.22234199999365956,2670.66,-10.99640933572732
ETHUSDT:scenario:9,ETHUSDT,long,161706,12589998,2673.6,False,,120,ok,13268390,0.14960849995259196,2669.46,-15.484739676839832
XRPUSDT:scenario:13,XRPUSDT,long,161912,12610920,1.512,True,economic_safety: absolute_net_reward_risk: net reward/risk 0.9175 < hard minimum 1.0000,5,ok,12653060,0.16396260005421937,1.5118,-1.322751322750948
XRPUSDT:scenario:13,XRPUSDT,long,161912,12610920,1.512,True,economic_safety: absolute_net_reward_risk: net reward/risk 0.9175 < hard minimum 1.0000,15,ok,12713761,0.14463180000893772,1.5099,-13.88888888888884
XRPUSDT:scenario:13,XRPUSDT,long,161912,12610920,1.512,True,economic_safety: absolute_net_reward_risk: net reward/risk 0.9175 < hard minimum 1.0000,30,ok,12802205,0.24253769998904318,1.5092,-18.518518518517713
XRPUSDT:scenario:13,XRPUSDT,long,161912,12610920,1.512,True,economic_safety: absolute_net_reward_risk: net reward/risk 0.9175 < hard minimum 1.0000,60,ok,13007330,0.260236700065434,1.5111,-5.952380952379821
XRPUSDT:scenario:13,XRPUSDT,long,161912,12610920,1.512,True,economic_safety: absolute_net_reward_risk: net reward/risk 0.9175 < hard minimum 1.0000,120,ok,13291964,0.101160200079903,1.5072,-31.746031746031633
ETHUSDT:scenario:17,ETHUSDT,long,164498,12960458,2669.57,True,,5,ok,12988810,0.18618850002530962,2670.37,2.996737302261021
ETHUSDT:scenario:17,ETHUSDT,long,164498,12960458,2669.57,True,,15,ok,13037952,0.18751489999704063,2670.44,3.25895181620961
ETHUSDT:scenario:17,ETHUSDT,long,164498,12960458,2669.57,True,,30,ok,13113292,0.1666570999659598,2671.48,7.154710309149603
ETHUSDT:scenario:17,ETHUSDT,long,164498,12960458,2669.57,True,,60,ok,13233521,0.006220899987965822,2671.27,6.368066767306058
ETHUSDT:scenario:17,ETHUSDT,long,164498,12960458,2669.57,True,,120,ok,13562351,0.17607859999407083,2670.3,2.734522788314653
XRPUSDT:scenario:17,XRPUSDT,long,168761,13405207,1.5071,False,economic_gate: winner_cost_share 0.970 > maximum 0.350 | economic_gate: winner_cost_share 0.935 > maximum 0.350,5,ok,13431714,0.09320380003191531,1.507,-0.6635259770437774
XRPUSDT:scenario:17,XRPUSDT,long,168761,13405207,1.5071,False,economic_gate: winner_cost_share 0.970 > maximum 0.350 | economic_gate: winner_cost_share 0.935 > maximum 0.350,15,ok,13484090,0.03989720006939024,1.5062,-5.971733793378453
XRPUSDT:scenario:17,XRPUSDT,long,168761,13405207,1.5071,False,economic_gate: winner_cost_share 0.970 > maximum 0.350 | economic_gate: winner_cost_share 0.935 > maximum 0.350,30,ok,13552007,0.13034260005224496,1.508,5.971733793377343
XRPUSDT:scenario:17,XRPUSDT,long,168761,13405207,1.5071,False,economic_gate: winner_cost_share 0.970 > maximum 0.350 | economic_gate: winner_cost_share 0.935 > maximum 0.350,60,ok,13713820,0.19391350005753338,1.5063,-5.308207816336896
XRPUSDT:scenario:17,XRPUSDT,long,168761,13405207,1.5071,False,economic_gate: winner_cost_share 0.970 > maximum 0.350 | economic_gate: winner_cost_share 0.935 > maximum 0.350,120,ok,13982448,0.21409510006196797,1.5083,7.962311724503124
NEARUSDT:scenario:19,NEARUSDT,short,171624,13681336,4.737,False,,5,ok,13719445,0.08539640007074922,4.743,-12.66624445851905
NEARUSDT:scenario:19,NEARUSDT,short,171624,13681336,4.737,False,,15,ok,13768927,0.06534400000236928,4.755,-37.9987333755527
NEARUSDT:scenario:19,NEARUSDT,short,171624,13681336,4.737,False,,30,ok,13841842,0.06461330002639443,4.748,-23.221448173949
NEARUSDT:scenario:19,NEARUSDT,short,171624,13681336,4.737,False,,60,ok,13967801,0.025837099994532764,4.761,-50.664977834071756
NEARUSDT:scenario:19,NEARUSDT,short,171624,13681336,4.737,False,,120,ok,14244788,0.24621880007907748,4.773,-75.99746675110764
ENAUSDT:scenario:21,ENAUSDT,long,217618,17870489,0.26848,False,invalid stop or target distance | setup expired: entry drift 8.6 bps > 8.0 bps | setup expired: entry drift 9.0 bps > 8.0 bps | setup expired: entry drift 10.1 bps > 8.0 bps | setup expired: entry drift 12.0 bps > 8.0 bps | setup expired: entry drift 13.1 bps > 8.0 bps,5,ok,17890914,0.2227823999710381,0.26869,7.821811680570612
ENAUSDT:scenario:21,ENAUSDT,long,217618,17870489,0.26848,False,invalid stop or target distance | setup expired: entry drift 8.6 bps > 8.0 bps | setup expired: entry drift 9.0 bps > 8.0 bps | setup expired: entry drift 10.1 bps > 8.0 bps | setup expired: entry drift 12.0 bps > 8.0 bps | setup expired: entry drift 13.1 bps > 8.0 bps,15,ok,17926802,0.19981559994630516,0.26894,17.133492252683347
ENAUSDT:scenario:21,ENAUSDT,long,217618,17870489,0.26848,False,invalid stop or target distance | setup expired: entry drift 8.6 bps > 8.0 bps | setup expired: entry drift 9.0 bps > 8.0 bps | setup expired: entry drift 10.1 bps > 8.0 bps | setup expired: entry drift 12.0 bps > 8.0 bps | setup expired: entry drift 13.1 bps > 8.0 bps,30,ok,17981387,0.7000999000156298,0.26939,33.89451728248005
ENAUSDT:scenario:21,ENAUSDT,long,217618,17870489,0.26848,False,invalid stop or target distance | setup expired: entry drift 8.6 bps > 8.0 bps | setup expired: entry drift 9.0 bps > 8.0 bps | setup expired: entry drift 10.1 bps > 8.0 bps | setup expired: entry drift 12.0 bps > 8.0 bps | setup expired: entry drift 13.1 bps > 8.0 bps,60,ok,18089869,0.006845099967904389,0.26881,12.291418355183659
ENAUSDT:scenario:21,ENAUSDT,long,217618,17870489,0.26848,False,invalid stop or target distance | setup expired: entry drift 8.6 bps > 8.0 bps | setup expired: entry drift 9.0 bps > 8.0 bps | setup expired: entry drift 10.1 bps > 8.0 bps | setup expired: entry drift 12.0 bps > 8.0 bps | setup expired: entry drift 13.1 bps > 8.0 bps,120,ok,18285768,0.1938527999445796,0.26876,10.429082240763776
ZECUSDT:scenario:23,ZECUSDT,short,234681,19305079,1587.1,True,,5,ok,19323345,0.16065730003174394,1589.17,-13.042656417365794
ZECUSDT:scenario:23,ZECUSDT,short,234681,19305079,1587.1,True,,15,ok,19353808,0.0005452000768855214,1589.17,-13.042656417365794
ZECUSDT:scenario:23,ZECUSDT,short,234681,19305079,1587.1,True,,30,ok,19405578,0.020924600074067712,1589.99,-18.209312582697645
ZECUSDT:scenario:23,ZECUSDT,short,234681,19305079,1587.1,True,,60,ok,19505472,0.0411914000287652,1590.7051000000001,-22.715014806882206
ZECUSDT:scenario:23,ZECUSDT,short,234681,19305079,1587.1,True,,120,ok,19711526,0.1423866000259295,1591.06,-24.951168798437173
ZECUSDT:scenario:25,ZECUSDT,long,254307,20884873,1594.42,False,economic_gate: winner_cost_share 1.277 > maximum 0.350 | economic_gate: winner_cost_share 1.020 > maximum 0.350 | economic_gate: winner_cost_share 1.210 > maximum 0.350 | economic_gate: winner_cost_share 1.185 > maximum 0.350 | economic_gate: winner_cost_share 1.213 > maximum 0.350 | economic_gate: winner_cost_share 1.475 > maximum 0.350 | economic_gate: winner_cost_share 1.036 > maximum 0.350 | economic_gate: winner_cost_share 1.339 > maximum 0.350 | economic_gate: winner_cost_share 1.370 > maximum 0.350 | economic_gate: winner_cost_share 1.001 > maximum 0.350 | economic_gate: winner_cost_share 0.892 > maximum 0.350 | economic_gate: winner_cost_share 1.009 > maximum 0.350 | economic_gate: winner_cost_share 1.078 > maximum 0.350,5,ok,20905289,0.052101199980825186,1595.1484,4.568432408023071
ZECUSDT:scenario:25,ZECUSDT,long,254307,20884873,1594.42,False,economic_gate: winner_cost_share 1.277 > maximum 0.350 | economic_gate: winner_cost_share 1.020 > maximum 0.350 | economic_gate: winner_cost_share 1.210 > maximum 0.350 | economic_gate: winner_cost_share 1.185 > maximum 0.350 | economic_gate: winner_cost_share 1.213 > maximum 0.350 | economic_gate: winner_cost_share 1.475 > maximum 0.350 | economic_gate: winner_cost_share 1.036 > maximum 0.350 | economic_gate: winner_cost_share 1.339 > maximum 0.350 | economic_gate: winner_cost_share 1.370 > maximum 0.350 | economic_gate: winner_cost_share 1.001 > maximum 0.350 | economic_gate: winner_cost_share 0.892 > maximum 0.350 | economic_gate: winner_cost_share 1.009 > maximum 0.350 | economic_gate: winner_cost_share 1.078 > maximum 0.350,15,ok,20935556,0.09215969999786466,1595.2963,5.496042448036587
ZECUSDT:scenario:25,ZECUSDT,long,254307,20884873,1594.42,False,economic_gate: winner_cost_share 1.277 > maximum 0.350 | economic_gate: winner_cost_share 1.020 > maximum 0.350 | economic_gate: winner_cost_share 1.210 > maximum 0.350 | economic_gate: winner_cost_share 1.185 > maximum 0.350 | economic_gate: winner_cost_share 1.213 > maximum 0.350 | economic_gate: winner_cost_share 1.475 > maximum 0.350 | economic_gate: winner_cost_share 1.036 > maximum 0.350 | economic_gate: winner_cost_share 1.339 > maximum 0.350 | economic_gate: winner_cost_share 1.370 > maximum 0.350 | economic_gate: winner_cost_share 1.001 > maximum 0.350 | economic_gate: winner_cost_share 0.892 > maximum 0.350 | economic_gate: winner_cost_share 1.009 > maximum 0.350 | economic_gate: winner_cost_share 1.078 > maximum 0.350,30,ok,20985606,0.05364709999412298,1596.62,13.798120946801884
ZECUSDT:scenario:25,ZECUSDT,long,254307,20884873,1594.42,False,economic_gate: winner_cost_share 1.277 > maximum 0.350 | economic_gate: winner_cost_share 1.020 > maximum 0.350 | economic_gate: winner_cost_share 1.210 > maximum 0.350 | economic_gate: winner_cost_share 1.185 > maximum 0.350 | economic_gate: winner_cost_share 1.213 > maximum 0.350 | economic_gate: winner_cost_share 1.475 > maximum 0.350 | economic_gate: winner_cost_share 1.036 > maximum 0.350 | economic_gate: winner_cost_share 1.339 > maximum 0.350 | economic_gate: winner_cost_share 1.370 > maximum 0.350 | economic_gate: winner_cost_share 1.001 > maximum 0.350 | economic_gate: winner_cost_share 0.892 > maximum 0.350 | economic_gate: winner_cost_share 1.009 > maximum 0.350 | economic_gate: winner_cost_share 1.078 > maximum 0.350,60,ok,21114455,0.17504270002245903,1599.98,34.87161475646205
ZECUSDT:scenario:25,ZECUSDT,long,254307,20884873,1594.42,False,economic_gate: winner_cost_share 1.277 > maximum 0.350 | economic_gate: winner_cost_share 1.020 > maximum 0.350 | economic_gate: winner_cost_share 1.210 > maximum 0.350 | economic_gate: winner_cost_share 1.185 > maximum 0.350 | economic_gate: winner_cost_share 1.213 > maximum 0.350 | economic_gate: winner_cost_share 1.475 > maximum 0.350 | economic_gate: winner_cost_share 1.036 > maximum 0.350 | economic_gate: winner_cost_share 1.339 > maximum 0.350 | economic_gate: winner_cost_share 1.370 > maximum 0.350 | economic_gate: winner_cost_share 1.001 > maximum 0.350 | economic_gate: winner_cost_share 0.892 > maximum 0.350 | economic_gate: winner_cost_share 1.009 > maximum 0.350 | economic_gate: winner_cost_share 1.078 > maximum 0.350,120,ok,21355699,0.22140560008119792,1611.1669,105.03443258363498
ZECUSDT:scenario:27,ZECUSDT,long,257000,21127377,1601.33,False,,5,ok,21145855,0.21305029990617186,1602.6961999999999,8.531658059238723
ZECUSDT:scenario:27,ZECUSDT,long,257000,21127377,1601.33,False,,15,ok,21187015,0.22340129991061985,1604.56,20.170733078128666
ZECUSDT:scenario:27,ZECUSDT,long,257000,21127377,1601.33,False,,30,ok,21257416,0.1922852999996394,1612.9238,72.40106661337897
ZECUSDT:scenario:27,ZECUSDT,long,257000,21127377,1601.33,False,,60,ok,21370855,0.06650179997086525,1611.1086999999998,61.066113792909164
ZECUSDT:scenario:27,ZECUSDT,long,257000,21127377,1601.33,False,,120,ok,21592284,0.14923809992615134,1610.0766,54.62084642141374
ZECUSDT:scenario:30,ZECUSDT,long,268885,22213476,1621.21,False,,5,ok,22235588,0.0857346000848338,1621.4107999999999,1.2385810598236624
ZECUSDT:scenario:30,ZECUSDT,long,268885,22213476,1621.21,False,,15,ok,22272106,0.03669300000183284,1622.336,6.945429648226309
ZECUSDT:scenario:30,ZECUSDT,long,268885,22213476,1621.21,False,,30,ok,22359415,0.01766370004042983,1635.0679999999998,85.47936417860669
ZECUSDT:scenario:30,ZECUSDT,long,268885,22213476,1621.21,False,,60,ok,22492017,0.06104480009526014,1636.14,92.091709278872
ZECUSDT:scenario:30,ZECUSDT,long,268885,22213476,1621.21,False,,120,ok,22747838,0.09524840000085533,1651.64,187.69931100844462
ZECUSDT:scenario:31,ZECUSDT,long,269598,22295886,1630.02,False,economic_safety: absolute_net_reward_risk: net reward/risk 0.4717 < hard minimum 1.0000 | economic_safety: absolute_net_reward_risk: net reward/risk 0.4676 < hard minimum 1.0000 | economic_safety: impulse first take cannot cover planned costs/profit floor | economic_safety: absolute_net_reward_risk: net reward/risk 0.4014 < hard minimum 1.0000 | economic_safety: absolute_net_reward_risk: net reward/risk 0.5612 < hard minimum 1.0000 | economic_safety: absolute_net_reward_risk: net reward/risk 0.5617 < hard minimum 1.0000 | economic_safety: absolute_net_reward_risk: net reward/risk 0.5753 < hard minimum 1.0000 | economic_safety: absolute_net_reward_risk: net reward/risk 0.4090 < hard minimum 1.0000,5,ok,22322102,0.19749950000550598,1632.0702,12.577759782088638
ZECUSDT:scenario:31,ZECUSDT,long,269598,22295886,1630.02,False,economic_safety: absolute_net_reward_risk: net reward/risk 0.4717 < hard minimum 1.0000 | economic_safety: absolute_net_reward_risk: net reward/risk 0.4676 < hard minimum 1.0000 | economic_safety: impulse first take cannot cover planned costs/profit floor | economic_safety: absolute_net_reward_risk: net reward/risk 0.4014 < hard minimum 1.0000 | economic_safety: absolute_net_reward_risk: net reward/risk 0.5612 < hard minimum 1.0000 | economic_safety: absolute_net_reward_risk: net reward/risk 0.5617 < hard minimum 1.0000 | economic_safety: absolute_net_reward_risk: net reward/risk 0.5753 < hard minimum 1.0000 | economic_safety: absolute_net_reward_risk: net reward/risk 0.4090 < hard minimum 1.0000,15,ok,22366247,0.1927556999726221,1634.93,30.1223297873654
ZECUSDT:scenario:31,ZECUSDT,long,269598,22295886,1630.02,False,economic_safety: absolute_net_reward_risk: net reward/risk 0.4717 < hard minimum 1.0000 | economic_safety: absolute_net_reward_risk: net reward/risk 0.4676 < hard minimum 1.0000 | economic_safety: impulse first take cannot cover planned costs/profit floor | economic_safety: absolute_net_reward_risk: net reward/risk 0.4014 < hard minimum 1.0000 | economic_safety: absolute_net_reward_risk: net reward/risk 0.5612 < hard minimum 1.0000 | economic_safety: absolute_net_reward_risk: net reward/risk 0.5617 < hard minimum 1.0000 | economic_safety: absolute_net_reward_risk: net reward/risk 0.5753 < hard minimum 1.0000 | economic_safety: absolute_net_reward_risk: net reward/risk 0.4090 < hard minimum 1.0000,30,ok,22434579,0.1671630999771878,1630.42,2.453957620152103
ZECUSDT:scenario:31,ZECUSDT,long,269598,22295886,1630.02,False,economic_safety: absolute_net_reward_risk: net reward/risk 0.4717 < hard minimum 1.0000 | economic_safety: absolute_net_reward_risk: net reward/risk 0.4676 < hard minimum 1.0000 | economic_safety: impulse first take cannot cover planned costs/profit floor | economic_safety: absolute_net_reward_risk: net reward/risk 0.4014 < hard minimum 1.0000 | economic_safety: absolute_net_reward_risk: net reward/risk 0.5612 < hard minimum 1.0000 | economic_safety: absolute_net_reward_risk: net reward/risk 0.5617 < hard minimum 1.0000 | economic_safety: absolute_net_reward_risk: net reward/risk 0.5753 < hard minimum 1.0000 | economic_safety: absolute_net_reward_risk: net reward/risk 0.4090 < hard minimum 1.0000,60,ok,22537813,0.19234069995582104,1632.3120000000001,14.061177163471328
ZECUSDT:scenario:31,ZECUSDT,long,269598,22295886,1630.02,False,economic_safety: absolute_net_reward_risk: net reward/risk 0.4717 < hard minimum 1.0000 | economic_safety: absolute_net_reward_risk: net reward/risk 0.4676 < hard minimum 1.0000 | economic_safety: impulse first take cannot cover planned costs/profit floor | economic_safety: absolute_net_reward_risk: net reward/risk 0.4014 < hard minimum 1.0000 | economic_safety: absolute_net_reward_risk: net reward/risk 0.5612 < hard minimum 1.0000 | economic_safety: absolute_net_reward_risk: net reward/risk 0.5617 < hard minimum 1.0000 | economic_safety: absolute_net_reward_risk: net reward/risk 0.5753 < hard minimum 1.0000 | economic_safety: absolute_net_reward_risk: net reward/risk 0.4090 < hard minimum 1.0000,120,ok,22830667,0.22946840000804514,1643.85,84.84558471675064
NEARUSDT:scenario:25,NEARUSDT,long,272317,22550463,4.845,False,invalid stop or target distance,5,ok,22570161,0.07937020005192608,4.848,6.191950464395912
NEARUSDT:scenario:25,NEARUSDT,long,272317,22550463,4.845,False,invalid stop or target distance,15,ok,22609459,0.0895928000099957,4.851,12.383900928794045
NEARUSDT:scenario:25,NEARUSDT,long,272317,22550463,4.845,False,invalid stop or target distance,30,ok,22677306,0.006692200084216893,4.857,24.76780185758587
NEARUSDT:scenario:25,NEARUSDT,long,272317,22550463,4.845,False,invalid stop or target distance,60,ok,22847118,0.1678792000748217,4.858,26.83178534571784
NEARUSDT:scenario:25,NEARUSDT,long,272317,22550463,4.845,False,invalid stop or target distance,120,ok,23126542,0.13066490006167442,4.867,45.40763673890558
ENAUSDT:scenario:24,ENAUSDT,long,275630,22875244,0.27015,False,economic_gate: winner_cost_share 3.754 > maximum 0.350 | economic_gate: winner_cost_share 3.661 > maximum 0.350 | economic_gate: winner_cost_share 3.549 > maximum 0.350 | economic_gate: winner_cost_share 3.533 > maximum 0.350 | economic_gate: winner_cost_share 3.326 > maximum 0.350 | economic_gate: winner_cost_share 3.546 > maximum 0.350 | economic_gate: winner_cost_share 2.977 > maximum 0.350 | economic_gate: winner_cost_share 3.641 > maximum 0.350 | economic_gate: winner_cost_share 5.303 > maximum 0.350 | economic_gate: winner_cost_share 3.909 > maximum 0.350 | economic_gate: winner_cost_share 2.058 > maximum 0.350 | economic_gate: winner_cost_share 2.184 > maximum 0.350 | invalid stop or target distance | invalid stop or target distance after depth adjustment,5,ok,22902797,0.2095369000453502,0.27039,8.883953359246632
ENAUSDT:scenario:24,ENAUSDT,long,275630,22875244,0.27015,False,economic_gate: winner_cost_share 3.754 > maximum 0.350 | economic_gate: winner_cost_share 3.661 > maximum 0.350 | economic_gate: winner_cost_share 3.549 > maximum 0.350 | economic_gate: winner_cost_share 3.533 > maximum 0.350 | economic_gate: winner_cost_share 3.326 > maximum 0.350 | economic_gate: winner_cost_share 3.546 > maximum 0.350 | economic_gate: winner_cost_share 2.977 > maximum 0.350 | economic_gate: winner_cost_share 3.641 > maximum 0.350 | economic_gate: winner_cost_share 5.303 > maximum 0.350 | economic_gate: winner_cost_share 3.909 > maximum 0.350 | economic_gate: winner_cost_share 2.058 > maximum 0.350 | economic_gate: winner_cost_share 2.184 > maximum 0.350 | invalid stop or target distance | invalid stop or target distance after depth adjustment,15,ok,22954584,0.05419509997591376,0.27033,6.662965019434974
ENAUSDT:scenario:24,ENAUSDT,long,275630,22875244,0.27015,False,economic_gate: winner_cost_share 3.754 > maximum 0.350 | economic_gate: winner_cost_share 3.661 > maximum 0.350 | economic_gate: winner_cost_share 3.549 > maximum 0.350 | economic_gate: winner_cost_share 3.533 > maximum 0.350 | economic_gate: winner_cost_share 3.326 > maximum 0.350 | economic_gate: winner_cost_share 3.546 > maximum 0.350 | economic_gate: winner_cost_share 2.977 > maximum 0.350 | economic_gate: winner_cost_share 3.641 > maximum 0.350 | economic_gate: winner_cost_share 5.303 > maximum 0.350 | economic_gate: winner_cost_share 3.909 > maximum 0.350 | economic_gate: winner_cost_share 2.058 > maximum 0.350 | economic_gate: winner_cost_share 2.184 > maximum 0.350 | invalid stop or target distance | invalid stop or target distance after depth adjustment,30,ok,23018951,0.1430632999399677,0.27051,13.325930038865508
ENAUSDT:scenario:24,ENAUSDT,long,275630,22875244,0.27015,False,economic_gate: winner_cost_share 3.754 > maximum 0.350 | economic_gate: winner_cost_share 3.661 > maximum 0.350 | economic_gate: winner_cost_share 3.549 > maximum 0.350 | economic_gate: winner_cost_share 3.533 > maximum 0.350 | economic_gate: winner_cost_share 3.326 > maximum 0.350 | economic_gate: winner_cost_share 3.546 > maximum 0.350 | economic_gate: winner_cost_share 2.977 > maximum 0.350 | economic_gate: winner_cost_share 3.641 > maximum 0.350 | economic_gate: winner_cost_share 5.303 > maximum 0.350 | economic_gate: winner_cost_share 3.909 > maximum 0.350 | economic_gate: winner_cost_share 2.058 > maximum 0.350 | economic_gate: winner_cost_share 2.184 > maximum 0.350 | invalid stop or target distance | invalid stop or target distance after depth adjustment,60,ok,23150354,0.1810705999378115,0.27046,11.475106422356163
ENAUSDT:scenario:24,ENAUSDT,long,275630,22875244,0.27015,False,economic_gate: winner_cost_share 3.754 > maximum 0.350 | economic_gate: winner_cost_share 3.661 > maximum 0.350 | economic_gate: winner_cost_share 3.549 > maximum 0.350 | economic_gate: winner_cost_share 3.533 > maximum 0.350 | economic_gate: winner_cost_share 3.326 > maximum 0.350 | economic_gate: winner_cost_share 3.546 > maximum 0.350 | economic_gate: winner_cost_share 2.977 > maximum 0.350 | economic_gate: winner_cost_share 3.641 > maximum 0.350 | economic_gate: winner_cost_share 5.303 > maximum 0.350 | economic_gate: winner_cost_share 3.909 > maximum 0.350 | economic_gate: winner_cost_share 2.058 > maximum 0.350 | economic_gate: winner_cost_share 2.184 > maximum 0.350 | invalid stop or target distance | invalid stop or target distance after depth adjustment,120,ok,23412408,0.0426984999794513,0.27103,32.574495650563584
ZECUSDT:scenario:38,ZECUSDT,short,277447,23043281,1640.02,True,,5,ok,23065853,0.11372440005652606,1640.7240000000004,-4.292630577678036
ZECUSDT:scenario:38,ZECUSDT,short,277447,23043281,1640.02,True,,15,ok,23109103,0.17329590010922402,1645.0,-30.36548334776512
ZECUSDT:scenario:38,ZECUSDT,short,277447,23043281,1640.02,True,,30,ok,23177193,0.7491136000026017,1650.06,-61.218765624808654
ZECUSDT:scenario:38,ZECUSDT,short,277447,23043281,1640.02,True,,60,ok,23313281,0.19371710007544607,1645.8228,-35.382495335423144
ZECUSDT:scenario:38,ZECUSDT,short,277447,23043281,1640.02,True,,120,ok,23569947,0.1546077000675723,1645.67,-34.450799380496555
ZECUSDT:scenario:41,ZECUSDT,long,288104,23980495,1659.4,False,economic_safety: absolute_net_reward_risk: net reward/risk 0.5945 < hard minimum 1.0000 | economic_safety: absolute_net_reward_risk: net reward/risk 0.6226 < hard minimum 1.0000 | economic_safety: absolute_net_reward_risk: net reward/risk 0.5457 < hard minimum 1.0000 | economic_safety: absolute_net_reward_risk: net reward/risk 0.4367 < hard minimum 1.0000 | setup expired: entry drift 8.4 bps > 8.0 bps,5,ok,24014033,0.22976589994505048,1663.3218999999997,23.634446185365476
ZECUSDT:scenario:41,ZECUSDT,long,288104,23980495,1659.4,False,economic_safety: absolute_net_reward_risk: net reward/risk 0.5945 < hard minimum 1.0000 | economic_safety: absolute_net_reward_risk: net reward/risk 0.6226 < hard minimum 1.0000 | economic_safety: absolute_net_reward_risk: net reward/risk 0.5457 < hard minimum 1.0000 | economic_safety: absolute_net_reward_risk: net reward/risk 0.4367 < hard minimum 1.0000 | setup expired: entry drift 8.4 bps > 8.0 bps,15,ok,24086585,0.15448929998092353,1667.1072,46.4457032662402
ZECUSDT:scenario:41,ZECUSDT,long,288104,23980495,1659.4,False,economic_safety: absolute_net_reward_risk: net reward/risk 0.5945 < hard minimum 1.0000 | economic_safety: absolute_net_reward_risk: net reward/risk 0.6226 < hard minimum 1.0000 | economic_safety: absolute_net_reward_risk: net reward/risk 0.5457 < hard minimum 1.0000 | economic_safety: absolute_net_reward_risk: net reward/risk 0.4367 < hard minimum 1.0000 | setup expired: entry drift 8.4 bps > 8.0 bps,30,ok,24160858,0.04677599994465709,1663.978,27.588284922261952
ZECUSDT:scenario:41,ZECUSDT,long,288104,23980495,1659.4,False,economic_safety: absolute_net_reward_risk: net reward/risk 0.5945 < hard minimum 1.0000 | economic_safety: absolute_net_reward_risk: net reward/risk 0.6226 < hard minimum 1.0000 | economic_safety: absolute_net_reward_risk: net reward/risk 0.5457 < hard minimum 1.0000 | economic_safety: absolute_net_reward_risk: net reward/risk 0.4367 < hard minimum 1.0000 | setup expired: entry drift 8.4 bps > 8.0 bps,60,ok,24303774,0.06857519992627203,1663.8808,27.002531035313915
ZECUSDT:scenario:41,ZECUSDT,long,288104,23980495,1659.4,False,economic_safety: absolute_net_reward_risk: net reward/risk 0.5945 < hard minimum 1.0000 | economic_safety: absolute_net_reward_risk: net reward/risk 0.6226 < hard minimum 1.0000 | economic_safety: absolute_net_reward_risk: net reward/risk 0.5457 < hard minimum 1.0000 | economic_safety: absolute_net_reward_risk: net reward/risk 0.4367 < hard minimum 1.0000 | setup expired: entry drift 8.4 bps > 8.0 bps,120,ok,24616767,0.13703869993332773,1660.8689,8.851994696876808
XRPUSDT:scenario:25,XRPUSDT,long,306719,25628897,1.5276,False,economic_safety: impulse first take cannot cover planned costs/profit floor,5,ok,25677500,0.049803600064478815,1.526,-10.473946059178507
XRPUSDT:scenario:25,XRPUSDT,long,306719,25628897,1.5276,False,economic_safety: impulse first take cannot cover planned costs/profit floor,15,ok,25733633,0.042978800018318,1.5256,-13.092432573972301
XRPUSDT:scenario:25,XRPUSDT,long,306719,25628897,1.5276,False,economic_safety: impulse first take cannot cover planned costs/profit floor,30,ok,25800725,0.1865815999917686,1.5256,-13.092432573972301
XRPUSDT:scenario:25,XRPUSDT,long,306719,25628897,1.5276,False,economic_safety: impulse first take cannot cover planned costs/profit floor,60,ok,25930028,0.09817800007294863,1.5256,-13.092432573972301
XRPUSDT:scenario:25,XRPUSDT,long,306719,25628897,1.5276,False,economic_safety: impulse first take cannot cover planned costs/profit floor,120,ok,26182274,0.1271616000449285,1.525,-17.020162346165215
