line,msk,active_count,ranked_count,eth_rank,eth_active
137,2026-09-26T22:30:40.449+03:00,6,7,1,True
2327,2026-09-26T22:31:49.332+03:00,7,7,2,True
4690,2026-09-26T22:32:54.023+03:00,7,7,2,True
7154,2026-09-26T22:33:59.494+03:00,7,7,2,True
9588,2026-09-26T22:35:04.831+03:00,7,7,2,True
11858,2026-09-26T22:36:10.510+03:00,7,7,2,True
14337,2026-09-26T22:37:17.429+03:00,7,7,2,True
16880,2026-09-26T22:38:22.029+03:00,7,7,2,True
19618,2026-09-26T22:39:27.474+03:00,7,7,2,True
22243,2026-09-26T22:40:33.021+03:00,7,7,3,True
24674,2026-09-26T22:41:38.582+03:00,7,7,3,True
27208,2026-09-26T22:42:43.937+03:00,7,7,3,True
29680,2026-09-26T22:43:50.164+03:00,7,7,2,True
31992,2026-09-26T22:44:54.946+03:00,7,7,2,True
34508,2026-09-26T22:46:00.633+03:00,7,7,2,True
37017,2026-09-26T22:47:06.355+03:00,7,7,1,True
39367,2026-09-26T22:48:11.976+03:00,7,7,1,True
41685,2026-09-26T22:49:17.691+03:00,7,7,1,True
43957,2026-09-26T22:50:22.763+03:00,7,7,1,True
46244,2026-09-26T22:51:28.251+03:00,7,7,2,True
48854,2026-09-26T22:52:33.886+03:00,7,7,2,True
51186,2026-09-26T22:53:39.802+03:00,7,7,3,True
53610,2026-09-26T22:54:45.600+03:00,7,7,3,True
56048,2026-09-26T22:55:51.561+03:00,7,7,5,True
58330,2026-09-26T22:56:56.548+03:00,7,7,5,True
60530,2026-09-26T22:58:02.154+03:00,7,7,2,True
62755,2026-09-26T22:59:08.091+03:00,7,7,1,True
65120,2026-09-26T23:00:15.627+03:00,7,7,1,True
67599,2026-09-26T23:01:23.182+03:00,7,7,2,True
70222,2026-09-26T23:02:29.697+03:00,7,7,2,True
72654,2026-09-26T23:03:35.023+03:00,7,7,2,True
74973,2026-09-26T23:04:40.655+03:00,7,7,5,True
77166,2026-09-26T23:05:45.686+03:00,7,7,5,True
79660,2026-09-26T23:06:51.404+03:00,7,7,4,True
82355,2026-09-26T23:07:57.345+03:00,7,7,4,True
84886,2026-09-26T23:09:02.333+03:00,7,7,1,True
88170,2026-09-26T23:10:07.586+03:00,7,7,2,True
91107,2026-09-26T23:11:13.472+03:00,7,7,1,True
93410,2026-09-26T23:12:18.581+03:00,7,7,1,True
95734,2026-09-26T23:13:25.191+03:00,7,7,1,True
98138,2026-09-26T23:14:29.995+03:00,7,7,1,True
100845,2026-09-26T23:15:35.814+03:00,7,7,4,True
103430,2026-09-26T23:16:41.563+03:00,7,7,7,True
106293,2026-09-26T23:17:47.035+03:00,7,7,4,True
108847,2026-09-26T23:18:52.361+03:00,7,7,7,True
111374,2026-09-26T23:19:57.649+03:00,7,7,6,True
113756,2026-09-26T23:21:03.506+03:00,7,7,1,True
116295,2026-09-26T23:22:08.629+03:00,7,7,1,True
118887,2026-09-26T23:23:13.892+03:00,7,7,1,True
121681,2026-09-26T23:24:19.405+03:00,7,7,1,True
124742,2026-09-26T23:25:25.179+03:00,7,7,2,True
127498,2026-09-26T23:26:30.448+03:00,7,7,2,True
130210,2026-09-26T23:27:36.133+03:00,7,7,3,True
133185,2026-09-26T23:28:41.330+03:00,7,7,3,True
135890,2026-09-26T23:29:47.102+03:00,7,7,2,True
138415,2026-09-26T23:30:52.424+03:00,7,7,1,True
140924,2026-09-26T23:31:58.164+03:00,7,7,2,True
143595,2026-09-26T23:33:03.671+03:00,7,7,1,True
146298,2026-09-26T23:34:08.861+03:00,7,7,5,True
148887,2026-09-26T23:35:14.840+03:00,7,7,5,True
151142,2026-09-26T23:36:20.653+03:00,7,7,4,True
153472,2026-09-26T23:37:26.008+03:00,7,7,4,True
155803,2026-09-26T23:38:31.634+03:00,7,7,5,True
158261,2026-09-26T23:39:36.897+03:00,7,7,4,True
162424,2026-09-26T23:40:45.562+03:00,7,7,1,True
165615,2026-09-26T23:41:51.949+03:00,7,7,2,True
168891,2026-09-26T23:42:56.894+03:00,7,7,3,True
172259,2026-09-26T23:44:03.153+03:00,7,7,4,True
175116,2026-09-26T23:45:08.232+03:00,7,7,2,True
177892,2026-09-26T23:46:14.965+03:00,7,7,3,True
180601,2026-09-26T23:47:19.417+03:00,7,7,3,True
184088,2026-09-26T23:48:26.900+03:00,7,7,4,True
186172,2026-09-26T23:49:31.285+03:00,7,7,2,True
188776,2026-09-26T23:50:37.126+03:00,7,7,2,True
192390,2026-09-26T23:51:43.005+03:00,7,7,2,True
195490,2026-09-26T23:52:48.379+03:00,7,7,2,True
198052,2026-09-26T23:53:54.179+03:00,7,7,2,True
200597,2026-09-26T23:54:59.638+03:00,7,7,2,True
203058,2026-09-26T23:56:05.167+03:00,7,7,2,True
205540,2026-09-26T23:57:11.014+03:00,7,7,2,True
208294,2026-09-26T23:58:16.844+03:00,7,7,5,True
210968,2026-09-26T23:59:22.062+03:00,7,7,6,True
213884,2026-09-27T00:00:28.831+03:00,7,7,7,True
216519,2026-09-27T00:01:33.945+03:00,7,7,7,True
219155,2026-09-27T00:02:40.055+03:00,7,7,7,True
221758,2026-09-27T00:03:45.838+03:00,7,7,5,True
224607,2026-09-27T00:04:51.147+03:00,7,7,5,True
227360,2026-09-27T00:05:56.556+03:00,7,7,2,True
230103,2026-09-27T00:07:02.874+03:00,7,7,1,True
232519,2026-09-27T00:08:07.760+03:00,7,7,1,True
235130,2026-09-27T00:09:13.080+03:00,7,7,2,True
237887,2026-09-27T00:10:18.668+03:00,7,7,4,True
240739,2026-09-27T00:11:24.207+03:00,7,7,5,True
243570,2026-09-27T00:12:29.538+03:00,7,7,3,True
246389,2026-09-27T00:13:35.279+03:00,7,7,3,True
249197,2026-09-27T00:14:40.836+03:00,7,7,3,True
251851,2026-09-27T00:15:46.246+03:00,7,7,3,True
254538,2026-09-27T00:16:52.083+03:00,7,7,5,True
257315,2026-09-27T00:17:57.636+03:00,7,7,6,True
260160,2026-09-27T00:19:03.146+03:00,7,7,7,True
262892,2026-09-27T00:20:08.981+03:00,7,7,3,True
265504,2026-09-27T00:21:14.834+03:00,7,7,5,True
268081,2026-09-27T00:22:20.815+03:00,7,7,3,True
271003,2026-09-27T00:23:25.872+03:00,7,7,3,True
273851,2026-09-27T00:24:31.513+03:00,7,7,4,True
277299,2026-09-27T00:25:37.116+03:00,7,7,6,True
280696,2026-09-27T00:26:43.255+03:00,7,7,7,True
283834,2026-09-27T00:27:48.162+03:00,7,7,5,True
287254,2026-09-27T00:28:54.079+03:00,7,7,4,True
290916,2026-09-27T00:30:00.339+03:00,7,7,5,True
294536,2026-09-27T00:31:06.566+03:00,7,7,4,True
297831,2026-09-27T00:32:11.228+03:00,7,7,4,True
301410,2026-09-27T00:33:16.768+03:00,7,7,5,True
304800,2026-09-27T00:34:22.216+03:00,7,7,5,True
308475,2026-09-27T00:35:27.795+03:00,7,7,4,True
311699,2026-09-27T00:36:33.190+03:00,7,7,1,True
314638,2026-09-27T00:37:39.229+03:00,7,7,1,True
