scenario_id,symbol,owner,side,object,initial_episode,last_episode,observed_msk,first_line,last_line,prepared,ready,admitted,filled,ready_transitions,episode_updates,risk_refusals,risk_lines,risk_reasons,terminal_state,terminal_reason,primary_category
SOLUSDT:scenario:1,SOLUSDT,level_breakout,long,R:resistance:7998:g1,"[""structural_level"",""R:resistance:7998:g1""]:approach","[""structural_level"",""R:resistance:7998:g1""]:approach",2026-09-26T22:30:36.303+03:00,24,1816,True,False,False,False,0,0,0,,,INVALIDATED,price_left_preparation_area,late_or_exhausted
ENAUSDT:scenario:1,ENAUSDT,level_breakout,long,R:resistance:-2164:g1,"[""structural_level"",""R:resistance:-2164:g1""]:approach","[""structural_level"",""R:resistance:-2164:g1""]:cross:quote:1790451074432:1",2026-09-26T22:30:38.866+03:00,76,9382,True,False,False,False,0,1,0,,,INVALIDATED,price_left_preparation_area,late_or_exhausted
BTCUSDT:scenario:1,BTCUSDT,level_breakout,short,S:support:18903:g1,"[""structural_level"",""S:support:18903:g1""]:approach","[""structural_level"",""S:support:18903:g1""]:approach",2026-09-26T22:31:00.519+03:00,739,11518,True,False,False,False,0,0,0,,,EXPIRED,scenario_expired,trigger_not_met
SOLUSDT:scenario:2,SOLUSDT,level_breakout,short,S:support:7995:g1,"[""structural_level"",""S:support:7995:g1""]:approach","[""structural_level"",""S:support:7995:g1""]:approach",2026-09-26T22:31:34.163+03:00,1836,9358,True,False,False,False,0,0,0,,,INVALIDATED,price_left_preparation_area,late_or_exhausted
NEARUSDT:scenario:1,NEARUSDT,level_breakout,short,S:support:2620:g1,"[""structural_level"",""S:support:2620:g1""]:approach","[""structural_level"",""S:support:2620:g1""]:cross:quote:1790451113345:1",2026-09-26T22:31:50.338+03:00,2357,6018,True,True,False,False,2,1,1,3800,invalid stop or target distance,EXPIRED,scenario_expired,economics_reject
NEARUSDT:scenario:2,NEARUSDT,weak_level_rejection,short,R:resistance:2618:g1,"[""structural_level"",""R:resistance:2618:g1""]:failed:quote:1790451112722:1","[""structural_level"",""R:resistance:2618:g1""]:failed:quote:1790451112722:1",2026-09-26T22:33:30.144+03:00,6054,11083,False,False,False,False,0,0,0,,,INVALIDATED,assigned_object_no_longer_preparable,trigger_not_met
SOLUSDT:scenario:3,SOLUSDT,level_breakout,long,R:resistance:7998:g1,"[""structural_level"",""R:resistance:7998:g1""]:approach","[""structural_level"",""R:resistance:7998:g1""]:approach",2026-09-26T22:34:59.346+03:00,9367,14324,True,False,False,False,0,0,0,,,INVALIDATED,price_left_preparation_area,late_or_exhausted
ENAUSDT:scenario:2,ENAUSDT,level_breakout,short,S:support:-2168:g1,"[""structural_level"",""S:support:-2168:g1""]:cross:quote:1790451301271:1","[""structural_level"",""S:support:-2168:g1""]:cross:quote:1790451374896:4",2026-09-26T22:34:59.627+03:00,9386,13527,True,True,False,False,2,3,10,12956;12959;12965;12989;13000;13041;13060;13386;13402;13410,economic_gate: winner_cost_share 1.397 > maximum 0.350 | economic_gate: winner_cost_share 1.394 > maximum 0.350 | economic_gate: winner_cost_share 1.393 > maximum 0.350 | economic_gate: winner_cost_share 1.461 > maximum 0.350 | economic_gate: winner_cost_share 1.428 > maximum 0.350 | economic_gate: winner_cost_share 1.403 > maximum 0.350 | economic_gate: winner_cost_share 1.217 > maximum 0.350 | economic_gate: winner_cost_share 3.150 > maximum 0.350 | economic_gate: winner_cost_share 2.439 > maximum 0.350 | economic_gate: winner_cost_share 2.264 > maximum 0.350,INVALIDATED,new_market_episode_requires_reassessment,economics_reject
NEARUSDT:scenario:3,NEARUSDT,weak_level_rejection,short,R:resistance:2619:g1,"[""structural_level"",""R:resistance:2619:g1""]:failed:quote:1790451112722:1","[""structural_level"",""R:resistance:2619:g1""]:failed:quote:1790451112722:1",2026-09-26T22:35:48.806+03:00,11106,16866,False,False,False,False,0,0,0,,,INVALIDATED,price_left_preparation_area,late_or_exhausted
BTCUSDT:scenario:2,BTCUSDT,level_breakout,long,R:resistance:18902:g1,"[""structural_level"",""R:resistance:18902:g1""]:approach","[""structural_level"",""R:resistance:18902:g1""]:approach",2026-09-26T22:36:18.192+03:00,12128,14762,True,False,False,False,0,0,0,,,INVALIDATED,price_left_preparation_area,late_or_exhausted
ENAUSDT:scenario:3,ENAUSDT,level_breakout,short,S:support:-2168:g1,"[""structural_level"",""S:support:-2168:g1""]:cross:quote:1790451418265:5","[""structural_level"",""S:support:-2168:g1""]:cross:quote:1790451418265:5",2026-09-26T22:36:56.677+03:00,13549,18228,True,True,False,False,3,0,10,15765;15826;17238;17248;17263;17277;17290;17314;17332;17347,economic_gate: winner_cost_share 1.651 > maximum 0.350 | economic_gate: winner_cost_share 1.445 > maximum 0.350 | invalid stop or target distance | economic_gate: winner_cost_share 2.439 > maximum 0.350 | economic_gate: winner_cost_share 2.506 > maximum 0.350 | economic_gate: winner_cost_share 2.405 > maximum 0.350 | economic_gate: winner_cost_share 2.480 > maximum 0.350 | economic_gate: winner_cost_share 2.511 > maximum 0.350 | economic_gate: winner_cost_share 3.045 > maximum 0.350 | economic_gate: winner_cost_share 2.889 > maximum 0.350,EXPIRED,scenario_expired,economics_reject
SOLUSDT:scenario:4,SOLUSDT,level_breakout,short,S:support:7995:g1,"[""structural_level"",""S:support:7995:g1""]:approach","[""structural_level"",""S:support:7995:g1""]:failed:bar:1790451600000",2026-09-26T22:37:18.049+03:00,14355,26199,True,False,False,False,0,1,0,,,EXPIRED,scenario_expired,trigger_not_met
ZECUSDT:scenario:1,ZECUSDT,level_breakout,short,S:support:12245:g1,"[""structural_level"",""S:support:12245:g1""]:approach","[""structural_level"",""S:support:12245:g1""]:approach",2026-09-26T22:37:25.135+03:00,14619,21997,True,False,False,False,0,0,0,,,INVALIDATED,price_left_preparation_area,late_or_exhausted
BTCUSDT:scenario:3,BTCUSDT,level_breakout,long,R:resistance:18902:g1,"[""structural_level"",""R:resistance:18902:g1""]:approach","[""structural_level"",""R:resistance:18902:g1""]:approach",2026-09-26T22:37:28.374+03:00,14773,15730,True,False,False,False,0,0,0,,,INVALIDATED,price_left_preparation_area,late_or_exhausted
NEARUSDT:scenario:4,NEARUSDT,level_breakout,short,S:support:2615:g1,"[""structural_level"",""S:support:2615:g1""]:cross:quote:1790451504233:1","[""structural_level"",""S:support:2615:g1""]:failed:quote:1790451505213:2",2026-09-26T22:38:22.642+03:00,16900,21718,True,False,False,False,0,2,0,,,INVALIDATED,price_left_preparation_area,late_or_exhausted
XRPUSDT:scenario:1,XRPUSDT,weak_level_rejection,long,S:support:697:g1,"[""structural_level"",""S:support:697:g1""]:failed:bar:1790451480000","[""structural_level"",""S:support:697:g1""]:failed:quote:1790451604357:3",2026-09-26T22:38:22.808+03:00,16914,28719,True,False,False,False,0,3,0,,,EXPIRED,scenario_expired,trigger_not_met
ENAUSDT:scenario:4,ENAUSDT,level_breakout,long,R:resistance:-2164:g1,"[""structural_level"",""R:resistance:-2164:g1""]:failed:quote:1790451074432:1","[""structural_level"",""R:resistance:-2164:g1""]:failed:quote:1790451074432:1",2026-09-26T22:40:43.497+03:00,22572,33875,True,False,False,False,0,0,0,,,EXPIRED,scenario_expired,trigger_not_met
NEARUSDT:scenario:5,NEARUSDT,level_breakout,long,R:resistance:2625:g1,"[""structural_level"",""R:resistance:2625:g1""]:approach","[""structural_level"",""R:resistance:2625:g1""]:cross:quote:1790451933107:1",2026-09-26T22:40:53.555+03:00,22935,34244,True,True,False,False,1,1,1,33498,invalid stop or target distance,EXPIRED,scenario_expired,economics_reject
BTCUSDT:scenario:4,BTCUSDT,level_breakout,long,R:resistance:18902:g1,"[""structural_level"",""R:resistance:18902:g1""]:approach","[""structural_level"",""R:resistance:18902:g1""]:approach",2026-09-26T22:42:31.222+03:00,26687,37919,True,False,False,False,0,0,0,,,EXPIRED,scenario_expired,trigger_not_met
SOLUSDT:scenario:5,SOLUSDT,level_breakout,long,R:resistance:7998:g1,"[""structural_level"",""R:resistance:7998:g1""]:approach","[""structural_level"",""R:resistance:7998:g1""]:approach",2026-09-26T22:42:59.842+03:00,27760,38920,True,False,False,False,0,0,0,,,EXPIRED,scenario_expired,trigger_not_met
ZECUSDT:scenario:2,ZECUSDT,level_breakout,long,R:resistance:12258:g1,"[""structural_level"",""R:resistance:12258:g1""]:approach","[""structural_level"",""R:resistance:12258:g1""]:approach",2026-09-26T22:44:16.873+03:00,30632,41662,True,False,False,False,0,0,0,,,EXPIRED,scenario_expired,trigger_not_met
NEARUSDT:scenario:6,NEARUSDT,level_breakout,long,R:resistance:2627:g1,"[""structural_level"",""R:resistance:2627:g1""]:approach","[""structural_level"",""R:resistance:2627:g1""]:failed:quote:1790452088038:2",2026-09-26T22:45:54.541+03:00,34271,45051,True,False,False,False,0,3,0,,,EXPIRED,scenario_expired,trigger_not_met
ZECUSDT:scenario:3,ZECUSDT,level_breakout,long,R:resistance:12261:g1,"[""structural_level"",""R:resistance:12261:g1""]:approach","[""structural_level"",""R:resistance:12261:g1""]:approach",2026-09-26T22:49:17.410+03:00,41672,52564,True,False,False,False,0,0,0,,,EXPIRED,scenario_expired,trigger_not_met
BTCUSDT:scenario:5,BTCUSDT,level_breakout,short,S:support:18903:g1,"[""structural_level"",""S:support:18903:g1""]:cross:quote:1790451475157:1","[""structural_level"",""S:support:18903:g1""]:cross:quote:1790451475157:1",2026-09-26T22:49:21.927+03:00,41831,43030,True,False,False,False,0,0,0,,,INVALIDATED,price_left_preparation_area,late_or_exhausted
XRPUSDT:scenario:2,XRPUSDT,weak_level_rejection,short,R:resistance:702:g1,"[""structural_level"",""R:resistance:702:g1""]:approach","[""structural_level"",""R:resistance:702:g1""]:approach",2026-09-26T22:50:19.904+03:00,43838,48582,False,False,False,False,0,0,0,,,INVALIDATED,assigned_object_no_longer_preparable,trigger_not_met
NEARUSDT:scenario:7,NEARUSDT,level_breakout,short,S:support:2622:g1,"[""structural_level"",""S:support:2622:g1""]:approach","[""structural_level"",""S:support:2622:g1""]:approach",2026-09-26T22:50:54.978+03:00,45059,56181,True,False,False,False,0,0,0,,,EXPIRED,scenario_expired,trigger_not_met
SOLUSDT:scenario:6,SOLUSDT,level_breakout,short,S:support:7995:g1,"[""structural_level"",""S:support:7995:g1""]:failed:bar:1790451600000","[""structural_level"",""S:support:7995:g1""]:failed:bar:1790451600000",2026-09-26T22:51:29.370+03:00,46288,57369,True,False,False,False,0,0,0,,,EXPIRED,scenario_expired,trigger_not_met
BTCUSDT:scenario:6,BTCUSDT,level_breakout,long,R:resistance:18902:g1,"[""structural_level"",""R:resistance:18902:g1""]:approach","[""structural_level"",""R:resistance:18902:g1""]:approach",2026-09-26T22:52:01.870+03:00,47473,58510,True,False,False,False,0,0,0,,,EXPIRED,scenario_expired,trigger_not_met
ZECUSDT:scenario:4,ZECUSDT,level_breakout,long,R:resistance:12258:g1,"[""structural_level"",""R:resistance:12258:g1""]:cross:quote:1790452433579:2","[""structural_level"",""R:resistance:12258:g1""]:cross:quote:1790452468546:3",2026-09-26T22:54:18.389+03:00,52587,55239,True,False,False,False,0,1,0,,,INVALIDATED,price_left_preparation_area,late_or_exhausted
ZECUSDT:scenario:5,ZECUSDT,level_breakout,long,R:resistance:12265:g1,"[""structural_level"",""R:resistance:12265:g1""]:approach","[""structural_level"",""R:resistance:12265:g1""]:cross:quote:1790452691558:3",2026-09-26T22:55:30.656+03:00,55248,63149,True,True,False,False,1,3,1,61179,invalid stop or target distance,EXPIRED,scenario_expired,economics_reject
SOLUSDT:scenario:7,SOLUSDT,level_breakout,long,R:resistance:7998:g1,"[""structural_level"",""R:resistance:7998:g1""]:approach","[""structural_level"",""R:resistance:7998:g1""]:approach",2026-09-26T22:57:10.039+03:00,58807,62603,True,False,False,False,0,0,0,,,INVALIDATED,price_left_preparation_area,late_or_exhausted
NEARUSDT:scenario:8,NEARUSDT,weak_level_rejection,short,R:resistance:2629:g1,"[""structural_level"",""R:resistance:2629:g1""]:approach","[""structural_level"",""R:resistance:2629:g1""]:approach",2026-09-26T22:59:58.892+03:00,64426,68842,False,False,False,False,0,0,0,,,INVALIDATED,assigned_object_no_longer_preparable,trigger_not_met
ZECUSDT:scenario:6,ZECUSDT,level_breakout,long,R:resistance:12273:g1,"[""structural_level"",""R:resistance:12273:g1""]:approach","[""structural_level"",""R:resistance:12273:g1""]:approach",2026-09-26T23:00:02.803+03:00,64579,67078,True,False,False,False,0,0,0,,,INVALIDATED,price_left_preparation_area,late_or_exhausted
XRPUSDT:scenario:3,XRPUSDT,weak_level_rejection,long,S:support:697:g1,"[""structural_level"",""S:support:697:g1""]:failed:quote:1790451604357:3","[""structural_level"",""S:support:697:g1""]:failed:quote:1790451604357:3",2026-09-26T23:01:10.425+03:00,67059,69281,False,False,False,False,0,0,0,,,INVALIDATED,price_left_preparation_area,late_or_exhausted
ZECUSDT:scenario:7,ZECUSDT,level_breakout,long,R:resistance:12261:g1,"[""structural_level"",""R:resistance:12261:g1""]:cross:quote:1790452599697:3","[""structural_level"",""R:resistance:12261:g1""]:cross:quote:1790453126291:10",2026-09-26T23:01:10.723+03:00,67085,78080,True,False,False,False,0,7,0,,,EXPIRED,scenario_expired,trigger_not_met
NEARUSDT:scenario:9,NEARUSDT,level_breakout,long,R:resistance:2628:g1,"[""structural_level"",""R:resistance:2628:g1""]:approach","[""structural_level"",""R:resistance:2628:g1""]:cross:quote:1790452918667:1",2026-09-26T23:01:54.315+03:00,68848,72769,True,True,False,False,1,1,1,70514,invalid stop or target distance,EXPIRED,scenario_expired,economics_reject
ENAUSDT:scenario:5,ENAUSDT,level_breakout,long,R:resistance:-2164:g1,"[""structural_level"",""R:resistance:-2164:g1""]:failed:quote:1790451074432:1","[""structural_level"",""R:resistance:-2164:g1""]:failed:quote:1790452981127:2",2026-09-26T23:02:07.553+03:00,69362,75098,True,False,False,False,0,2,0,,,INVALIDATED,price_left_preparation_area,late_or_exhausted
BTCUSDT:scenario:7,BTCUSDT,level_breakout,short,S:support:18903:g1,"[""structural_level"",""S:support:18903:g1""]:cross:quote:1790452337376:4","[""structural_level"",""S:support:18903:g1""]:cross:quote:1790452337376:4",2026-09-26T23:02:53.293+03:00,71027,77719,True,False,False,False,0,0,0,,,INVALIDATED,price_left_preparation_area,late_or_exhausted
ETHUSDT:scenario:1,ETHUSDT,level_breakout,short,S:support:13162:g1,"[""structural_level"",""S:support:13162:g1""]:cross:quote:1790451811107:6","[""structural_level"",""S:support:13162:g1""]:cross:quote:1790451811107:6",2026-09-26T23:05:51.999+03:00,77373,79384,True,False,False,False,0,0,0,,,INVALIDATED,price_left_preparation_area,late_or_exhausted
SOLUSDT:scenario:8,SOLUSDT,level_breakout,long,R:resistance:7998:g1,"[""structural_level"",""R:resistance:7998:g1""]:approach","[""structural_level"",""R:resistance:7998:g1""]:approach",2026-09-26T23:06:02.121+03:00,77780,77899,True,False,False,False,0,0,0,,,INVALIDATED,price_left_preparation_area,late_or_exhausted
ZECUSDT:scenario:8,ZECUSDT,weak_level_rejection,short,R:resistance:12269:g1,"[""structural_level"",""R:resistance:12269:g1""]:approach","[""structural_level"",""R:resistance:12269:g1""]:approach",2026-09-26T23:06:11.044+03:00,78089,85369,False,False,False,False,0,0,0,,,INVALIDATED,price_left_preparation_area,late_or_exhausted
ENAUSDT:scenario:6,ENAUSDT,weak_level_rejection,long,S:support:-2178:g1,"[""structural_level"",""S:support:-2178:g1""]:approach","[""structural_level"",""S:support:-2178:g1""]:approach",2026-09-26T23:06:19.773+03:00,78461,81914,False,False,False,False,0,0,0,,,INVALIDATED,price_left_preparation_area,late_or_exhausted
ETHUSDT:scenario:2,ETHUSDT,level_breakout,short,S:support:13162:g1,"[""structural_level"",""S:support:13162:g1""]:cross:quote:1790451811107:6","[""structural_level"",""S:support:13162:g1""]:cross:quote:1790451811107:6",2026-09-26T23:06:58.192+03:00,79868,83496,True,False,False,False,0,0,0,,,INVALIDATED,price_left_preparation_area,late_or_exhausted
BTCUSDT:scenario:8,BTCUSDT,level_breakout,short,S:support:18903:g1,"[""structural_level"",""S:support:18903:g1""]:cross:quote:1790452337376:4","[""structural_level"",""S:support:18903:g1""]:cross:quote:1790452337376:4",2026-09-26T23:06:59.720+03:00,79976,85048,True,False,False,False,0,0,0,,,INVALIDATED,price_left_preparation_area,late_or_exhausted
XRPUSDT:scenario:4,XRPUSDT,weak_level_rejection,long,S:support:697:g1,"[""structural_level"",""S:support:697:g1""]:failed:quote:1790451604357:3","[""structural_level"",""S:support:697:g1""]:failed:quote:1790451604357:3",2026-09-26T23:07:07.049+03:00,80214,84028,False,False,False,False,0,0,0,,,INVALIDATED,assigned_object_no_longer_preparable,trigger_not_met
ENAUSDT:scenario:7,ENAUSDT,weak_level_rejection,long,S:support:-2178:g1,"[""structural_level"",""S:support:-2178:g1""]:failed:quote:1790453314424:1","[""structural_level"",""S:support:-2178:g1""]:failed:quote:1790453314424:1",2026-09-26T23:08:35.631+03:00,83856,86704,True,True,False,False,2,0,13,83905;83916;83960;83979;83991;84001;84007;84020;84037;84041;84050;84058;84076,economic_gate: winner_cost_share 2.806 > maximum 0.350 | economic_gate: winner_cost_share 1.685 > maximum 0.350 | economic_gate: winner_cost_share 1.440 > maximum 0.350 | economic_gate: winner_cost_share 2.495 > maximum 0.350 | economic_gate: winner_cost_share 3.138 > maximum 0.350 | economic_gate: winner_cost_share 3.084 > maximum 0.350 | economic_gate: winner_cost_share 3.079 > maximum 0.350 | economic_gate: winner_cost_share 3.077 > maximum 0.350 | economic_gate: winner_cost_share 3.068 > maximum 0.350 | economic_gate: winner_cost_share 3.070 > maximum 0.350 | economic_gate: winner_cost_share 3.067 > maximum 0.350 | economic_gate: winner_cost_share 1.772 > maximum 0.350 | economic_gate: winner_cost_share 1.753 > maximum 0.350,EXPIRED,scenario_expired,economics_reject
XRPUSDT:scenario:5,XRPUSDT,level_breakout,short,S:previous_day_low:696:g1,"[""structural_level"",""S:previous_day_low:696:g1""]:approach","[""structural_level"",""S:previous_day_low:696:g1""]:cross:quote:1790453348145:1",2026-09-26T23:08:44.780+03:00,84194,85149,True,False,False,False,0,1,0,,,INVALIDATED,observed_failed_break_changed_market_basis,trigger_not_met
SOLUSDT:scenario:9,SOLUSDT,level_breakout,short,S:support:7993:g1,"[""structural_level"",""S:support:7993:g1""]:approach","[""structural_level"",""S:support:7993:g1""]:approach",2026-09-26T23:08:59.093+03:00,84742,85862,True,False,False,False,0,0,0,,,INVALIDATED,price_left_preparation_area,late_or_exhausted
BTCUSDT:scenario:9,BTCUSDT,level_breakout,long,R:resistance:18902:g1,"[""structural_level"",""R:resistance:18902:g1""]:cross:quote:1790453164478:1","[""structural_level"",""R:resistance:18902:g1""]:cross:quote:1790453164478:1",2026-09-26T23:09:05.863+03:00,85098,85927,True,False,False,False,0,0,0,,,INVALIDATED,price_left_preparation_area,late_or_exhausted
XRPUSDT:scenario:6,XRPUSDT,weak_level_rejection,long,S:previous_day_low:696:g1,"[""structural_level"",""S:previous_day_low:696:g1""]:failed:quote:1790453348145:1","[""structural_level"",""S:previous_day_low:696:g1""]:failed:quote:1790453348145:1",2026-09-26T23:09:07.684+03:00,85182,85803,True,False,False,False,0,0,0,,,INVALIDATED,price_left_preparation_area,late_or_exhausted
ZECUSDT:scenario:9,ZECUSDT,level_breakout,long,R:resistance:12266:g1,"[""structural_level"",""R:resistance:12266:g1""]:approach","[""structural_level"",""R:resistance:12266:g1""]:approach",2026-09-26T23:09:11.160+03:00,85376,85923,True,False,False,False,0,0,0,,,INVALIDATED,price_left_preparation_area,late_or_exhausted
ETHUSDT:scenario:3,ETHUSDT,level_breakout,short,S:support:13159:g1,"[""structural_level"",""S:support:13159:g1""]:approach","[""structural_level"",""S:support:13159:g1""]:approach",2026-09-26T23:09:11.861+03:00,85421,90746,True,False,False,False,0,0,0,,,INVALIDATED,price_left_preparation_area,late_or_exhausted
XRPUSDT:scenario:7,XRPUSDT,level_breakout,short,S:day_low:2026-09-26:g1,"[""structural_level"",""S:day_low:2026-09-26:g1""]:cross:quote:1790453356853:3","[""structural_level"",""S:day_low:2026-09-26:g1""]:cross:quote:1790453356853:3",2026-09-26T23:09:26.044+03:00,86216,90556,True,True,False,False,1,0,1,87764,economic_safety: impulse first take cannot cover planned costs/profit floor,EXPIRED,scenario_expired,late_or_exhausted
SOLUSDT:scenario:10,SOLUSDT,weak_level_rejection,long,S:support:7992:g1,"[""structural_level"",""S:support:7992:g1""]:failed:quote:1790453360167:1","[""structural_level"",""S:support:7992:g1""]:failed:quote:1790453360167:1",2026-09-26T23:09:31.197+03:00,86438,89364,True,False,False,False,0,0,0,,,INVALIDATED,price_left_preparation_area,late_or_exhausted
ZECUSDT:scenario:10,ZECUSDT,level_breakout,long,R:resistance:12266:g1,"[""structural_level"",""R:resistance:12266:g1""]:approach","[""structural_level"",""R:resistance:12266:g1""]:approach",2026-09-26T23:10:02.299+03:00,87928,99277,True,False,False,False,0,0,0,,,INVALIDATED,assigned_market_object_disappeared,trigger_not_met
BTCUSDT:scenario:10,BTCUSDT,level_breakout,long,R:resistance:18902:g1,"[""structural_level"",""R:resistance:18902:g1""]:cross:quote:1790453164478:1","[""structural_level"",""R:resistance:18902:g1""]:cross:quote:1790453164478:1",2026-09-26T23:10:35.939+03:00,89392,100850,True,False,False,False,0,0,0,,,EXPIRED,scenario_expired,trigger_not_met
SOLUSDT:scenario:11,SOLUSDT,level_breakout,short,S:support:7993:g1,"[""structural_level"",""S:support:7993:g1""]:cross:quote:1790453368413:4","[""structural_level"",""S:support:7993:g1""]:cross:quote:1790453368413:4",2026-09-26T23:10:36.270+03:00,89413,99577,True,False,False,False,0,0,0,,,INVALIDATED,price_left_preparation_area,late_or_exhausted
ENAUSDT:scenario:8,ENAUSDT,weak_level_rejection,long,S:support:-2183:g1,"[""structural_level"",""S:support:-2183:g1""]:approach","[""structural_level"",""S:support:-2183:g1""]:approach",2026-09-26T23:12:58.546+03:00,94779,96978,False,False,False,False,0,0,0,,,INVALIDATED,assigned_market_object_disappeared,trigger_not_met
ETHUSDT:scenario:4,ETHUSDT,level_breakout,short,S:support:13159:g1,"[""structural_level"",""S:support:13159:g1""]:approach","[""structural_level"",""S:support:13159:g1""]:approach",2026-09-26T23:13:13.041+03:00,95294,107365,True,False,False,False,0,0,0,,,EXPIRED,scenario_expired,trigger_not_met
ENAUSDT:scenario:9,ENAUSDT,weak_level_rejection,short,R:resistance:-2175:g1,"[""structural_level"",""R:resistance:-2175:g1""]:approach","[""structural_level"",""R:resistance:-2175:g1""]:approach",2026-09-26T23:13:58.551+03:00,96982,100537,False,False,False,False,0,0,0,,,INVALIDATED,assigned_object_no_longer_preparable,trigger_not_met
NEARUSDT:scenario:10,NEARUSDT,level_breakout,long,R:resistance:2632:g1,"[""structural_level"",""R:resistance:2632:g1""]:failed:quote:1790453267609:11","[""structural_level"",""R:resistance:2632:g1""]:failed:quote:1790453267609:11",2026-09-26T23:14:27.730+03:00,98067,107241,True,False,False,False,0,0,0,,,INVALIDATED,price_left_preparation_area,late_or_exhausted
ZECUSDT:scenario:11,ZECUSDT,weak_level_rejection,short,R:resistance:12267:g1,"[""structural_level"",""R:resistance:12267:g1""]:approach","[""structural_level"",""R:resistance:12267:g1""]:approach",2026-09-26T23:15:07.435+03:00,99595,111727,True,False,False,False,0,0,0,,,EXPIRED,scenario_expired,trigger_not_met
SOLUSDT:scenario:12,SOLUSDT,weak_level_rejection,short,R:resistance:7995:g1,"[""structural_level"",""R:resistance:7995:g1""]:cross:quote:1790453709261:1","[""structural_level"",""R:resistance:7995:g1""]:cross:quote:1790453709261:1",2026-09-26T23:15:07.690+03:00,99614,111750,True,False,False,False,0,0,0,,,EXPIRED,scenario_expired,trigger_not_met
ENAUSDT:scenario:10,ENAUSDT,weak_level_rejection,long,S:support:-2188:g1,"[""structural_level"",""S:support:-2188:g1""]:approach","[""structural_level"",""S:support:-2188:g1""]:approach",2026-09-26T23:15:28.679+03:00,100543,102052,False,False,False,False,0,0,0,,,INVALIDATED,assigned_object_no_longer_preparable,trigger_not_met
BTCUSDT:scenario:11,BTCUSDT,level_breakout,short,S:support:18903:g1,"[""structural_level"",""S:support:18903:g1""]:cross:quote:1790453361765:5","[""structural_level"",""S:support:18903:g1""]:cross:quote:1790453361765:5",2026-09-26T23:15:58.482+03:00,101705,109517,True,False,False,False,0,0,0,,,INVALIDATED,price_left_preparation_area,late_or_exhausted
ENAUSDT:scenario:11,ENAUSDT,weak_level_rejection,short,R:resistance:-2175:g1,"[""structural_level"",""R:resistance:-2175:g1""]:approach","[""structural_level"",""R:resistance:-2175:g1""]:approach",2026-09-26T23:16:07.197+03:00,102058,113904,False,False,False,False,0,0,0,,,EXPIRED,scenario_expired,trigger_not_met
NEARUSDT:scenario:11,NEARUSDT,level_breakout,short,S:support:2621:g1,"[""structural_level"",""S:support:2621:g1""]:approach","[""structural_level"",""S:support:2621:g1""]:approach",2026-09-26T23:18:10.899+03:00,107270,118739,True,False,False,False,0,0,0,,,EXPIRED,scenario_expired,trigger_not_met
ZECUSDT:scenario:12,ZECUSDT,weak_level_rejection,short,R:resistance:12269:g1,"[""structural_level"",""R:resistance:12269:g1""]:approach","[""structural_level"",""R:resistance:12269:g1""]:approach",2026-09-26T23:20:08.014+03:00,111743,113596,False,False,False,False,0,0,0,,,INVALIDATED,price_left_preparation_area,late_or_exhausted
SOLUSDT:scenario:13,SOLUSDT,level_breakout,short,S:support:7993:g1,"[""structural_level"",""S:support:7993:g1""]:failed:quote:1790453368413:4","[""structural_level"",""S:support:7993:g1""]:failed:quote:1790453368413:4",2026-09-26T23:20:08.943+03:00,111778,121775,True,False,False,False,0,0,0,,,INVALIDATED,price_left_preparation_area,late_or_exhausted
BTCUSDT:scenario:12,BTCUSDT,level_breakout,short,S:support:18903:g1,"[""structural_level"",""S:support:18903:g1""]:failed:quote:1790453361765:5","[""structural_level"",""S:support:18903:g1""]:failed:quote:1790453361765:5",2026-09-26T23:20:58.490+03:00,113534,124555,True,False,False,False,0,0,0,,,INVALIDATED,price_left_preparation_area,late_or_exhausted
XRPUSDT:scenario:8,XRPUSDT,weak_level_rejection,short,R:resistance:699:g1,"[""structural_level"",""R:resistance:699:g1""]:approach","[""structural_level"",""R:resistance:699:g1""]:approach",2026-09-26T23:20:58.809+03:00,113556,123443,False,False,False,False,0,0,0,,,INVALIDATED,assigned_market_object_disappeared,trigger_not_met
ZECUSDT:scenario:13,ZECUSDT,level_breakout,long,R:resistance:12261:g1,"[""structural_level"",""R:resistance:12261:g1""]:cross:quote:1790453993591:15","[""structural_level"",""R:resistance:12261:g1""]:cross:quote:1790453993591:15",2026-09-26T23:20:59.915+03:00,113603,115682,True,False,False,False,0,0,0,,,INVALIDATED,price_left_preparation_area,late_or_exhausted
ENAUSDT:scenario:12,ENAUSDT,weak_level_rejection,long,S:support:-2188:g1,"[""structural_level"",""S:support:-2188:g1""]:approach","[""structural_level"",""S:support:-2188:g1""]:approach",2026-09-26T23:21:07.432+03:00,113915,126541,False,False,False,False,0,0,0,,,EXPIRED,scenario_expired,trigger_not_met
NEARUSDT:scenario:12,NEARUSDT,level_breakout,short,S:support:2624:g1,"[""structural_level"",""S:support:2624:g1""]:failed:quote:1790454057669:3","[""structural_level"",""S:support:2624:g1""]:failed:quote:1790454403867:5",2026-09-26T23:23:11.149+03:00,118751,131905,True,False,False,False,0,3,0,,,EXPIRED,scenario_expired,trigger_not_met
ZECUSDT:scenario:14,ZECUSDT,level_breakout,long,R:resistance:12273:g1,"[""structural_level"",""R:resistance:12273:g1""]:approach","[""structural_level"",""R:resistance:12273:g1""]:cross:quote:1790454314621:2",2026-09-26T23:23:40.742+03:00,119999,125253,True,True,True,True,1,2,0,,,COMPLETED,stop,executed
SOLUSDT:scenario:14,SOLUSDT,level_breakout,long,R:resistance:7996:g1,"[""structural_level"",""R:resistance:7996:g1""]:failed:bar:1790451000000","[""structural_level"",""R:resistance:7996:g1""]:cross:quote:1790454307151:1",2026-09-26T23:24:22.025+03:00,121780,131412,True,True,False,False,1,1,1,130303,invalid stop or target distance,INVALIDATED,price_left_preparation_area,economics_reject
XRPUSDT:scenario:9,XRPUSDT,weak_level_rejection,short,R:resistance:698:g1,"[""structural_level"",""R:resistance:698:g1""]:approach","[""structural_level"",""R:resistance:698:g1""]:cross:quote:1790454479082:6",2026-09-26T23:24:59.650+03:00,123471,136404,True,False,False,False,0,6,0,,,EXPIRED,scenario_expired,trigger_not_met
ENAUSDT:scenario:13,ENAUSDT,weak_level_rejection,short,R:resistance:-2180:g1,"[""structural_level"",""R:resistance:-2180:g1""]:approach","[""structural_level"",""R:resistance:-2180:g1""]:failed:quote:1790454472978:2",2026-09-26T23:26:07.516+03:00,126550,136348,True,False,False,False,0,3,0,,,INVALIDATED,assigned_market_object_disappeared,trigger_not_met
SOLUSDT:scenario:15,SOLUSDT,level_breakout,long,R:resistance:7998:g1,"[""structural_level"",""R:resistance:7998:g1""]:approach","[""structural_level"",""R:resistance:7998:g1""]:approach",2026-09-26T23:28:01.814+03:00,131431,131913,True,False,False,False,0,0,0,,,INVALIDATED,price_left_preparation_area,late_or_exhausted
SOLUSDT:scenario:16,SOLUSDT,level_breakout,long,R:resistance:8001:g1,"[""structural_level"",""R:resistance:8001:g1""]:approach","[""structural_level"",""R:resistance:8001:g1""]:failed:quote:1790454622315:1",2026-09-26T23:28:12.020+03:00,131937,143927,True,False,False,False,0,3,0,,,EXPIRED,scenario_expired,trigger_not_met
ZECUSDT:scenario:15,ZECUSDT,level_breakout,long,R:day_high:2026-09-26:g1,"[""structural_level"",""R:day_high:2026-09-26:g1""]:approach","[""structural_level"",""R:day_high:2026-09-26:g1""]:approach",2026-09-26T23:28:14.400+03:00,132035,133330,True,False,False,False,0,0,0,,,INVALIDATED,price_left_preparation_area,late_or_exhausted
NEARUSDT:scenario:13,NEARUSDT,level_breakout,short,S:support:2624:g1,"[""structural_level"",""S:support:2624:g1""]:cross:quote:1790454525769:6","[""structural_level"",""S:support:2624:g1""]:cross:quote:1790454525769:6",2026-09-26T23:28:43.371+03:00,133274,140202,True,False,False,False,0,0,0,,,INVALIDATED,price_left_preparation_area,late_or_exhausted
ENAUSDT:scenario:14,ENAUSDT,weak_level_rejection,long,S:support:-2191:g1,"[""structural_level"",""S:support:-2191:g1""]:approach","[""structural_level"",""S:support:-2191:g1""]:approach",2026-09-26T23:30:04.445+03:00,136604,143331,False,False,False,False,0,0,0,,,INVALIDATED,assigned_market_object_disappeared,trigger_not_met
BTCUSDT:scenario:13,BTCUSDT,level_breakout,long,R:resistance:18904:g1,"[""structural_level"",""R:resistance:18904:g1""]:approach","[""structural_level"",""R:resistance:18904:g1""]:approach",2026-09-26T23:30:19.750+03:00,137152,149069,True,False,False,False,0,0,0,,,EXPIRED,scenario_expired,trigger_not_met
NEARUSDT:scenario:14,NEARUSDT,level_breakout,short,S:support:2617:g1,"[""structural_level"",""S:support:2617:g1""]:failed:quote:1790451505213:2","[""structural_level"",""S:support:2617:g1""]:cross:quote:1790454855185:3",2026-09-26T23:31:41.519+03:00,140234,151865,True,False,False,False,0,1,0,,,EXPIRED,scenario_expired,trigger_not_met
ZECUSDT:scenario:16,ZECUSDT,level_breakout,long,R:day_high:2026-09-26:g1,"[""structural_level"",""R:day_high:2026-09-26:g1""]:approach","[""structural_level"",""R:day_high:2026-09-26:g1""]:approach",2026-09-26T23:32:58.890+03:00,143349,150456,True,False,False,False,0,0,0,,,INVALIDATED,price_left_preparation_area,late_or_exhausted
ZECUSDT:scenario:17,ZECUSDT,weak_level_rejection,short,R:resistance:12283:g1,"[""structural_level"",""R:resistance:12283:g1""]:failed:quote:1790454782886:2","[""structural_level"",""R:resistance:12283:g1""]:failed:quote:1790454782886:2",2026-09-26T23:35:59.289+03:00,150460,158310,False,False,False,False,0,0,0,,,INVALIDATED,price_left_preparation_area,late_or_exhausted
NEARUSDT:scenario:15,NEARUSDT,weak_level_rejection,long,S:support:2614:g1,"[""structural_level"",""S:support:2614:g1""]:failed:quote:1790454851876:2","[""structural_level"",""S:support:2614:g1""]:failed:quote:1790454851876:2",2026-09-26T23:36:42.470+03:00,151890,152585,False,False,False,False,0,0,0,,,INVALIDATED,assigned_object_no_longer_preparable,trigger_not_met
NEARUSDT:scenario:16,NEARUSDT,weak_level_rejection,long,S:support:2611:g1,"[""structural_level"",""S:support:2611:g1""]:approach","[""structural_level"",""S:support:2611:g1""]:approach",2026-09-26T23:37:03.310+03:00,152623,155412,False,False,False,False,0,0,0,,,INVALIDATED,assigned_object_no_longer_preparable,trigger_not_met
NEARUSDT:scenario:17,NEARUSDT,level_breakout,short,S:support:2617:g1,"[""structural_level"",""S:support:2617:g1""]:cross:quote:1790455102852:6","[""structural_level"",""S:support:2617:g1""]:cross:quote:1790455158851:9",2026-09-26T23:38:21.288+03:00,155448,158458,True,False,False,False,0,3,0,,,INVALIDATED,price_left_preparation_area,late_or_exhausted
ENAUSDT:scenario:15,ENAUSDT,level_breakout,short,S:support:-2191:g1,"[""structural_level"",""S:support:-2191:g1""]:cross:quote:1790455160786:1","[""structural_level"",""S:support:-2191:g1""]:cross:quote:1790455167508:3",2026-09-26T23:39:18.379+03:00,157503,158707,True,True,False,False,2,2,11,158284;158302;158334;158357;158379;158400;158420;158453;158541;158548;158565,economic_gate: winner_cost_share 0.395 > maximum 0.350 | economic_safety: absolute_net_reward_risk: net reward/risk 0.3886 < hard minimum 1.0000 | economic_safety: absolute_net_reward_risk: net reward/risk 0.4232 < hard minimum 1.0000 | economic_safety: absolute_net_reward_risk: net reward/risk 0.4599 < hard minimum 1.0000 | economic_safety: absolute_net_reward_risk: net reward/risk 0.4877 < hard minimum 1.0000 | economic_safety: absolute_net_reward_risk: net reward/risk 0.4831 < hard minimum 1.0000 | economic_safety: absolute_net_reward_risk: net reward/risk 0.4804 < hard minimum 1.0000 | economic_safety: absolute_net_reward_risk: net reward/risk 0.4810 < hard minimum 1.0000 | economic_safety: absolute_net_reward_risk: net reward/risk 0.4799 < hard minimum 1.0000 | economic_safety: absolute_net_reward_risk: net reward/risk 0.4798 < hard minimum 1.0000 | economic_safety: absolute_net_reward_risk: net reward/risk 0.4814 < hard minimum 1.0000,INVALIDATED,new_market_episode_requires_reassessment,economics_reject
BTCUSDT:scenario:14,BTCUSDT,level_breakout,short,S:support:18903:g1,"[""structural_level"",""S:support:18903:g1""]:failed:quote:1790453361765:5","[""structural_level"",""S:support:18903:g1""]:failed:quote:1790453361765:5",2026-09-26T23:39:38.532+03:00,158360,158883,True,False,False,False,0,0,0,,,INVALIDATED,price_left_preparation_area,late_or_exhausted
ETHUSDT:scenario:5,ETHUSDT,level_breakout,short,S:support:13158:g1,"[""structural_level"",""S:support:13158:g1""]:approach","[""structural_level"",""S:support:13158:g1""]:approach",2026-09-26T23:39:39.728+03:00,158440,158887,True,False,False,False,0,0,0,,,INVALIDATED,price_left_preparation_area,late_or_exhausted
ENAUSDT:scenario:16,ENAUSDT,level_breakout,short,S:support:-2191:g1,"[""structural_level"",""S:support:-2191:g1""]:cross:quote:1790455186766:4","[""structural_level"",""S:support:-2191:g1""]:cross:quote:1790455186766:4",2026-09-26T23:39:44.417+03:00,158712,159008,True,True,False,False,1,0,5,158874;158876;158902;158923;158940,economic_gate: winner_cost_share 0.518 > maximum 0.350 | economic_safety: impulse first take cannot cover planned costs/profit floor | economic_gate: winner_cost_share 0.606 > maximum 0.350 | economic_gate: winner_cost_share 0.599 > maximum 0.350,EXPIRED,frozen movement budget exhausted,economics_reject
SOLUSDT:scenario:17,SOLUSDT,level_breakout,short,S:support:7993:g1,"[""structural_level"",""S:support:7993:g1""]:failed:quote:1790453368413:4","[""structural_level"",""S:support:7993:g1""]:cross:quote:1790455218954:7",2026-09-26T23:39:48.029+03:00,158919,161102,True,False,False,False,0,3,0,,,INVALIDATED,price_left_preparation_area,late_or_exhausted
ETHUSDT:scenario:6,ETHUSDT,level_breakout,short,S:day_low:2026-09-26:g1,"[""structural_level"",""S:day_low:2026-09-26:g1""]:cross:quote:1790455189985:1","[""structural_level"",""S:day_low:2026-09-26:g1""]:cross:quote:1790455189985:1",2026-09-26T23:39:48.402+03:00,158945,159029,True,False,False,False,0,0,0,,,INVALIDATED,price_left_preparation_area,late_or_exhausted
XRPUSDT:scenario:10,XRPUSDT,weak_level_rejection,long,S:day_low:2026-09-26:g1,"[""structural_level"",""S:day_low:2026-09-26:g1""]:failed:quote:1790453356853:3","[""structural_level"",""S:day_low:2026-09-26:g1""]:failed:quote:1790455206111:7",2026-09-26T23:39:51.786+03:00,159133,161146,True,True,False,False,3,3,12,160152;160164;160182;160199;160224;160239;160353;160362;160387;160402;160420;160473,economic_gate: winner_cost_share 0.528 > maximum 0.350 | economic_gate: winner_cost_share 0.530 > maximum 0.350 | economic_gate: winner_cost_share 0.548 > maximum 0.350 | economic_gate: winner_cost_share 0.521 > maximum 0.350 | economic_gate: winner_cost_share 0.543 > maximum 0.350 | economic_gate: winner_cost_share 0.544 > maximum 0.350 | economic_gate: winner_cost_share 0.538 > maximum 0.350 | economic_gate: winner_cost_share 0.513 > maximum 0.350,INVALIDATED,price_left_preparation_area,economics_reject
ETHUSDT:scenario:7,ETHUSDT,weak_level_rejection,long,S:day_low:2026-09-26:g1,"[""structural_level"",""S:day_low:2026-09-26:g1""]:failed:quote:1790455189985:1","[""structural_level"",""S:day_low:2026-09-26:g1""]:failed:quote:1790455204508:2",2026-09-26T23:39:59.111+03:00,159575,160108,True,True,False,False,1,1,0,,,EXPIRED,frozen movement budget exhausted,late_or_exhausted
ENAUSDT:scenario:17,ENAUSDT,weak_level_rejection,long,S:support:-2198:g1,"[""structural_level"",""S:support:-2198:g1""]:failed:quote:1790455203762:1","[""structural_level"",""S:support:-2198:g1""]:failed:quote:1790455207746:4",2026-09-26T23:40:01.698+03:00,159741,161118,True,True,True,True,1,1,0,,,COMPLETED,stop,executed
BTCUSDT:scenario:15,BTCUSDT,level_breakout,short,S:support:18901:g1,"[""structural_level"",""S:support:18901:g1""]:approach","[""structural_level"",""S:support:18901:g1""]:approach",2026-09-26T23:40:02.531+03:00,159804,160576,True,False,False,False,0,0,0,,,INVALIDATED,price_left_preparation_area,late_or_exhausted
ETHUSDT:scenario:8,ETHUSDT,weak_level_rejection,long,S:day_low:2026-09-26:g1,"[""structural_level"",""S:day_low:2026-09-26:g1""]:failed:quote:1790455204508:2","[""structural_level"",""S:day_low:2026-09-26:g1""]:failed:quote:1790455204508:2",2026-09-26T23:40:14.496+03:00,160592,161270,True,False,False,False,0,0,0,,,INVALIDATED,price_left_preparation_area,late_or_exhausted
XRPUSDT:scenario:11,XRPUSDT,level_breakout,short,S:day_low:2026-09-26:g1,"[""structural_level"",""S:day_low:2026-09-26:g1""]:cross:quote:1790455223467:8","[""structural_level"",""S:day_low:2026-09-26:g1""]:cross:quote:1790455223467:8",2026-09-26T23:40:25.388+03:00,161245,161347,True,True,False,False,1,0,0,,,EXPIRED,frozen movement budget exhausted,late_or_exhausted
XRPUSDT:scenario:12,XRPUSDT,level_breakout,short,S:day_low:2026-09-26:g1,"[""structural_level"",""S:day_low:2026-09-26:g1""]:cross:quote:1790455223467:8","[""structural_level"",""S:day_low:2026-09-26:g1""]:cross:quote:1790455223467:8",2026-09-26T23:40:29.724+03:00,161448,161717,True,False,False,False,0,0,0,,,INVALIDATED,observed_failed_break_changed_market_basis,trigger_not_met
ENAUSDT:scenario:18,ENAUSDT,weak_level_rejection,long,S:support:-2198:g1,"[""structural_level"",""S:support:-2198:g1""]:failed:quote:1790455225479:5","[""structural_level"",""S:support:-2198:g1""]:failed:quote:1790455235599:7",2026-09-26T23:40:30.021+03:00,161466,172825,True,False,False,False,0,1,0,,,INVALIDATED,price_left_preparation_area,late_or_exhausted
ETHUSDT:scenario:9,ETHUSDT,weak_level_rejection,long,S:day_low:2026-09-26:g1,"[""structural_level"",""S:day_low:2026-09-26:g1""]:failed:quote:1790455225459:3","[""structural_level"",""S:day_low:2026-09-26:g1""]:failed:quote:1790455233775:4",2026-09-26T23:40:30.136+03:00,161477,161709,True,True,False,False,1,1,0,,,EXPIRED,frozen movement budget exhausted,late_or_exhausted
BTCUSDT:scenario:16,BTCUSDT,level_breakout,short,S:support:18901:g1,"[""structural_level"",""S:support:18901:g1""]:approach","[""structural_level"",""S:support:18901:g1""]:approach",2026-09-26T23:40:33.885+03:00,161732,162807,True,False,False,False,0,0,0,,,INVALIDATED,price_left_preparation_area,late_or_exhausted
XRPUSDT:scenario:13,XRPUSDT,weak_level_rejection,long,S:day_low:2026-09-26:g1,"[""structural_level"",""S:day_low:2026-09-26:g1""]:failed:quote:1790455223467:8","[""structural_level"",""S:day_low:2026-09-26:g1""]:failed:quote:1790455238123:11",2026-09-26T23:40:34.526+03:00,161771,162005,True,True,True,True,1,1,1,161915,economic_safety: absolute_net_reward_risk: net reward/risk 0.9175 < hard minimum 1.0000,COMPLETED,stop,executed
ETHUSDT:scenario:10,ETHUSDT,weak_level_rejection,long,S:day_low:2026-09-26:g1,"[""structural_level"",""S:day_low:2026-09-26:g1""]:failed:quote:1790455233775:4","[""structural_level"",""S:day_low:2026-09-26:g1""]:failed:quote:1790455233775:4",2026-09-26T23:40:35.297+03:00,161828,162236,True,False,False,False,0,0,0,,,INVALIDATED,price_left_preparation_area,late_or_exhausted
XRPUSDT:scenario:14,XRPUSDT,level_breakout,short,S:day_low:2026-09-26:g1,"[""structural_level"",""S:day_low:2026-09-26:g1""]:cross:quote:1790455241089:12","[""structural_level"",""S:day_low:2026-09-26:g1""]:cross:quote:1790455241089:12",2026-09-26T23:40:38.659+03:00,162013,162141,True,False,False,False,0,0,0,,,INVALIDATED,observed_failed_break_changed_market_basis,trigger_not_met
XRPUSDT:scenario:15,XRPUSDT,weak_level_rejection,long,S:day_low:2026-09-26:g1,"[""structural_level"",""S:day_low:2026-09-26:g1""]:failed:quote:1790455241089:12","[""structural_level"",""S:day_low:2026-09-26:g1""]:failed:quote:1790455249874:13",2026-09-26T23:40:40.800+03:00,162150,163117,True,False,False,False,0,1,0,,,INVALIDATED,price_left_preparation_area,late_or_exhausted
ETHUSDT:scenario:11,ETHUSDT,weak_level_rejection,long,S:day_low:2026-09-26:g1,"[""structural_level"",""S:day_low:2026-09-26:g1""]:failed:quote:1790455233775:4","[""structural_level"",""S:day_low:2026-09-26:g1""]:failed:quote:1790455233775:4",2026-09-26T23:40:43.972+03:00,162322,162684,True,False,False,False,0,0,0,,,INVALIDATED,price_left_preparation_area,late_or_exhausted
ETHUSDT:scenario:12,ETHUSDT,weak_level_rejection,long,S:day_low:2026-09-26:g1,"[""structural_level"",""S:day_low:2026-09-26:g1""]:failed:quote:1790455249899:5","[""structural_level"",""S:day_low:2026-09-26:g1""]:failed:quote:1790455249899:5",2026-09-26T23:40:59.864+03:00,163142,163204,False,False,False,False,0,0,0,,,INVALIDATED,price_left_preparation_area,late_or_exhausted
ETHUSDT:scenario:13,ETHUSDT,weak_level_rejection,long,S:day_low:2026-09-26:g1,"[""structural_level"",""S:day_low:2026-09-26:g1""]:failed:bar:1790455260000","[""structural_level"",""S:day_low:2026-09-26:g1""]:failed:quote:1790455272916:6",2026-09-26T23:41:10.393+03:00,163582,163725,True,False,False,False,0,1,0,,,INVALIDATED,price_left_preparation_area,late_or_exhausted
BTCUSDT:scenario:17,BTCUSDT,level_breakout,short,S:support:18900:g1,"[""structural_level"",""S:support:18900:g1""]:approach","[""structural_level"",""S:support:18900:g1""]:approach",2026-09-26T23:41:12.643+03:00,163681,163948,True,False,False,False,0,0,0,,,INVALIDATED,price_left_preparation_area,late_or_exhausted
SOLUSDT:scenario:18,SOLUSDT,level_breakout,short,S:support:7984:g1,"[""structural_level"",""S:support:7984:g1""]:approach","[""structural_level"",""S:support:7984:g1""]:approach",2026-09-26T23:41:13.114+03:00,163705,164240,True,False,False,False,0,0,0,,,INVALIDATED,price_left_preparation_area,late_or_exhausted
XRPUSDT:scenario:16,XRPUSDT,weak_level_rejection,long,S:day_low:2026-09-26:g1,"[""structural_level"",""S:day_low:2026-09-26:g1""]:failed:quote:1790455249874:13","[""structural_level"",""S:day_low:2026-09-26:g1""]:failed:quote:1790455249874:13",2026-09-26T23:41:13.545+03:00,163737,164233,False,False,False,False,0,0,0,,,INVALIDATED,price_left_preparation_area,late_or_exhausted
ETHUSDT:scenario:14,ETHUSDT,weak_level_rejection,long,S:previous_day_low:13151:g1,"[""structural_level"",""S:previous_day_low:13151:g1""]:failed:bar:1790455260000","[""structural_level"",""S:previous_day_low:13151:g1""]:failed:quote:1790455276933:1",2026-09-26T23:41:14.235+03:00,163764,163874,True,False,False,False,0,1,0,,,INVALIDATED,price_left_preparation_area,late_or_exhausted
ETHUSDT:scenario:15,ETHUSDT,level_breakout,short,S:support:13151:g1,"[""structural_level"",""S:support:13151:g1""]:approach","[""structural_level"",""S:support:13151:g1""]:approach",2026-09-26T23:41:16.926+03:00,163928,164279,True,False,False,False,0,0,0,,,INVALIDATED,price_left_preparation_area,late_or_exhausted
ETHUSDT:scenario:16,ETHUSDT,level_breakout,short,S:day_low:2026-09-26:g1,"[""structural_level"",""S:day_low:2026-09-26:g1""]:cross:quote:1790455274415:7","[""structural_level"",""S:day_low:2026-09-26:g1""]:cross:quote:1790455274415:7",2026-09-26T23:41:24.535+03:00,164324,164361,True,False,False,False,0,0,0,,,INVALIDATED,observed_failed_break_changed_market_basis,trigger_not_met
BTCUSDT:scenario:18,BTCUSDT,level_breakout,short,S:support:18900:g1,"[""structural_level"",""S:support:18900:g1""]:approach","[""structural_level"",""S:support:18900:g1""]:approach",2026-09-26T23:41:24.976+03:00,164354,165534,True,False,False,False,0,0,0,,,INVALIDATED,price_left_preparation_area,late_or_exhausted
ETHUSDT:scenario:17,ETHUSDT,weak_level_rejection,long,S:day_low:2026-09-26:g1,"[""structural_level"",""S:day_low:2026-09-26:g1""]:failed:quote:1790455274415:7","[""structural_level"",""S:day_low:2026-09-26:g1""]:failed:quote:1790455274415:7",2026-09-26T23:41:25.835+03:00,164414,169623,True,True,True,True,1,0,0,,,COMPLETED,stop,executed
XRPUSDT:scenario:17,XRPUSDT,weak_level_rejection,long,S:day_low:2026-09-26:g1,"[""structural_level"",""S:day_low:2026-09-26:g1""]:failed:quote:1790455249874:13","[""structural_level"",""S:day_low:2026-09-26:g1""]:failed:quote:1790455366606:17",2026-09-26T23:42:32.135+03:00,167365,171822,True,True,False,False,2,4,2,168764;168766,economic_gate: winner_cost_share 0.970 > maximum 0.350 | economic_gate: winner_cost_share 0.935 > maximum 0.350,EXPIRED,scenario_expired,economics_reject
BTCUSDT:scenario:19,BTCUSDT,level_breakout,short,S:support:18900:g1,"[""structural_level"",""S:support:18900:g1""]:approach","[""structural_level"",""S:support:18900:g1""]:approach",2026-09-26T23:42:32.254+03:00,167372,170574,True,False,False,False,0,0,0,,,INVALIDATED,price_left_preparation_area,late_or_exhausted
NEARUSDT:scenario:18,NEARUSDT,level_breakout,short,S:day_low:2026-09-26:g1,"[""structural_level"",""S:day_low:2026-09-26:g1""]:approach","[""structural_level"",""S:day_low:2026-09-26:g1""]:approach",2026-09-26T23:42:34.194+03:00,167506,167890,True,False,False,False,0,0,0,,,INVALIDATED,price_left_preparation_area,late_or_exhausted
SOLUSDT:scenario:19,SOLUSDT,level_breakout,short,S:support:7984:g1,"[""structural_level"",""S:support:7984:g1""]:approach","[""structural_level"",""S:support:7984:g1""]:approach",2026-09-26T23:42:34.783+03:00,167553,174571,True,False,False,False,0,0,0,,,INVALIDATED,price_left_preparation_area,late_or_exhausted
NEARUSDT:scenario:19,NEARUSDT,level_breakout,short,S:day_low:2026-09-26:g1,"[""structural_level"",""S:day_low:2026-09-26:g1""]:approach","[""structural_level"",""S:day_low:2026-09-26:g1""]:cross:quote:1790455432697:1",2026-09-26T23:43:35.991+03:00,170863,171628,True,True,False,False,1,1,0,,,EXPIRED,frozen movement budget exhausted,late_or_exhausted
BTCUSDT:scenario:20,BTCUSDT,level_breakout,short,S:support:18900:g1,"[""structural_level"",""S:support:18900:g1""]:approach","[""structural_level"",""S:support:18900:g1""]:approach",2026-09-26T23:43:48.022+03:00,171445,175176,True,False,False,False,0,0,0,,,INVALIDATED,price_left_preparation_area,late_or_exhausted
BTCUSDT:scenario:21,BTCUSDT,level_breakout,short,S:support:18901:g1,"[""structural_level"",""S:support:18901:g1""]:cross:quote:1790455430447:3","[""structural_level"",""S:support:18901:g1""]:cross:quote:1790455430447:3",2026-09-26T23:45:27.829+03:00,175905,179766,True,False,False,False,0,0,0,,,INVALIDATED,price_left_preparation_area,late_or_exhausted
SOLUSDT:scenario:20,SOLUSDT,level_breakout,short,S:support:7984:g1,"[""structural_level"",""S:support:7984:g1""]:approach","[""structural_level"",""S:support:7984:g1""]:cross:quote:1790455802454:2",2026-09-26T23:47:01.905+03:00,179805,193369,True,False,False,False,0,2,0,,,EXPIRED,scenario_expired,trigger_not_met
BTCUSDT:scenario:22,BTCUSDT,level_breakout,short,S:support:18900:g1,"[""structural_level"",""S:support:18900:g1""]:approach","[""structural_level"",""S:support:18900:g1""]:approach",2026-09-26T23:47:08.982+03:00,180080,181338,True,False,False,False,0,0,0,,,INVALIDATED,price_left_preparation_area,late_or_exhausted
XRPUSDT:scenario:18,XRPUSDT,weak_level_rejection,long,S:day_low:2026-09-26:g1,"[""structural_level"",""S:day_low:2026-09-26:g1""]:failed:quote:1790455366606:17","[""structural_level"",""S:day_low:2026-09-26:g1""]:failed:bar:1790455620000",2026-09-26T23:47:16.289+03:00,180427,194073,True,False,False,False,0,1,0,,,EXPIRED,scenario_expired,trigger_not_met
ETHUSDT:scenario:18,ETHUSDT,level_breakout,short,S:support:13151:g1,"[""structural_level"",""S:support:13151:g1""]:failed:bar:1790455260000","[""structural_level"",""S:support:13151:g1""]:cross:quote:1790455652222:1",2026-09-26T23:47:20.121+03:00,180641,181331,True,False,False,False,0,1,0,,,INVALIDATED,price_left_preparation_area,late_or_exhausted
ETHUSDT:scenario:19,ETHUSDT,level_breakout,short,S:day_low:2026-09-26:g1,"[""structural_level"",""S:day_low:2026-09-26:g1""]:cross:quote:1790455652502:8","[""structural_level"",""S:day_low:2026-09-26:g1""]:cross:quote:1790455652502:8",2026-09-26T23:47:31.730+03:00,181427,181546,True,False,False,False,0,0,0,,,INVALIDATED,observed_failed_break_changed_market_basis,trigger_not_met
ETHUSDT:scenario:20,ETHUSDT,weak_level_rejection,long,S:support:13150:g1,"[""structural_level"",""S:support:13150:g1""]:failed:quote:1790455652502:1","[""structural_level"",""S:support:13150:g1""]:failed:bar:1790455800000",2026-09-26T23:47:34.088+03:00,181590,188373,True,False,False,False,0,1,0,,,INVALIDATED,price_left_preparation_area,late_or_exhausted
BTCUSDT:scenario:23,BTCUSDT,level_breakout,short,S:support:18900:g1,"[""structural_level"",""S:support:18900:g1""]:cross:quote:1790455652583:1","[""structural_level"",""S:support:18900:g1""]:cross:quote:1790455652583:1",2026-09-26T23:47:38.620+03:00,181877,183098,True,False,False,False,0,0,0,,,INVALIDATED,price_left_preparation_area,late_or_exhausted
ZECUSDT:scenario:18,ZECUSDT,weak_level_rejection,long,S:support:12262:g3,"[""structural_level"",""S:support:12262:g3""]:failed:quote:1790455657561:2","[""structural_level"",""S:support:12262:g3""]:failed:quote:1790455657561:2",2026-09-26T23:47:38.642+03:00,181883,195094,True,False,False,False,0,0,0,,,EXPIRED,scenario_expired,trigger_not_met
BTCUSDT:scenario:24,BTCUSDT,level_breakout,short,S:support:18900:g1,"[""structural_level"",""S:support:18900:g1""]:cross:quote:1790455652583:1","[""structural_level"",""S:support:18900:g1""]:cross:quote:1790455652583:1",2026-09-26T23:48:10.640+03:00,183459,184558,True,False,False,False,0,0,0,,,INVALIDATED,price_left_preparation_area,late_or_exhausted
BTCUSDT:scenario:25,BTCUSDT,level_breakout,short,S:support:18900:g1,"[""structural_level"",""S:support:18900:g1""]:cross:quote:1790455652583:1","[""structural_level"",""S:support:18900:g1""]:cross:quote:1790455652583:1",2026-09-26T23:48:54.840+03:00,185034,185987,True,False,False,False,0,0,0,,,INVALIDATED,price_left_preparation_area,late_or_exhausted
BTCUSDT:scenario:26,BTCUSDT,level_breakout,short,S:support:18900:g1,"[""structural_level"",""S:support:18900:g1""]:cross:quote:1790455652583:1","[""structural_level"",""S:support:18900:g1""]:cross:quote:1790455652583:1",2026-09-26T23:49:29.678+03:00,186099,190101,True,False,False,False,0,0,0,,,INVALIDATED,price_left_preparation_area,late_or_exhausted
ENAUSDT:scenario:19,ENAUSDT,weak_level_rejection,long,S:support:-2207:g1,"[""structural_level"",""S:support:-2207:g1""]:approach","[""structural_level"",""S:support:-2207:g1""]:approach",2026-09-26T23:49:58.491+03:00,187038,190035,False,False,False,False,0,0,0,,,INVALIDATED,assigned_object_no_longer_preparable,trigger_not_met
ETHUSDT:scenario:21,ETHUSDT,weak_level_rejection,long,S:previous_day_low:13151:g1,"[""structural_level"",""S:previous_day_low:13151:g1""]:failed:quote:1790455721741:7","[""structural_level"",""S:previous_day_low:13151:g1""]:failed:quote:1790455721741:7",2026-09-26T23:50:28.568+03:00,188411,190071,False,False,False,False,0,0,0,,,INVALIDATED,price_left_preparation_area,late_or_exhausted
NEARUSDT:scenario:20,NEARUSDT,weak_level_rejection,short,R:resistance:2609:g1,"[""structural_level"",""R:resistance:2609:g1""]:approach","[""structural_level"",""R:resistance:2609:g1""]:failed:quote:1790455993529:1",2026-09-26T23:50:58.851+03:00,189804,202816,True,False,False,False,0,1,0,,,EXPIRED,scenario_expired,trigger_not_met
BTCUSDT:scenario:27,BTCUSDT,level_breakout,short,S:support:18900:g1,"[""structural_level"",""S:support:18900:g1""]:cross:quote:1790455652583:1","[""structural_level"",""S:support:18900:g1""]:cross:quote:1790455652583:1",2026-09-26T23:51:03.820+03:00,190155,196495,True,False,False,False,0,0,0,,,INVALIDATED,price_left_preparation_area,late_or_exhausted
ETHUSDT:scenario:22,ETHUSDT,weak_level_rejection,long,S:previous_day_low:13151:g1,"[""structural_level"",""S:previous_day_low:13151:g1""]:failed:quote:1790455721741:7","[""structural_level"",""S:previous_day_low:13151:g1""]:failed:quote:1790455721741:7",2026-09-26T23:51:12.986+03:00,190687,192606,False,False,False,False,0,0,0,,,INVALIDATED,price_left_preparation_area,late_or_exhausted
XRPUSDT:scenario:19,XRPUSDT,weak_level_rejection,short,R:resistance:684:g2,"[""structural_level"",""R:resistance:684:g2""]:failed:bar:1790455620000","[""structural_level"",""R:resistance:684:g2""]:cross:quote:1790455964451:3",2026-09-26T23:52:17.165+03:00,194105,205779,True,False,False,False,0,3,0,,,EXPIRED,scenario_expired,trigger_not_met
ENAUSDT:scenario:20,ENAUSDT,weak_level_rejection,short,R:resistance:-2193:g1,"[""structural_level"",""R:resistance:-2193:g1""]:failed:quote:1790456034186:3","[""structural_level"",""R:resistance:-2193:g1""]:failed:quote:1790456034186:3",2026-09-26T23:53:58.589+03:00,198209,209989,True,False,False,False,0,0,0,,,EXPIRED,scenario_expired,trigger_not_met
BTCUSDT:scenario:28,BTCUSDT,level_breakout,long,R:resistance:18904:g1,"[""structural_level"",""R:resistance:18904:g1""]:approach","[""structural_level"",""R:resistance:18904:g1""]:approach",2026-09-26T23:55:14.456+03:00,201079,213257,True,False,False,False,0,0,0,,,EXPIRED,scenario_expired,trigger_not_met
ZECUSDT:scenario:19,ZECUSDT,level_breakout,short,S:support:12265:g1,"[""structural_level"",""S:support:12265:g1""]:approach","[""structural_level"",""S:support:12265:g1""]:approach",2026-09-26T23:57:21.576+03:00,205929,206216,True,False,False,False,0,0,0,,,INVALIDATED,price_left_preparation_area,late_or_exhausted
SOLUSDT:scenario:21,SOLUSDT,level_breakout,short,S:support:7984:g1,"[""structural_level"",""S:support:7984:g1""]:failed:quote:1790455802454:2","[""structural_level"",""S:support:7984:g1""]:failed:quote:1790455802454:2",2026-09-26T23:57:38.591+03:00,206575,219103,True,False,False,False,0,0,0,,,EXPIRED,scenario_expired,trigger_not_met
ZECUSDT:scenario:20,ZECUSDT,weak_level_rejection,short,R:resistance:12283:g1,"[""structural_level"",""R:resistance:12283:g1""]:failed:quote:1790454782886:2","[""structural_level"",""R:resistance:12283:g1""]:failed:quote:1790454782886:2",2026-09-26T23:57:38.762+03:00,206586,210356,False,False,False,False,0,0,0,,,INVALIDATED,assigned_object_no_longer_preparable,trigger_not_met
NEARUSDT:scenario:21,NEARUSDT,weak_level_rejection,short,R:resistance:2612:g1,"[""structural_level"",""R:resistance:2612:g1""]:approach","[""structural_level"",""R:resistance:2612:g1""]:approach",2026-09-26T23:57:59.082+03:00,207496,209725,False,False,False,False,0,0,0,,,INVALIDATED,assigned_object_no_longer_preparable,trigger_not_met
NEARUSDT:scenario:22,NEARUSDT,weak_level_rejection,short,R:resistance:2611:g1,"[""structural_level"",""R:resistance:2611:g1""]:approach","[""structural_level"",""R:resistance:2611:g1""]:approach",2026-09-26T23:58:58.892+03:00,210002,222306,True,False,False,False,0,0,0,,,INVALIDATED,assigned_market_object_disappeared,trigger_not_met
ZECUSDT:scenario:21,ZECUSDT,level_breakout,long,R:day_high:2026-09-26:g1,"[""structural_level"",""R:day_high:2026-09-26:g1""]:approach","[""structural_level"",""R:day_high:2026-09-26:g1""]:approach",2026-09-26T23:59:07.636+03:00,210365,219448,True,False,False,False,0,0,0,,,INVALIDATED,price_left_preparation_area,late_or_exhausted
ENAUSDT:scenario:21,ENAUSDT,weak_level_rejection,long,S:support:-2194:g1,"[""structural_level"",""S:support:-2194:g1""]:approach","[""structural_level"",""S:support:-2194:g1""]:failed:quote:1790456409602:1",2026-09-26T23:59:58.503+03:00,212540,218167,True,True,False,False,4,2,9,217621;217691;217705;217739;217824;218027;218045;218120;218124,invalid stop or target distance | setup expired: entry drift 8.6 bps > 8.0 bps | setup expired: entry drift 9.0 bps > 8.0 bps | setup expired: entry drift 10.1 bps > 8.0 bps | setup expired: entry drift 12.0 bps > 8.0 bps | setup expired: entry drift 13.1 bps > 8.0 bps,INVALIDATED,price left frozen entry area; no chase after risk refusal,economics_reject
XRPUSDT:scenario:20,XRPUSDT,weak_level_rejection,short,R:resistance:690:g1,"[""structural_level"",""R:resistance:690:g1""]:approach","[""structural_level"",""R:resistance:690:g1""]:failed:quote:1790456550200:8",2026-09-27T00:01:58.771+03:00,217434,229920,True,False,False,False,0,10,0,,,EXPIRED,scenario_expired,trigger_not_met
ENAUSDT:scenario:22,ENAUSDT,weak_level_rejection,short,R:resistance:-2185:g1,"[""structural_level"",""R:resistance:-2185:g1""]:approach","[""structural_level"",""R:resistance:-2185:g1""]:approach",2026-09-27T00:02:16.236+03:00,218179,220988,False,False,False,False,0,0,0,,,INVALIDATED,assigned_object_no_longer_preparable,trigger_not_met
SOLUSDT:scenario:22,SOLUSDT,weak_level_rejection,short,R:resistance:7989:g1,"[""structural_level"",""R:resistance:7989:g1""]:approach","[""structural_level"",""R:resistance:7989:g1""]:cross:quote:1790456633850:1",2026-09-27T00:02:39.621+03:00,219137,231550,True,False,False,False,0,1,0,,,EXPIRED,scenario_expired,trigger_not_met
ETHUSDT:scenario:23,ETHUSDT,weak_level_rejection,short,R:resistance:13157:g1,"[""structural_level"",""R:resistance:13157:g1""]:approach","[""structural_level"",""R:resistance:13157:g1""]:cross:quote:1790456647122:1",2026-09-27T00:03:58.078+03:00,222258,234479,True,False,False,False,0,1,0,,,EXPIRED,scenario_expired,trigger_not_met
ZECUSDT:scenario:22,ZECUSDT,level_breakout,long,R:day_high:2026-09-26:g1,"[""structural_level"",""R:day_high:2026-09-26:g1""]:approach","[""structural_level"",""R:day_high:2026-09-26:g1""]:approach",2026-09-27T00:04:08.937+03:00,222799,233616,True,False,False,False,0,0,0,,,INVALIDATED,observed_failed_break_changed_market_basis,trigger_not_met
ZECUSDT:scenario:23,ZECUSDT,weak_level_rejection,short,R:resistance:12287:g1,"[""structural_level"",""R:resistance:12287:g1""]:failed:bar:1790456880000","[""structural_level"",""R:resistance:12287:g1""]:failed:quote:1790456939558:2",2026-09-27T00:08:36.481+03:00,233620,234766,True,True,True,True,1,1,0,,,COMPLETED,stop,executed
NEARUSDT:scenario:23,NEARUSDT,weak_level_rejection,short,R:resistance:2615:g1,"[""structural_level"",""R:resistance:2615:g1""]:approach","[""structural_level"",""R:resistance:2615:g1""]:cross:quote:1790457142611:5",2026-09-27T00:08:59.284+03:00,234543,247421,True,False,False,False,0,6,0,,,EXPIRED,scenario_expired,trigger_not_met
ZECUSDT:scenario:24,ZECUSDT,weak_level_rejection,short,R:day_high:2026-09-26:g1,"[""structural_level"",""R:day_high:2026-09-26:g1""]:failed:quote:1790456944079:3","[""structural_level"",""R:day_high:2026-09-26:g1""]:failed:quote:1790457022457:5",2026-09-27T00:09:04.820+03:00,234770,247667,True,False,False,False,0,2,0,,,EXPIRED,scenario_expired,trigger_not_met
XRPUSDT:scenario:21,XRPUSDT,weak_level_rejection,short,R:resistance:694:g1,"[""structural_level"",""R:resistance:694:g1""]:approach","[""structural_level"",""R:resistance:694:g1""]:failed:quote:1790457275239:2",2026-09-27T00:09:58.883+03:00,236967,249912,True,False,False,False,0,3,0,,,EXPIRED,scenario_expired,trigger_not_met
SOLUSDT:scenario:23,SOLUSDT,weak_level_rejection,long,S:support:7989:g1,"[""structural_level"",""S:support:7989:g1""]:approach","[""structural_level"",""S:support:7989:g1""]:approach",2026-09-27T00:09:58.984+03:00,236976,249929,True,False,False,False,0,0,0,,,EXPIRED,scenario_expired,trigger_not_met
ETHUSDT:scenario:24,ETHUSDT,weak_level_rejection,short,R:resistance:13159:g2,"[""structural_level"",""R:resistance:13159:g2""]:approach","[""structural_level"",""R:resistance:13159:g2""]:approach",2026-09-27T00:11:16.109+03:00,240330,253162,True,False,False,False,0,0,0,,,EXPIRED,scenario_expired,trigger_not_met
NEARUSDT:scenario:24,NEARUSDT,weak_level_rejection,short,R:resistance:2618:g2,"[""structural_level"",""R:resistance:2618:g2""]:approach","[""structural_level"",""R:resistance:2618:g2""]:cross:quote:1790457411321:4",2026-09-27T00:14:00.264+03:00,247467,260002,True,False,False,False,0,5,0,,,INVALIDATED,assigned_market_object_disappeared,trigger_not_met
XRPUSDT:scenario:22,XRPUSDT,weak_level_rejection,short,R:resistance:694:g1,"[""structural_level"",""R:resistance:694:g1""]:failed:quote:1790457312552:3","[""structural_level"",""R:resistance:694:g1""]:failed:quote:1790457312552:3",2026-09-27T00:15:24.715+03:00,250989,252366,True,False,False,False,0,0,0,,,INVALIDATED,assigned_market_object_disappeared,trigger_not_met
SOLUSDT:scenario:24,SOLUSDT,weak_level_rejection,short,R:resistance:7993:g1,"[""structural_level"",""R:resistance:7993:g1""]:failed:quote:1790451038652:1","[""structural_level"",""R:resistance:7993:g1""]:cross:quote:1790457432091:4",2026-09-27T00:15:58.952+03:00,252381,264904,True,False,False,False,0,4,0,,,EXPIRED,scenario_expired,trigger_not_met
ZECUSDT:scenario:25,ZECUSDT,level_breakout,long,R:day_high:2026-09-26:g1,"[""structural_level"",""R:day_high:2026-09-26:g1""]:cross:quote:1790457372468:6","[""structural_level"",""R:day_high:2026-09-26:g1""]:cross:quote:1790457372468:6",2026-09-27T00:16:10.015+03:00,252898,254819,True,True,False,False,1,0,13,254312;254318;254330;254342;254354;254375;254412;254423;254438;254451;254464;254476;254514,economic_gate: winner_cost_share 1.277 > maximum 0.350 | economic_gate: winner_cost_share 1.020 > maximum 0.350 | economic_gate: winner_cost_share 1.210 > maximum 0.350 | economic_gate: winner_cost_share 1.185 > maximum 0.350 | economic_gate: winner_cost_share 1.213 > maximum 0.350 | economic_gate: winner_cost_share 1.475 > maximum 0.350 | economic_gate: winner_cost_share 1.036 > maximum 0.350 | economic_gate: winner_cost_share 1.339 > maximum 0.350 | economic_gate: winner_cost_share 1.370 > maximum 0.350 | economic_gate: winner_cost_share 1.001 > maximum 0.350 | economic_gate: winner_cost_share 0.892 > maximum 0.350 | economic_gate: winner_cost_share 1.009 > maximum 0.350 | economic_gate: winner_cost_share 1.078 > maximum 0.350,INVALIDATED,observed_failed_break_changed_market_basis,economics_reject
ZECUSDT:scenario:26,ZECUSDT,weak_level_rejection,short,R:day_high:2026-09-26:g1,"[""structural_level"",""R:day_high:2026-09-26:g1""]:failed:quote:1790457372468:6","[""structural_level"",""R:day_high:2026-09-26:g1""]:failed:quote:1790457433900:7",2026-09-27T00:16:59.184+03:00,254831,256060,True,False,False,False,0,1,0,,,INVALIDATED,price_left_preparation_area,late_or_exhausted
ENAUSDT:scenario:23,ENAUSDT,level_breakout,long,R:resistance:-2185:g1,"[""structural_level"",""R:resistance:-2185:g1""]:approach","[""structural_level"",""R:resistance:-2185:g1""]:approach",2026-09-27T00:17:19.636+03:00,255658,268045,True,False,False,False,0,0,0,,,EXPIRED,scenario_expired,trigger_not_met
ZECUSDT:scenario:27,ZECUSDT,level_breakout,long,R:day_high:2026-09-26:g1,"[""structural_level"",""R:day_high:2026-09-26:g1""]:cross:quote:1790457439532:8","[""structural_level"",""R:day_high:2026-09-26:g1""]:cross:quote:1790457439532:8",2026-09-27T00:17:42.981+03:00,256678,257004,True,True,False,False,1,0,0,,,EXPIRED,frozen movement budget exhausted,late_or_exhausted
ZECUSDT:scenario:28,ZECUSDT,weak_level_rejection,short,R:day_high:2026-09-26:g1,"[""structural_level"",""R:day_high:2026-09-26:g1""]:failed:quote:1790457439532:8","[""structural_level"",""R:day_high:2026-09-26:g1""]:failed:bar:1790457720000",2026-09-27T00:17:58.889+03:00,257382,268512,True,False,False,False,0,2,0,,,INVALIDATED,price_left_preparation_area,late_or_exhausted
NEARUSDT:scenario:25,NEARUSDT,level_breakout,long,R:resistance:2627:g1,"[""structural_level"",""R:resistance:2627:g1""]:failed:quote:1790452088038:2","[""structural_level"",""R:resistance:2627:g1""]:cross:quote:1790457838802:4",2026-09-27T00:19:55.685+03:00,262327,272368,True,True,False,False,1,2,1,272330,invalid stop or target distance,INVALIDATED,price left frozen entry area; no chase after risk refusal,economics_reject
ZECUSDT:scenario:29,ZECUSDT,level_breakout,long,R:previous_day_high:12327:g1,"[""structural_level"",""R:previous_day_high:12327:g1""]:approach","[""structural_level"",""R:previous_day_high:12327:g1""]:approach",2026-09-27T00:22:31.145+03:00,268526,268612,True,False,False,False,0,0,0,,,INVALIDATED,price_left_preparation_area,late_or_exhausted
ZECUSDT:scenario:30,ZECUSDT,level_breakout,long,R:day_high:2026-09-26:g1,"[""structural_level"",""R:day_high:2026-09-26:g1""]:cross:quote:1790457753463:10","[""structural_level"",""R:day_high:2026-09-26:g1""]:cross:quote:1790457753463:10",2026-09-27T00:22:33.103+03:00,268618,268889,True,True,False,False,1,0,0,,,EXPIRED,frozen movement budget exhausted,late_or_exhausted
ZECUSDT:scenario:31,ZECUSDT,level_breakout,long,R:previous_day_high:12327:g1,"[""structural_level"",""R:previous_day_high:12327:g1""]:approach","[""structural_level"",""R:previous_day_high:12327:g1""]:cross:quote:1790457778311:1",2026-09-27T00:22:39.822+03:00,268893,269694,True,True,False,False,4,1,8,269602;269615;269625;269641;269667;269670;269685;269689,economic_safety: absolute_net_reward_risk: net reward/risk 0.4717 < hard minimum 1.0000 | economic_safety: absolute_net_reward_risk: net reward/risk 0.4676 < hard minimum 1.0000 | economic_safety: impulse first take cannot cover planned costs/profit floor | economic_safety: absolute_net_reward_risk: net reward/risk 0.4014 < hard minimum 1.0000 | economic_safety: absolute_net_reward_risk: net reward/risk 0.5612 < hard minimum 1.0000 | economic_safety: absolute_net_reward_risk: net reward/risk 0.5617 < hard minimum 1.0000 | economic_safety: absolute_net_reward_risk: net reward/risk 0.5753 < hard minimum 1.0000 | economic_safety: absolute_net_reward_risk: net reward/risk 0.4090 < hard minimum 1.0000,INVALIDATED,price left frozen entry area; no chase after risk refusal,economics_reject
ZECUSDT:scenario:32,ZECUSDT,weak_level_rejection,short,R:day_high:2026-09-26:g1,"[""structural_level"",""R:day_high:2026-09-26:g1""]:failed:quote:1790457753463:10","[""structural_level"",""R:day_high:2026-09-26:g1""]:failed:quote:1790457753463:10",2026-09-27T00:23:00.151+03:00,269793,269839,False,False,False,False,0,0,0,,,INVALIDATED,assigned_object_no_longer_preparable,trigger_not_met
ZECUSDT:scenario:33,ZECUSDT,weak_level_rejection,short,R:day_high:2026-09-26:g1,"[""structural_level"",""R:day_high:2026-09-26:g1""]:failed:quote:1790457753463:10","[""structural_level"",""R:day_high:2026-09-26:g1""]:failed:quote:1790457753463:10",2026-09-27T00:23:34.756+03:00,271387,272293,False,False,False,False,0,0,0,,,INVALIDATED,assigned_object_no_longer_preparable,trigger_not_met
XRPUSDT:scenario:23,XRPUSDT,weak_level_rejection,short,R:resistance:698:g2,"[""structural_level"",""R:resistance:698:g2""]:approach","[""structural_level"",""R:resistance:698:g2""]:approach",2026-09-27T00:24:08.896+03:00,272756,287981,True,False,False,False,0,0,0,,,EXPIRED,scenario_expired,trigger_not_met
NEARUSDT:scenario:26,NEARUSDT,weak_level_rejection,short,R:resistance:2633:g1,"[""structural_level"",""R:resistance:2633:g1""]:failed:quote:1790457864215:1","[""structural_level"",""R:resistance:2633:g1""]:failed:quote:1790457864215:1",2026-09-27T00:24:21.897+03:00,273388,278717,True,False,False,False,0,0,0,,,INVALIDATED,price_left_preparation_area,late_or_exhausted
ZECUSDT:scenario:34,ZECUSDT,level_breakout,long,R:day_high:2026-09-26:g1,"[""structural_level"",""R:day_high:2026-09-26:g1""]:cross:quote:1790457872700:11","[""structural_level"",""R:day_high:2026-09-26:g1""]:cross:quote:1790457872700:11",2026-09-27T00:24:30.275+03:00,273758,273778,True,False,False,False,0,0,0,,,INVALIDATED,observed_failed_break_changed_market_basis,trigger_not_met
ZECUSDT:scenario:35,ZECUSDT,level_breakout,long,R:day_high:2026-09-26:g1,"[""structural_level"",""R:day_high:2026-09-26:g1""]:cross:quote:1790457873064:12","[""structural_level"",""R:day_high:2026-09-26:g1""]:cross:quote:1790457873064:12",2026-09-27T00:24:30.639+03:00,273785,273814,True,False,False,False,0,0,0,,,INVALIDATED,observed_failed_break_changed_market_basis,trigger_not_met
ZECUSDT:scenario:36,ZECUSDT,weak_level_rejection,short,R:day_high:2026-09-26:g1,"[""structural_level"",""R:day_high:2026-09-26:g1""]:failed:quote:1790457873064:12","[""structural_level"",""R:day_high:2026-09-26:g1""]:failed:quote:1790457879914:15",2026-09-27T00:24:31.126+03:00,273819,274295,True,False,False,False,0,3,0,,,INVALIDATED,price_left_preparation_area,late_or_exhausted
ZECUSDT:scenario:37,ZECUSDT,level_breakout,long,R:day_high:2026-09-26:g1,"[""structural_level"",""R:day_high:2026-09-26:g1""]:cross:quote:1790457880576:16","[""structural_level"",""R:day_high:2026-09-26:g1""]:cross:quote:1790457880576:16",2026-09-27T00:24:46.598+03:00,274604,274613,False,False,False,False,0,0,0,,,INVALIDATED,assigned_object_no_longer_preparable,trigger_not_met
ZECUSDT:scenario:38,ZECUSDT,weak_level_rejection,short,R:day_high:2026-09-26:g1,"[""structural_level"",""R:day_high:2026-09-26:g1""]:failed:quote:1790457880576:16","[""structural_level"",""R:day_high:2026-09-26:g1""]:failed:quote:1790457899867:22",2026-09-27T00:24:52.492+03:00,274925,277932,True,True,True,True,1,6,0,,,COMPLETED,stop,executed
ENAUSDT:scenario:24,ENAUSDT,level_breakout,long,R:resistance:-2185:g1,"[""structural_level"",""R:resistance:-2185:g1""]:cross:quote:1790457903267:1","[""structural_level"",""R:resistance:-2185:g1""]:cross:quote:1790457903267:1",2026-09-27T00:25:00.836+03:00,275410,278682,True,True,False,False,3,0,15,275634;275658;275670;275684;275698;275715;275734;275750;275781;275794;275810;275827;275869;275905;277196,economic_gate: winner_cost_share 3.754 > maximum 0.350 | economic_gate: winner_cost_share 3.661 > maximum 0.350 | economic_gate: winner_cost_share 3.549 > maximum 0.350 | economic_gate: winner_cost_share 3.533 > maximum 0.350 | economic_gate: winner_cost_share 3.326 > maximum 0.350 | economic_gate: winner_cost_share 3.546 > maximum 0.350 | economic_gate: winner_cost_share 2.977 > maximum 0.350 | economic_gate: winner_cost_share 3.641 > maximum 0.350 | economic_gate: winner_cost_share 5.303 > maximum 0.350 | economic_gate: winner_cost_share 3.909 > maximum 0.350 | economic_gate: winner_cost_share 2.058 > maximum 0.350 | economic_gate: winner_cost_share 2.184 > maximum 0.350 | invalid stop or target distance | invalid stop or target distance after depth adjustment,EXPIRED,scenario_expired,economics_reject
ZECUSDT:scenario:39,ZECUSDT,weak_level_rejection,short,R:day_high:2026-09-26:g1,"[""structural_level"",""R:day_high:2026-09-26:g1""]:failed:quote:1790457900899:23","[""structural_level"",""R:day_high:2026-09-26:g1""]:failed:quote:1790457900899:23",2026-09-27T00:26:04.099+03:00,278646,279891,False,False,False,False,0,0,0,,,INVALIDATED,assigned_object_no_longer_preparable,trigger_not_met
BTCUSDT:scenario:29,BTCUSDT,level_breakout,long,R:resistance:18906:g1,"[""structural_level"",""R:resistance:18906:g1""]:approach","[""structural_level"",""R:resistance:18906:g1""]:approach",2026-09-27T00:27:14.231+03:00,282055,284195,True,False,False,False,0,0,0,,,INVALIDATED,price_left_preparation_area,late_or_exhausted
ZECUSDT:scenario:40,ZECUSDT,weak_level_rejection,short,R:day_high:2026-09-26:g1,"[""structural_level"",""R:day_high:2026-09-26:g1""]:failed:quote:1790457900899:23","[""structural_level"",""R:day_high:2026-09-26:g1""]:failed:quote:1790457900899:23",2026-09-27T00:27:50.995+03:00,283964,284273,False,False,False,False,0,0,0,,,INVALIDATED,assigned_object_no_longer_preparable,trigger_not_met
ETHUSDT:scenario:25,ETHUSDT,weak_level_rejection,short,R:resistance:13163:g1,"[""structural_level"",""R:resistance:13163:g1""]:failed:quote:1790458054574:2","[""structural_level"",""R:resistance:13163:g1""]:failed:quote:1790458054574:2",2026-09-27T00:27:55.224+03:00,284200,300195,True,False,False,False,0,0,0,,,EXPIRED,scenario_expired,trigger_not_met
BTCUSDT:scenario:30,BTCUSDT,level_breakout,long,R:resistance:18906:g1,"[""structural_level"",""R:resistance:18906:g1""]:approach","[""structural_level"",""R:resistance:18906:g1""]:approach",2026-09-27T00:28:13.804+03:00,285231,285578,True,False,False,False,0,0,0,,,INVALIDATED,price_left_preparation_area,late_or_exhausted
BTCUSDT:scenario:31,BTCUSDT,level_breakout,long,R:resistance:18906:g1,"[""structural_level"",""R:resistance:18906:g1""]:approach","[""structural_level"",""R:resistance:18906:g1""]:approach",2026-09-27T00:29:06.838+03:00,287851,290936,True,False,False,False,0,0,0,,,INVALIDATED,price_left_preparation_area,late_or_exhausted
XRPUSDT:scenario:24,XRPUSDT,level_breakout,long,R:resistance:703:g1,"[""structural_level"",""R:resistance:703:g1""]:approach","[""structural_level"",""R:resistance:703:g1""]:approach",2026-09-27T00:29:09.232+03:00,287986,304177,True,False,False,False,0,0,0,,,EXPIRED,scenario_expired,trigger_not_met
ZECUSDT:scenario:41,ZECUSDT,level_breakout,long,R:day_high:2026-09-26:g1,"[""structural_level"",""R:day_high:2026-09-26:g1""]:cross:quote:1790458152645:24","[""structural_level"",""R:day_high:2026-09-26:g1""]:cross:quote:1790458152645:24",2026-09-27T00:29:10.182+03:00,288032,288181,True,True,False,False,2,0,5,288108;288124;288128;288145;288162,economic_safety: absolute_net_reward_risk: net reward/risk 0.5945 < hard minimum 1.0000 | economic_safety: absolute_net_reward_risk: net reward/risk 0.6226 < hard minimum 1.0000 | economic_safety: absolute_net_reward_risk: net reward/risk 0.5457 < hard minimum 1.0000 | economic_safety: absolute_net_reward_risk: net reward/risk 0.4367 < hard minimum 1.0000 | setup expired: entry drift 8.4 bps > 8.0 bps,INVALIDATED,price left frozen entry area; no chase after risk refusal,economics_reject
NEARUSDT:scenario:27,NEARUSDT,weak_level_rejection,short,R:resistance:2651:g1,"[""structural_level"",""R:resistance:2651:g1""]:failed:quote:1790458236866:1","[""structural_level"",""R:resistance:2651:g1""]:failed:quote:1790458237810:4",2026-09-27T00:30:34.451+03:00,292702,294138,True,False,False,False,0,3,0,,,INVALIDATED,assigned_market_object_disappeared,trigger_not_met
BTCUSDT:scenario:32,BTCUSDT,level_breakout,long,R:resistance:18906:g1,"[""structural_level"",""R:resistance:18906:g1""]:cross:quote:1790458204015:1","[""structural_level"",""R:resistance:18906:g1""]:cross:quote:1790458204015:1",2026-09-27T00:30:51.134+03:00,293667,305509,True,False,False,False,0,0,0,,,INVALIDATED,price_left_preparation_area,late_or_exhausted
SOLUSDT:scenario:25,SOLUSDT,level_breakout,long,R:resistance:8003:g1,"[""structural_level"",""R:resistance:8003:g1""]:approach","[""structural_level"",""R:resistance:8003:g1""]:approach",2026-09-27T00:32:59.069+03:00,300389,315488,True,False,False,False,0,0,0,,,EXPIRED,scenario_expired,trigger_not_met
XRPUSDT:scenario:25,XRPUSDT,level_breakout,long,R:resistance:703:g1,"[""structural_level"",""R:resistance:703:g1""]:cross:quote:1790458473603:1","[""structural_level"",""R:resistance:703:g1""]:cross:quote:1790458494125:4",2026-09-27T00:34:31.173+03:00,305214,310004,True,True,False,False,1,3,1,306723,economic_safety: impulse first take cannot cover planned costs/profit floor,EXPIRED,scenario_expired,late_or_exhausted
ETHUSDT:scenario:26,ETHUSDT,level_breakout,long,R:resistance:13165:g1,"[""structural_level"",""R:resistance:13165:g1""]:approach","[""structural_level"",""R:resistance:13165:g1""]:cross:quote:1790458494278:1",2026-09-27T00:34:36.367+03:00,305523,306734,True,False,False,False,0,1,0,,,INVALIDATED,price_left_preparation_area,late_or_exhausted
ETHUSDT:scenario:27,ETHUSDT,level_breakout,long,R:resistance:13166:g1,"[""structural_level"",""R:resistance:13166:g1""]:approach","[""structural_level"",""R:resistance:13166:g1""]:approach",2026-09-27T00:34:59.127+03:00,306783,310589,True,False,False,False,0,0,0,,,INVALIDATED,price_left_preparation_area,late_or_exhausted
