trade_id,symbol,side,basis,reference_entry,entry_quote_sequence,entry_quote_age_s,quantity,reference_method,horizon_s,status,input_sequence,quote_age_s,exit_vwap,gross_bps
T01,ZECUSDT,long,first_ready,1576.3732110091742,9504797,0.0510513000190258,1.09,available_L50_VWAP_at_signal_no_extra_slippage,5,ok,9526516,0.023261600057594478,1576.7930275229355,2.663179701540841
T01,ZECUSDT,long,first_ready,1576.3732110091742,9504797,0.0510513000190258,1.09,available_L50_VWAP_at_signal_no_extra_slippage,15,ok,9568792,0.008918500039726496,1576.61,1.502112502116404
T01,ZECUSDT,long,first_ready,1576.3732110091742,9504797,0.0510513000190258,1.09,available_L50_VWAP_at_signal_no_extra_slippage,30,ok,9621975,0.1300845000660047,1577.8412844036698,9.312981115403574
T01,ZECUSDT,long,first_ready,1576.3732110091742,9504797,0.0510513000190258,1.09,available_L50_VWAP_at_signal_no_extra_slippage,60,ok,9714184,0.10813589999452233,1578.83,15.58507194659109
T01,ZECUSDT,long,first_ready,1576.3732110091742,9504797,0.0510513000190258,1.09,available_L50_VWAP_at_signal_no_extra_slippage,120,ok,9896621,0.010065200040116906,1578.1027522935779,10.971648543154355
T01,ZECUSDT,long,fill,1576.5284627706421,9504797,0.06195939995814115,1.09,actual_recorded_fill,5,ok,9526516,0.034169699996709824,1576.7930275229355,1.6781476423743946
T01,ZECUSDT,long,fill,1576.5284627706421,9504797,0.06195939995814115,1.09,actual_recorded_fill,15,ok,9568792,0.01982659997884184,1576.61,0.5171947813398248
T01,ZECUSDT,long,fill,1576.5284627706421,9504797,0.06195939995814115,1.09,actual_recorded_fill,30,ok,9621975,0.14099260000512004,1577.8412844036698,8.327294203875901
T01,ZECUSDT,long,fill,1576.5284627706421,9504797,0.06195939995814115,1.09,actual_recorded_fill,60,ok,9714184,0.11904399993363768,1578.83,14.598767378504185
T01,ZECUSDT,long,fill,1576.5284627706421,9504797,0.06195939995814115,1.09,actual_recorded_fill,120,ok,9896621,0.02097329997923225,1578.1027522935779,9.985798291070047
T02,ENAUSDT,long,first_ready,0.26798213137577526,12419929,0.18939670000690967,7901.0,available_L50_VWAP_at_signal_no_extra_slippage,5,ok,12455096,0.19326259999070317,0.2679211163143906,-2.2768332004607927
T02,ENAUSDT,long,first_ready,0.26798213137577526,12419929,0.18939670000690967,7901.0,available_L50_VWAP_at_signal_no_extra_slippage,15,ok,12530098,0.11818260001018643,0.2673812200987217,-22.42355764425774
T02,ENAUSDT,long,first_ready,0.26798213137577526,12419929,0.18939670000690967,7901.0,available_L50_VWAP_at_signal_no_extra_slippage,30,ok,12650761,0.032356000039726496,0.26695421339071,-38.357706157051695
T02,ENAUSDT,long,first_ready,0.26798213137577526,12419929,0.18939670000690967,7901.0,available_L50_VWAP_at_signal_no_extra_slippage,60,ok,12832395,0.26188160001765937,0.26699260093659033,-36.925239533877054
T02,ENAUSDT,long,first_ready,0.26798213137577526,12419929,0.18939670000690967,7901.0,available_L50_VWAP_at_signal_no_extra_slippage,120,ok,13174574,0.02673549996688962,0.26715332489558286,-30.92767700359156
T02,ENAUSDT,long,fill,0.2680267519000127,12419929,0.22775089996866882,7901.0,actual_recorded_fill,5,ok,12456352,0.019863100023940206,0.2678964789267182,-4.860446667021012
T02,ENAUSDT,long,fill,0.2680267519000127,12419929,0.22775089996866882,7901.0,actual_recorded_fill,15,ok,12530098,0.15653679997194558,0.2673812200987217,-24.084603373166757
T02,ENAUSDT,long,fill,0.2680267519000127,12419929,0.22775089996866882,7901.0,actual_recorded_fill,30,ok,12650761,0.07071020000148565,0.26695421339071,-40.016099202768714
T02,ENAUSDT,long,fill,0.2680267519000127,12419929,0.22775089996866882,7901.0,actual_recorded_fill,60,ok,12833658,0.048580999951809645,0.26699260093659033,-38.58387105359351
T02,ENAUSDT,long,fill,0.2680267519000127,12419929,0.22775089996866882,7901.0,actual_recorded_fill,120,ok,13174574,0.06508969992864877,0.26715332489558286,-32.58730698477707
T03,XRPUSDT,long,first_ready,1.512,12610920,0.16332900000270456,3283.7,available_L50_VWAP_at_signal_no_extra_slippage,5,ok,12653060,0.16396260005421937,1.5118,-1.322751322750948
T03,XRPUSDT,long,first_ready,1.512,12610920,0.16332900000270456,3283.7,available_L50_VWAP_at_signal_no_extra_slippage,15,ok,12713761,0.14463180000893772,1.5099,-13.88888888888884
T03,XRPUSDT,long,first_ready,1.512,12610920,0.16332900000270456,3283.7,available_L50_VWAP_at_signal_no_extra_slippage,30,ok,12802205,0.24253769998904318,1.5092,-18.518518518517713
T03,XRPUSDT,long,first_ready,1.512,12610920,0.16332900000270456,3283.7,available_L50_VWAP_at_signal_no_extra_slippage,60,ok,13007330,0.260236700065434,1.5111,-5.952380952379821
T03,XRPUSDT,long,first_ready,1.512,12610920,0.16332900000270456,3283.7,available_L50_VWAP_at_signal_no_extra_slippage,120,ok,13291964,0.101160200079903,1.5072,-31.746031746031633
T03,XRPUSDT,long,fill,1.5124512299999997,12612762,0.10101919993758202,3283.7,actual_recorded_fill,5,ok,12653060,0.33917940000537783,1.5118,-4.305791731212816
T03,XRPUSDT,long,fill,1.5124512299999997,12612762,0.10101919993758202,3283.7,actual_recorded_fill,15,ok,12714697,0.10779769998043776,1.5099,-16.86818027183401
T03,XRPUSDT,long,fill,1.5124512299999997,12612762,0.10101919993758202,3283.7,actual_recorded_fill,30,ok,12803666,0.16838960000313818,1.5092,-21.496428681535562
T03,XRPUSDT,long,fill,1.5124512299999997,12612762,0.10101919993758202,3283.7,actual_recorded_fill,60,ok,13008368,0.168472999939695,1.5111,-8.934040140914368
T03,XRPUSDT,long,fill,1.5124512299999997,12612762,0.10101919993758202,3283.7,actual_recorded_fill,120,ok,13292909,0.058846900006756186,1.5073000000000003,-34.058817222155646
T04,ETHUSDT,long,first_ready,2669.57,12960458,0.32214289996773005,1.84,available_L50_VWAP_at_signal_no_extra_slippage,5,ok,12988810,0.18618850002530962,2670.37,2.996737302261021
T04,ETHUSDT,long,first_ready,2669.57,12960458,0.32214289996773005,1.84,available_L50_VWAP_at_signal_no_extra_slippage,15,ok,13037952,0.18751489999704063,2670.44,3.25895181620961
T04,ETHUSDT,long,first_ready,2669.57,12960458,0.32214289996773005,1.84,available_L50_VWAP_at_signal_no_extra_slippage,30,ok,13113292,0.1666570999659598,2671.48,7.154710309149603
T04,ETHUSDT,long,first_ready,2669.57,12960458,0.32214289996773005,1.84,available_L50_VWAP_at_signal_no_extra_slippage,60,ok,13233521,0.006220899987965822,2671.27,6.368066767306058
T04,ETHUSDT,long,first_ready,2669.57,12960458,0.32214289996773005,1.84,available_L50_VWAP_at_signal_no_extra_slippage,120,ok,13562351,0.17607859999407083,2670.3,2.734522788314653
T04,ETHUSDT,long,fill,2670.0362704076088,12960458,0.3357260999036953,1.84,actual_recorded_fill,5,ok,12988810,0.19977169996127486,2670.37,1.2499065877480398
T04,ETHUSDT,long,fill,2670.0362704076088,12960458,0.3357260999036953,1.84,actual_recorded_fill,15,ok,13037952,0.20109809993300587,2670.44,1.5120753109831853
T04,ETHUSDT,long,fill,2670.0362704076088,12960458,0.3357260999036953,1.84,actual_recorded_fill,30,ok,13113292,0.18024029990192503,2671.48,5.407153484737748
T04,ETHUSDT,long,fill,2670.0362704076088,12960458,0.3357260999036953,1.84,actual_recorded_fill,60,ok,13233521,0.019804099923931062,2671.27,4.620647315036752
T04,ETHUSDT,long,fill,2670.0362704076088,12960458,0.3357260999036953,1.84,actual_recorded_fill,120,ok,13562351,0.18966179993003607,2670.3,0.9877378645173351
T05,ZECUSDT,short,first_ready,1586.8113654618473,19305079,0.1686616000952199,2.49,available_L50_VWAP_at_signal_no_extra_slippage,5,ok,19323345,0.16065730003174394,1589.17,-14.863988180890964
T05,ZECUSDT,short,first_ready,1586.8113654618473,19305079,0.1686616000952199,2.49,available_L50_VWAP_at_signal_no_extra_slippage,15,ok,19353808,0.0005452000768855214,1589.17,-14.863988180890964
T05,ZECUSDT,short,first_ready,1586.8113654618473,19305079,0.1686616000952199,2.49,available_L50_VWAP_at_signal_no_extra_slippage,30,ok,19405578,0.020924600074067712,1589.99,-20.031584139981184
T05,ZECUSDT,short,first_ready,1586.8113654618473,19305079,0.1686616000952199,2.49,available_L50_VWAP_at_signal_no_extra_slippage,60,ok,19505472,0.0411914000287652,1590.7175903614457,-24.616819520077993
T05,ZECUSDT,short,first_ready,1586.8113654618473,19305079,0.1686616000952199,2.49,available_L50_VWAP_at_signal_no_extra_slippage,120,ok,19711526,0.1423866000259295,1591.06,-26.77466667196482
T05,ZECUSDT,short,fill,1586.8413,19305079,0.17621870001312345,2.49,actual_recorded_fill,5,ok,19323345,0.1682143999496475,1589.17,-14.675065490166173
T05,ZECUSDT,short,fill,1586.8413,19305079,0.17621870001312345,2.49,actual_recorded_fill,15,ok,19353808,0.008102299994789064,1589.17,-14.675065490166173
T05,ZECUSDT,short,fill,1586.8413,19305079,0.17621870001312345,2.49,actual_recorded_fill,30,ok,19405578,0.028481699991971254,1589.99,-19.84256396654116
T05,ZECUSDT,short,fill,1586.8413,19305079,0.17621870001312345,2.49,actual_recorded_fill,60,ok,19505472,0.048748499946668744,1590.7175903614457,-24.42771284970835
T05,ZECUSDT,short,fill,1586.8413,19305079,0.17621870001312345,2.49,actual_recorded_fill,120,ok,19711526,0.14994369994383305,1591.06,-26.58551929547004
T06,ZECUSDT,short,first_ready,1639.7920999999997,23043281,0.048662600107491016,1.0,available_L50_VWAP_at_signal_no_extra_slippage,5,ok,23065853,0.11372440005652606,1640.7240000000004,-5.683037502135502
T06,ZECUSDT,short,first_ready,1639.7920999999997,23043281,0.048662600107491016,1.0,available_L50_VWAP_at_signal_no_extra_slippage,15,ok,23109103,0.17329590010922402,1645.0,-31.759513904234815
T06,ZECUSDT,short,first_ready,1639.7920999999997,23043281,0.048662600107491016,1.0,available_L50_VWAP_at_signal_no_extra_slippage,30,ok,23177193,0.7491136000026017,1650.06,-62.617084202323255
T06,ZECUSDT,short,first_ready,1639.7920999999997,23043281,0.048662600107491016,1.0,available_L50_VWAP_at_signal_no_extra_slippage,60,ok,23313281,0.19371710007544607,1645.8228,-36.777223161401636
T06,ZECUSDT,short,first_ready,1639.7920999999997,23043281,0.048662600107491016,1.0,available_L50_VWAP_at_signal_no_extra_slippage,120,ok,23569947,0.1546077000675723,1645.67,-35.84539771840811
T06,ZECUSDT,short,fill,1639.7282107799997,23043281,0.06065700005274266,1.0,actual_recorded_fill,5,ok,23065853,0.1257188000017777,1640.7240000000004,-6.072891918635914
T06,ZECUSDT,short,fill,1639.7282107799997,23043281,0.06065700005274266,1.0,actual_recorded_fill,15,ok,23109103,0.18529030005447567,1645.0,-32.15038434627226
T06,ZECUSDT,short,fill,1639.7282107799997,23043281,0.06065700005274266,1.0,actual_recorded_fill,30,ok,23177193,0.7611079999478534,1650.06,-63.00915695708787
T06,ZECUSDT,short,fill,1639.7282107799997,23043281,0.06065700005274266,1.0,actual_recorded_fill,60,ok,23313281,0.2057115000206977,1645.8228,-37.16828910994341
T06,ZECUSDT,short,fill,1639.7282107799997,23043281,0.06065700005274266,1.0,actual_recorded_fill,120,ok,23569947,0.16660210001282394,1645.67,-36.23642735995914
